GN,Enzyme,start_cleavage_site,end_cleavage_site,average_cleavage_score,length_of_peptide,peptide,peptide_proteins_domains
COL16A1, cathepsin K  and  elastase-2 ,282,289,1.165,7,EEPQNSE,COL16A1( )
COL16A1, cathepsin K  and  matrix metallopeptidase-9 ,98,103,1.1600000000000001,5,EEFAL,COL16A1( );CD109( )
COL16A1, matrix metallopeptidase-9  and  cathepsin K ,95,98,1.035,3,GLP,HMCN2( );FRAS1( );TNXB( );TNC( );COL7A1( );FBN2( );COMP( );ELN( );ASPN( );SRPX( );LTBP4( );LAMA5( );LAMA3( );FBLN2( );FGB( );COL1A2( );COL1A1( );COL2A1( );FBN1( );COL5A2( );COL18A1( );LUM(LRR 6);THBS3( );FMOD( );COL3A1( );COL5A1( );COL6A3( );KERA( );PRELP( );DCN( );COL6A5( );COL4A4( );COL12A1( );COL4A1( );COL4A3( );NID1( );COL4A5( );LAMA2( );COL4A6( );COL14A1( );COL6A1( );COL4A2( );COL16A1( );BGN( );COL6A6( );COL6A2( );LRG1( );COLQ( );COL15A1( );COL17A1( );LAD1( );ATP5B( );NENF( );RPL23( );ITIH4( );CHGA( );CLCA4( );CSPG4( );DAG1( );ITIH3( );TFRC( );PMEL( );SERPINF2( );HNRNPU( );C1QB( );HPSE( );DYNC1H1( );VWA8( );EPO( );FLNA( );CD14( );FGF3( );KDR( );KARS( );LRPAP1( );CDSN( );FGFR3( );IDE( );ERAP1( );MMP28(Hemopexin 1);MMP11(Hemopexin 1);ACE2( );MMP19(Hemopexin 1);MMP14(Hemopexin 1);MMP9( );HLA-C( );AHSG( );C1QC( );PPT1( );IGHG4( );CRTAP( );APOB( );HSPB1( );MMP2( );C9( );TEK( );PROS1( );LOXL1( );IGHG2( );IL17C( );SPINT1( );RBP4( );AFM( );PRKDC( );LCN2( );FGFR4( );PRL( );KLKB1( );ADAMTS17( );ANG( );PSAPL1( );TG( );FLT1( );TLR9( );FGFR1( );FGFR2( );CD55( );PRLR( );NRP1( );IGF2-AS( );CFHR3( );F2( );HGFAC( );LOX( );DEFB4A( );LYNX1( );HGF( );CFH(Sushi 16)
COL16A1, matrix metallopeptidase-3  and  cathepsin K ,95,98,0.96,3,GLP,HMCN2( );FRAS1( );TNXB( );TNC( );COL7A1( );FBN2( );COMP( );ELN( );ASPN( );SRPX( );LTBP4( );LAMA5( );LAMA3( );FBLN2( );FGB( );COL1A2( );COL1A1( );COL2A1( );FBN1( );COL5A2( );COL18A1( );LUM(LRR 6);THBS3( );FMOD( );COL3A1( );COL5A1( );COL6A3( );KERA( );PRELP( );DCN( );COL6A5( );COL4A4( );COL12A1( );COL4A1( );COL4A3( );NID1( );COL4A5( );LAMA2( );COL4A6( );COL14A1( );COL6A1( );COL4A2( );COL16A1( );BGN( );COL6A6( );COL6A2( );LRG1( );COLQ( );COL15A1( );COL17A1( );LAD1( );ATP5B( );NENF( );RPL23( );ITIH4( );CHGA( );CLCA4( );CSPG4( );DAG1( );ITIH3( );TFRC( );PMEL( );SERPINF2( );HNRNPU( );C1QB( );HPSE( );DYNC1H1( );VWA8( );EPO( );FLNA( );CD14( );FGF3( );KDR( );KARS( );LRPAP1( );CDSN( );FGFR3( );IDE( );ERAP1( );MMP28(Hemopexin 1);MMP11(Hemopexin 1);ACE2( );MMP19(Hemopexin 1);MMP14(Hemopexin 1);MMP9( );HLA-C( );AHSG( );C1QC( );PPT1( );IGHG4( );CRTAP( );APOB( );HSPB1( );MMP2( );C9( );TEK( );PROS1( );LOXL1( );IGHG2( );IL17C( );SPINT1( );RBP4( );AFM( );PRKDC( );LCN2( );FGFR4( );PRL( );KLKB1( );ADAMTS17( );ANG( );PSAPL1( );TG( );FLT1( );TLR9( );FGFR1( );FGFR2( );CD55( );PRLR( );NRP1( );IGF2-AS( );CFHR3( );F2( );HGFAC( );LOX( );DEFB4A( );LYNX1( );HGF( );CFH(Sushi 16)
COL16A1, cathepsin K  and  matrix metallopeptidase-7 ,98,103,1.005,5,EEFAL,COL16A1( );CD109( )
COL16A1, matrix metallopeptidase-9  and  cathepsin K ,233,236,0.945,3,LVL,ECM1( );HMCN2( );FRAS1( );TNXB( );COL7A1( );LAMC2( );VWF(VWFA 2);HSPG2( );LTBP4( );LAMA5( );CTGF( );LAMA3( );LAMB2( );EFEMP1( );COL2A1( );LAMC1( );THBS4( );FGA( );EFEMP2( );COL18A1( );THBS2( );VCAN( );COL6A3( );TGFBI( );PRELP( );COL6A5( );COL4A4( );IGFBP3( );LAMB1( );COL4A3( );COL16A1( );BGN( );COL6A6( );LAMB3( );LRG1( );LAMA4( );SRGN( );KRTDAP( );HSPA5( );HSPD1( );SERPINF1( );C1QBP( );CKAP4( );ATP5B( );MYH9( );NENF( );TLN1( );CD34( );HSP90B1( );VIP( );ITIH4( );CCT6A( );CLCA4( );CSPG4( );CAMP( );HSD17B11( );DAG1( );SERPINA5( );PMEL( );SHH( );CSTA( );ITIH2( );SERPINF2( );RPL27( );RPN1( );GBP1( );PZP( );EIF4A1( );P4HB( );CANX( );DYNC1H1( );SOGA1( );VWA8( );IL6( );DSG1( );CXCL9( );PFKP( );PGLYRP2( );AGT( );SERPINI1( );C3( );PLEC( );COPA( );CALCA( );EPHB4( );PI16( );CD14( );SERPINA6( );KDR( );CPQ( );GANAB( );A2M( );SERPINA7( );CLTC( );ITIH5( );SERPINE1( );PIP( );SERPING1( );MMP14( );CFD( );CTSV( );NECTIN1( );MMP9( );SERPINA3( );TNFSF15( );PROCR(Helical);SLC25A6( );AHSG( );C2( );SLTM( );ITIH1( );MMP10( );ANGPT2( );SLC25A5( );APOB( );OLFML1( );SERPINC1( );LIF( );QPCT( );CD209( );TSLP( );ST14( );TEK( );PROS1( );GBA( );IL17C( );SPINT1( );RAN( );CD40( );IL33( );TGFB1( );CELA1( );IL10( );CD8B( );FGFR4(Protein kinase);AMBP( );HPX( );CASP4( );ADAMTS17( );TG( );FLT1( );GRP( );LYZ( );IL4R( );IL17A( );TLR9( );FGFR1(Protein kinase);LTF( );CD55( );PRLR( );NRP1( );GDNF( );WFDC12( );SFRP5( );CFB( );IGF2-AS( );CTSB( );HGFAC( );ALB( );ESR2( );HRG( );CXCL12( );TNFRSF1A( );INHBA( );PI3( );CD59( );HGF( )
COL16A1, matrix metallopeptidase-7  and  cathepsin K ,232,236,1.01,4,ELVL,COL16A1( );RPN1( );PLEC( )
COL16A1, matrix metallopeptidase-7  and  cathepsin K ,233,236,0.975,3,LVL,ECM1( );HMCN2( );FRAS1( );TNXB( );COL7A1( );LAMC2( );VWF(VWFA 2);HSPG2( );LTBP4( );LAMA5( );CTGF( );LAMA3( );LAMB2( );EFEMP1( );COL2A1( );LAMC1( );THBS4( );FGA( );EFEMP2( );COL18A1( );THBS2( );VCAN( );COL6A3( );TGFBI( );PRELP( );COL6A5( );COL4A4( );IGFBP3( );LAMB1( );COL4A3( );COL16A1( );BGN( );COL6A6( );LAMB3( );LRG1( );LAMA4( );SRGN( );KRTDAP( );HSPA5( );HSPD1( );SERPINF1( );C1QBP( );CKAP4( );ATP5B( );MYH9( );NENF( );TLN1( );CD34( );HSP90B1( );VIP( );ITIH4( );CCT6A( );CLCA4( );CSPG4( );CAMP( );HSD17B11( );DAG1( );SERPINA5( );PMEL( );SHH( );CSTA( );ITIH2( );SERPINF2( );RPL27( );RPN1( );GBP1( );PZP( );EIF4A1( );P4HB( );CANX( );DYNC1H1( );SOGA1( );VWA8( );IL6( );DSG1( );CXCL9( );PFKP( );PGLYRP2( );AGT( );SERPINI1( );C3( );PLEC( );COPA( );CALCA( );EPHB4( );PI16( );CD14( );SERPINA6( );KDR( );CPQ( );GANAB( );A2M( );SERPINA7( );CLTC( );ITIH5( );SERPINE1( );PIP( );SERPING1( );MMP14( );CFD( );CTSV( );NECTIN1( );MMP9( );SERPINA3( );TNFSF15( );PROCR(Helical);SLC25A6( );AHSG( );C2( );SLTM( );ITIH1( );MMP10( );ANGPT2( );SLC25A5( );APOB( );OLFML1( );SERPINC1( );LIF( );QPCT( );CD209( );TSLP( );ST14( );TEK( );PROS1( );GBA( );IL17C( );SPINT1( );RAN( );CD40( );IL33( );TGFB1( );CELA1( );IL10( );CD8B( );FGFR4(Protein kinase);AMBP( );HPX( );CASP4( );ADAMTS17( );TG( );FLT1( );GRP( );LYZ( );IL4R( );IL17A( );TLR9( );FGFR1(Protein kinase);LTF( );CD55( );PRLR( );NRP1( );GDNF( );WFDC12( );SFRP5( );CFB( );IGF2-AS( );CTSB( );HGFAC( );ALB( );ESR2( );HRG( );CXCL12( );TNFRSF1A( );INHBA( );PI3( );CD59( );HGF( )
COL16A1, cathepsin K  and  matrix metallopeptidase-7 ,236,241,0.96,5,EEGCC,COL16A1( )
COL16A1, granzyme B ({Homo sapiens}-type)  and  cathepsin K ,230,236,0.945,6,DPELVL,COL16A1(Laminin G-like)
COL16A1, cathepsin K  and  cathepsin K ,891,896,1.03,5,GAPGL,COL7A1( );COL1A2( );COL1A1( );COL2A1( );COL5A2( );COL3A1( );COL4A4( );COL4A1( );COL4A5( );COL4A6( );COL4A2( );COL16A1( );COL6A2( );COL15A1( );AHSG( )
COL16A1, matrix metallopeptidase-2  and  cathepsin K ,1356,1361,1.005,5,GKQGF,COL16A1( );APOB( )
COL16A1, matrix metallopeptidase-9  and  cathepsin K ,1356,1361,1.14,5,GKQGF,COL16A1( );APOB( )
COL16A1, cathepsin K  and  cathepsin K ,367,374,1.04,7,DAPLQCA,COL16A1( )
COL16A1, cathepsin K  and  matrix metallopeptidase-2 ,374,378,1.025,4,EGPK,COL1A1( );COL5A2( );COL5A1( );COL4A1( );COL4A5( );COL16A1(Collagen-like 1);SDC1( )
COL16A1, cathepsin K  and  matrix metallopeptidase-9 ,374,378,0.975,4,EGPK,COL1A1( );COL5A2( );COL5A1( );COL4A1( );COL4A5( );COL16A1(Collagen-like 1);SDC1( )
COL16A1, granzyme B ({Homo sapiens}-type)  and  cathepsin K ,367,374,1.0699999999999998,7,DAPLQCA,COL16A1( )
COL16A1, matrix metallopeptidase-3  and  cathepsin K ,565,569,1.02,4,AQHL,COL6A5( );COL16A1( );ATP5B( );TGFB1( )
COL16A1, cathepsin K  and  elastase-2 ,569,574,1.005,5,VSSTG,COL16A1(Collagen-like 2)
COL16A1, elastase-2  and  cathepsin K ,563,569,0.9849999999999999,6,VGAQHL,COL16A1( )
COL16A1, elastase-2  and  cathepsin K ,565,569,0.98,4,AQHL,COL6A5( );COL16A1( );ATP5B( );TGFB1( )
COL16A1, elastase-2  and  cathepsin K ,562,569,0.9349999999999999,7,VVGAQHL,COL16A1( )
COL16A1, cathepsin K  and  cathepsin K ,39,43,0.98,4,EHSS,VCAN( );COL16A1( );VWA5B1( );ATP5B( );MMP14( );APOH( )
COL16A1, cathepsin K  and  matrix metallopeptidase-2 ,43,47,1.0750000000000002,4,SLPA,HSPG2( );COL6A3( );TGFBI( );COL16A1( );DYNC1H1( );A1BG( );A2M( );TLR9(LRR 23);VEGFC( )
COL16A1, cathepsin K  and  matrix metallopeptidase-9 ,43,47,1.025,4,SLPA,HSPG2( );COL6A3( );TGFBI( );COL16A1( );DYNC1H1( );A1BG( );A2M( );TLR9(LRR 23);VEGFC( )
COL16A1, cathepsin K  and  matrix metallopeptidase-3 ,43,47,0.98,4,SLPA,HSPG2( );COL6A3( );TGFBI( );COL16A1( );DYNC1H1( );A1BG( );A2M( );TLR9(LRR 23);VEGFC( )
COL16A1, matrix metallopeptidase-7  and  cathepsin K ,37,43,0.93,6,KLEHSS,COL16A1( )
COL16A1, cathepsin K  and  elastase-2 ,1465,1469,0.9,4,PMEM,COL16A1( )
COL16A1, cathepsin K  and  cathepsin G ,1465,1468,0.9650000000000001,3,PME,HMCN2( );LAMA5( );SPARC(EF-hand);KERA( );COL12A1( );COL16A1( );LAMA4( );VWA5B1( );HYOU1( );CDH1( );HSP90B1( );ITIH4( );HSP90AA1( );DAG1( );SERPINF2( );HNRNPU( );SERPINA12( );ST14( );PENK( );POTEKP( );PRKDC( );A2ML1( )
COL16A1, cathepsin K  and  matrix metallopeptidase-2 ,762,768,0.885,6,GQPGLP,COL1A1( );COL18A1( );COL4A4( );COL4A1( );COL4A5( );COL4A2( );COL16A1( );COL15A1( )
COL16A1, cathepsin K  and  elastase-2 ,762,769,0.9650000000000001,7,GQPGLPG,COL1A1( );COL18A1( );COL4A4( );COL4A1( );COL4A5( );COL4A2( );COL16A1( );COL15A1( )
COL16A1, cathepsin K  and  cathepsin K ,1155,1161,0.9550000000000001,6,QGQPGF,COL16A1( )
COL16A1, granzyme B ({Homo sapiens}-type)  and  cathepsin K ,1151,1155,0.9550000000000001,4,DQGF,LTBP2( );COL6A5( );COL4A3( );COL16A1( );HNRNPU( );GANAB( );LOXL1( )
COL16A1, matrix metallopeptidase-2  and  cathepsin K ,567,570,0.96,3,HLV,HMCN2( );FRAS1( );HSPG2( );AEBP1( );LAMB2( );THBS4( );COL18A1( );THBS2( );VCAN( );COL6A3( );COL6A5( );COL16A1( );BGN(LRR 3);COL6A6( );COL15A1( );MYH9( );VCL( );ITIH3( );HPSE( );DYNC1H1( );DPP7( );AGT( );NAMPT( );FLNA( );OLFML3( );SERPINA6( );RNPEP( );TUBB( );TUBB4B( );SERPINA7( );C5( );HLA-C( );APOB( );FLNB( );OLFML1( );QPCT( );C4B( );C4A( );ST14( );SPINT1( );IL33( );PRKDC( );CXADR( );A2ML1( );PRL( );PAPPA( );HPX( );ADAMTS17(Cys-rich);CALU( );P3H1( );KLK6( );RNASE7( );CFH( )
COL16A1, matrix metallopeptidase-9  and  cathepsin K ,567,570,1.02,3,HLV,HMCN2( );FRAS1( );HSPG2( );AEBP1( );LAMB2( );THBS4( );COL18A1( );THBS2( );VCAN( );COL6A3( );COL6A5( );COL16A1( );BGN(LRR 3);COL6A6( );COL15A1( );MYH9( );VCL( );ITIH3( );HPSE( );DYNC1H1( );DPP7( );AGT( );NAMPT( );FLNA( );OLFML3( );SERPINA6( );RNPEP( );TUBB( );TUBB4B( );SERPINA7( );C5( );HLA-C( );APOB( );FLNB( );OLFML1( );QPCT( );C4B( );C4A( );ST14( );SPINT1( );IL33( );PRKDC( );CXADR( );A2ML1( );PRL( );PAPPA( );HPX( );ADAMTS17(Cys-rich);CALU( );P3H1( );KLK6( );RNASE7( );CFH( )
COL16A1, matrix metallopeptidase-3  and  cathepsin K ,565,570,0.9750000000000001,5,AQHLV,COL16A1( )
COL16A1, matrix metallopeptidase-3  and  cathepsin K ,567,570,0.9,3,HLV,HMCN2( );FRAS1( );HSPG2( );AEBP1( );LAMB2( );THBS4( );COL18A1( );THBS2( );VCAN( );COL6A3( );COL6A5( );COL16A1( );BGN(LRR 3);COL6A6( );COL15A1( );MYH9( );VCL( );ITIH3( );HPSE( );DYNC1H1( );DPP7( );AGT( );NAMPT( );FLNA( );OLFML3( );SERPINA6( );RNPEP( );TUBB( );TUBB4B( );SERPINA7( );C5( );HLA-C( );APOB( );FLNB( );OLFML1( );QPCT( );C4B( );C4A( );ST14( );SPINT1( );IL33( );PRKDC( );CXADR( );A2ML1( );PRL( );PAPPA( );HPX( );ADAMTS17(Cys-rich);CALU( );P3H1( );KLK6( );RNASE7( );CFH( )
COL16A1, cathepsin K  and  granzyme B ({Homo sapiens}-type) ,570,577,1.04,7,SSTGASG,COL16A1(Collagen-like 2)
COL16A1, cathepsin K  and  elastase-2 ,570,574,0.96,4,SSTG,FBN2( );COMP( );COL16A1(Collagen-like 2);DMKN( );C4B( );C4A( );TG( );NELL2( )
COL16A1, elastase-2  and  cathepsin K ,563,570,0.94,7,VGAQHLV,COL16A1( )
COL16A1, elastase-2  and  cathepsin K ,565,570,0.935,5,AQHLV,COL16A1( )
COL16A1, cathepsin K  and  cathepsin K ,995,998,0.9750000000000001,3,LSL,HMCN2( );FRAS1( );TNXB( );LAMC2( );FBN2( );VWF( );HSPG2( );ANOS1( );LTBP4( );LGI3( );LAMA5( );LAMA3( );LAMB2( );FBLN2( );LAMC1( );THBS1( );VCAN( );POSTN( );VTN( );DPT( );OGN( );COL4A5( );LAMA2( );COL6A1( );COL16A1( );COL6A6( );LAMB3( );EMILIN1( );COL6A2( );LAMA4( );COL17A1( );GPX3( );KRTDAP( );SCGB1D2( );HSPA5( );APOC1( );APOA4( );SERPINF1( );HYOU1( );HADHA( );HSPA8( );MYH9( );SDC1( );TLN1( );CD34( );HSP90B1( );ITIH4( );NGRN( );TNF(Cytoplasmic);SERPINB5( );CSPG4( );RPL9( );SDCBP( );PDCD6IP( );ANXA1(Annexin 2);DAG1( );ITIH3( );CCT2( );TFRC( );LBP( );SERPINA5( );GPC2( );PZP( );IL5( );HSPA9( );HPSE( );DYNC1H1( );SOGA1( );MAP2K2( );VWA8( );DPP7( );IGLL5( );NAMPT( );EPO( );FLNA( );PLEC( );EPHB4( );IGKV2D-40( );SERPINA6( );FGF3( );CD8A( );ANXA2P2( );KDR( );CPQ( );ANXA2( );GANAB( );GGH( );LGALS3BP( );IL2( );IGLC7( );IL1A( );A2M( );FGFR3( );ERAP1( );SERPINA1( );ITIH5( );IGKV2D-28( );SERPINA4( );ALCAM( );IGLC1( );IGLC6( );MMP11( );CASP1( );ACE2( );SERPING1( );C5( );CTSV( );CHGB( );MMP9( );ORM1( );SERPINA3( );IGKV2-30( );SLTM( );ITIH1( );PPT1( );CREG1( );GSN( );IGHG4( );APOB( );IGHG1( );SERPINC1( );LIF( );ACTG1( );IGHA1( );S100A7( );ORM2( );QPCT( );IGHA2( );C4B( );C4A( );KNG1( );ST14( );AZGP1( );PROS1( );B2M( );GBA( );IGHG2( );ACPP( );IGKV3-20( );POTEKP( );HBEGF( );AFM( );IL13RA2( );PRKDC( );C7( );IGHG3( );A2ML1( );KLK7( );FGFR4(Extracellular);CD163(SRCR 3);PRL( );C8B( );CASP4( );CALU( );TPSD1( );PSAPL1( );IGLC3( );IGLC3( );TG( );FLT1( );TIMP1( );IL17A( );TLR9( );C4BPA( );KLK6( );NELL2( );FGFR2( );NPY( );PRLR( );CCL27( );CFB(Peptidase S1);CCL26( );TNFRSF18( );EGFR( );ESR2( );LOX( );SPINK6( );TNFRSF1A( );FOLR2( );CFH( );PLAUR( )
COL16A1, granzyme B ({Homo sapiens}-type)  and  cathepsin K ,988,995,0.97,7,DNCAQCF,COL16A1( )
COL16A1, cathepsin K  and  granzyme B ({Homo sapiens}-type) ,731,736,0.91,5,QGTVT,COL16A1( );ACTN2( )
COL16A1, cathepsin K  and  cathepsin K ,515,521,0.9650000000000001,6,EGFQNF,COL16A1( )
COL16A1, cathepsin K  and  cathepsin K ,521,525,0.9199999999999999,4,VGLP,COL7A1( );ELN( );COL1A2( );COL1A1( );COL2A1( );COL5A1( );COL4A4( );COL4A1( );COL4A5( );COL4A6( );COL4A2( );COL16A1( );COL17A1( );KDR( );ERAP1( );MMP28(Hemopexin 1);ACE2( )
COL16A1, cathepsin K  and  cathepsin K ,514,521,0.91,7,PEGFQNF,COL16A1( )
COL16A1, matrix metallopeptidase-9  and  cathepsin K ,516,521,1.03,5,GFQNF,COL16A1( )
COL16A1, matrix metallopeptidase-3  and  cathepsin K ,516,521,1.01,5,GFQNF,COL16A1( )
COL16A1, elastase-2  and  cathepsin K ,517,521,0.875,4,FQNF,COL16A1( );GGH( )
COL16A1, cathepsin G  and  cathepsin K ,517,521,0.865,4,FQNF,COL16A1( );GGH( )
COL16A1, cathepsin K  and  cathepsin K ,440,443,0.9450000000000001,3,VGP,ECM1( );HMCN2( );TNXB( );FN1( );TNC( );COL7A1( );LAMC2( );VWF( );ELN( );LAMA5( );CTGF( );EFEMP1( );COL1A2( );COL1A1( );COL2A1( );FBN1( );COL5A2( );COL18A1( );LUM( );THBS2( );VCAN( );COL3A1( );COL5A1( );COL4A4( );COL12A1( );COL4A1( );FBLN1( );COL4A3( );COL4A5( );COL4A6( );COL4A2( );COL16A1( );LAMB3( );LAMA4( );COL15A1( );FGG( );COL17A1( );GPX3( );ATP5B( );SDC4( );NENF( );C1QB( );DYNC1H1( );DSG1(Desmoglein repeat 3);FAM3C( );FLNA( );PLEC( );RNPEP( );A1BG( );CPQ( );KARS( );MYDGF( );FGFR3( );ACTN4( );PON1( );MMP11( );WDR1( );CPA4( );CTSV( );C1QC( );SLTM( );FLNB(Filamin 4);CTSD( );CP( );CTSL( );CTSK( );ACPP( );PRKDC( );EFNA3( );TPSB2( );IL4R( );C4BPA( );NELL2( );PRLR( );NRP1( );CFB( );TPSAB1( );CFH( )
COL16A1, matrix metallopeptidase-9  and  cathepsin K ,438,443,0.86,5,GFVGP,COL16A1( )
COL16A1, matrix metallopeptidase-7  and  cathepsin K ,439,443,0.905,4,FVGP,COL16A1( );A1BG( )
COL16A1, granzyme B ({Homo sapiens}-type)  and  cathepsin K ,436,443,0.925,7,DPGFVGP,COL16A1( )
COL16A1, cathepsin K  and  cathepsin K ,127,134,0.895,7,GYPQISL,COL16A1( )
COL16A1, matrix metallopeptidase-9  and  cathepsin K ,129,134,0.86,5,PQISL,COL16A1( )
COL16A1, elastase-2  and  cathepsin K ,131,134,0.9099999999999999,3,ISL,HMCN2( );FRAS1( );TNC( );FBN2( );HSPG2( );ASPN( );LGI3( );LAMA3( );LAMB2( );ABI3BP( );FBLN2( );COL18A1( );COL6A3( );COL6A5( );DMBT1( );COL12A1( );FBLN1( );COL4A3( );LAMA2( );COL4A6( );COL4A2( );COL16A1( );BGN( );LAMA4( );RPL23( );HSP90B1( );CLCA4( );ANXA1( );ITIH2( );EEF2( );HSPH1( );PRDX1( );NAXE( );PZP( );DYNC1H1( );SFN( );VWA8( );DSG1( );SERPIND1( );C3( );PLEC( );S100A12( );MMP8( );KARS( );GPC1( );A2M( );CLTC( );ACTN4( );IGKV4-1( );ACE2( );C5( );ACTN1( );TNFSF15( );C2( );CRTAP( );CD109( );FLNB( );SOD1( );PKM( );C9( );CRH( );C4B( );C4A( );MUC4( );KNG1( );CTSL( );HPR( );AFM( );FGF7( );PRKDC( );C7( );CELA1( );CD8B( );PAPPA( );RNASE3( );KLKB1( );TG( );P3H1( );ADM2( );LYZ( );TLR9(LRR 3);IL25( );CCL26( );PRSS1( );EGFR( );ALB( );SPINK6( );KLK8( )
COL16A1, cathepsin K  and  cathepsin K ,464,470,0.97,6,GTPGDP,COL16A1( )
COL16A1, matrix metallopeptidase-2  and  cathepsin K ,459,464,0.935,5,GIGLP,COL4A5( );COL16A1( )
COL16A1, elastase-2  and  cathepsin K ,460,464,1.06,4,IGLP,COL4A3( );COL4A5( );COL4A6( );COL14A1( );COL4A2( );COL16A1( );COL17A1( );HNRNPU( );TEK( )
COL16A1, cathepsin K  and  matrix metallopeptidase-2 ,652,656,1.02,4,PGPS,COL7A1( );HSPG2( );COL1A2( );COL1A1( );COL2A1( );COL5A2( );LTBP2( );COL18A1( );COL3A1( );COL5A1( );COL12A1( );COL4A1( );COL4A3( );COL4A5( );COL4A6( );COL4A2( );COL16A1( );EMILIN1( );COL6A2( );COLQ( );COL17A1( );EPHB4( )
COL16A1, matrix metallopeptidase-7  and  cathepsin K ,647,652,0.865,5,RVVAL,COL16A1( )
COL16A1, granzyme B ({Homo sapiens}-type)  and  cathepsin K ,645,652,0.995,7,DVRVVAL,COL16A1( )
COL16A1, elastase-2  and  cathepsin K ,649,652,0.965,3,VAL,ECM1( );HMCN2( );FN1( );FBN2( );VWF( );HSPG2( );SRPX( );LAMA5( );COL18A1( );COL6A3( );MFGE8(EGF-like);VTN( );COL6A5( );COL12A1( );NID1( );COL14A1( );COL6A1( );COL16A1( );COL6A6( );LAMB3( );COL6A2( );LAMA4( );COL15A1( );VWA5B1( );H3F3A( );HYOU1( );ATP5B( );HIST2H3A;( );TLN1( );CCT6A( );SERPINB5( );CSPG4(Laminin G-like 2);ANXA1(Annexin 4);CCT2( );SHH( );SERPINF2( );HSPH1( );IGLV3-19( );RPN1( );PZP( );CANX( );DYNC1H1( );SOGA1( );DSC2( );FAM3C( );IL1B( );HIST1H3A( );FLNA( );PLEC( );COPA( );GPI( );SERPINA6( );A1BG( );ANXA2P2(Annexin 2);KDR( );ANXA2(Annexin 2);GANAB( );LEP( );CTSG( );A2M( );CLTC( );MYDGF( );IGHM( );C5( );NECTIN1( );CLEC3B( );C2( );ADM( );ACE( );CXCL1( );PPT1( );CD109( );IL1RL1( );APOB( );FLNB( );ILK( );OLFML1( );PKM( );S100B( );ACTG1( );RARRES2( );CRH( );C4B( );C4A( );MUC4( );B2M( );KLK14( );POTEKP( );IL17C( );SPINT1( );FGF7( );PRKDC( );CST3( );MANF( );A2ML1( );KLK7( );FGF2( );FGFR4( );CD163( );PAPPA( );HPX( );CXCL8( );TAC1( );TLR9( );FGFR1( );WNT5A( );NELL2( );PRLR(Helical);PRTN3( );CFB( );WFDC5( );EGFR( );TSHB( );TGFA( );DEFA1( );CFH( );DEFA3( )
COL16A1, elastase-2  and  cathepsin K ,648,652,0.865,4,VVAL,FN1( );COL6A3( );NID1( );COL16A1( );PZP( );LEP( );A2M( );NECTIN1( );A2ML1( );EGFR( )
COL16A1, cathepsin K  and  cathepsin K ,512,515,0.95,3,TLP,HMCN2( );FRAS1( );TNXB( );FN1( );TNC( );COL7A1( );LAMC2( );FBN2( );VWF( );LTBP4( );LGI3( );LAMA5( );SPON1( );CTGF( );AEBP1( );LTBP2( );ABI3BP( );FBN1( );LAMC1( );LTBP2( );COL18A1( );VCAN( );COL4A4( );DMBT1( );COL12A1( );COL4A6( );COL14A1(Fibronectin type-III 6);COL4A2( );COL16A1( );COL6A6( );SPP1( );PCOLCE(CUB 2);LRG1( );COL17A1( );VWA5B1( );EMCN( );C1QBP( );SDC1( );TLN1( );CLCA4( );TNFSF12( );PDCD6IP( );DAG1( );TFRC( );LBP( );PZP( );HNRNPU( );P4HB( );HPSE( );DYNC1H1( );VWA8( );PGLYRP2( );EFTUD2( );SERPINA12( );PLEC( );RNPEP( );A1BG( );MMP8( );A2M( );NTF4( );ACTN2( );ACTN4( );IDE( );ACE2( );MMP19( );SERPING1( );C5( );ACTN1( );GHR( );CMA1( );IGHG4( );MELTF( );CD109( );APOB( );FLNB( );CTSD( );AGTR2( );IGHG1( );HSPB1( );CP( );IGHA1( );IGHA2( );C4B( );C4A( );MUC4( );TEK( );IGHG2( );ACPP( );KLK13( );AFM(Albumin 1);CXADR( );C7( );IGHG3( );A2ML1( );FGF2( );KLKB1( );TPSD1( );EFNA3( );TPSB2( );TLR9( );FGFR1( );NTF3( );CCL27( );HGFAC( );ESR2( );VEGFC( );TPSAB1( );CFH( )
COL16A1, cathepsin K  and  matrix metallopeptidase-9 ,512,516,1.0150000000000001,4,TLPE,FRAS1( );TNC( );LAMA5( );VCAN( );COL16A1( );HNRNPU( );VWA8( );PLEC( );ACTN2( );APOB( );TEK(Fibronectin type-III 3);AFM( );KLKB1( );FGFR1( );HGFAC( )
COL16A1, cathepsin K  and  matrix metallopeptidase-3 ,512,516,0.995,4,TLPE,FRAS1( );TNC( );LAMA5( );VCAN( );COL16A1( );HNRNPU( );VWA8( );PLEC( );ACTN2( );APOB( );TEK(Fibronectin type-III 3);AFM( );KLKB1( );FGFR1( );HGFAC( )
COL16A1, granzyme B ({Homo sapiens}-type)  and  cathepsin K ,505,512,0.87,7,DPCEVCP,COL16A1( )
COL16A1, cathepsin K  and  elastase-2 ,512,517,0.86,5,TLPEG,LAMA5( );COL16A1( )
COL16A1, cathepsin K  and  cathepsin G ,512,517,0.85,5,TLPEG,LAMA5( );COL16A1( )
COL16A1, matrix metallopeptidase-2  and  cathepsin K ,1195,1198,0.865,3,GLP,HMCN2( );FRAS1( );TNXB( );TNC( );COL7A1( );FBN2( );COMP( );ELN( );ASPN( );SRPX( );LTBP4( );LAMA5( );LAMA3( );FBLN2( );FGB( );COL1A2( );COL1A1( );COL2A1( );FBN1( );COL5A2( );COL18A1( );LUM(LRR 6);THBS3( );FMOD( );COL3A1( );COL5A1( );COL6A3( );KERA( );PRELP( );DCN( );COL6A5( );COL4A4( );COL12A1( );COL4A1( );COL4A3( );NID1( );COL4A5( );LAMA2( );COL4A6( );COL14A1( );COL6A1( );COL4A2( );COL16A1( );BGN( );COL6A6( );COL6A2( );LRG1( );COLQ( );COL15A1( );COL17A1( );LAD1( );ATP5B( );NENF( );RPL23( );ITIH4( );CHGA( );CLCA4( );CSPG4( );DAG1( );ITIH3( );TFRC( );PMEL( );SERPINF2( );HNRNPU( );C1QB( );HPSE( );DYNC1H1( );VWA8( );EPO( );FLNA( );CD14( );FGF3( );KDR( );KARS( );LRPAP1( );CDSN( );FGFR3( );IDE( );ERAP1( );MMP28(Hemopexin 1);MMP11(Hemopexin 1);ACE2( );MMP19(Hemopexin 1);MMP14(Hemopexin 1);MMP9( );HLA-C( );AHSG( );C1QC( );PPT1( );IGHG4( );CRTAP( );APOB( );HSPB1( );MMP2( );C9( );TEK( );PROS1( );LOXL1( );IGHG2( );IL17C( );SPINT1( );RBP4( );AFM( );PRKDC( );LCN2( );FGFR4( );PRL( );KLKB1( );ADAMTS17( );ANG( );PSAPL1( );TG( );FLT1( );TLR9( );FGFR1( );FGFR2( );CD55( );PRLR( );NRP1( );IGF2-AS( );CFHR3( );F2( );HGFAC( );LOX( );DEFB4A( );LYNX1( );HGF( );CFH(Sushi 16)
COL16A1, matrix metallopeptidase-9  and  cathepsin K ,1195,1198,0.915,3,GLP,HMCN2( );FRAS1( );TNXB( );TNC( );COL7A1( );FBN2( );COMP( );ELN( );ASPN( );SRPX( );LTBP4( );LAMA5( );LAMA3( );FBLN2( );FGB( );COL1A2( );COL1A1( );COL2A1( );FBN1( );COL5A2( );COL18A1( );LUM(LRR 6);THBS3( );FMOD( );COL3A1( );COL5A1( );COL6A3( );KERA( );PRELP( );DCN( );COL6A5( );COL4A4( );COL12A1( );COL4A1( );COL4A3( );NID1( );COL4A5( );LAMA2( );COL4A6( );COL14A1( );COL6A1( );COL4A2( );COL16A1( );BGN( );COL6A6( );COL6A2( );LRG1( );COLQ( );COL15A1( );COL17A1( );LAD1( );ATP5B( );NENF( );RPL23( );ITIH4( );CHGA( );CLCA4( );CSPG4( );DAG1( );ITIH3( );TFRC( );PMEL( );SERPINF2( );HNRNPU( );C1QB( );HPSE( );DYNC1H1( );VWA8( );EPO( );FLNA( );CD14( );FGF3( );KDR( );KARS( );LRPAP1( );CDSN( );FGFR3( );IDE( );ERAP1( );MMP28(Hemopexin 1);MMP11(Hemopexin 1);ACE2( );MMP19(Hemopexin 1);MMP14(Hemopexin 1);MMP9( );HLA-C( );AHSG( );C1QC( );PPT1( );IGHG4( );CRTAP( );APOB( );HSPB1( );MMP2( );C9( );TEK( );PROS1( );LOXL1( );IGHG2( );IL17C( );SPINT1( );RBP4( );AFM( );PRKDC( );LCN2( );FGFR4( );PRL( );KLKB1( );ADAMTS17( );ANG( );PSAPL1( );TG( );FLT1( );TLR9( );FGFR1( );FGFR2( );CD55( );PRLR( );NRP1( );IGF2-AS( );CFHR3( );F2( );HGFAC( );LOX( );DEFB4A( );LYNX1( );HGF( );CFH(Sushi 16)
COL16A1, matrix metallopeptidase-3  and  cathepsin K ,1195,1198,0.855,3,GLP,HMCN2( );FRAS1( );TNXB( );TNC( );COL7A1( );FBN2( );COMP( );ELN( );ASPN( );SRPX( );LTBP4( );LAMA5( );LAMA3( );FBLN2( );FGB( );COL1A2( );COL1A1( );COL2A1( );FBN1( );COL5A2( );COL18A1( );LUM(LRR 6);THBS3( );FMOD( );COL3A1( );COL5A1( );COL6A3( );KERA( );PRELP( );DCN( );COL6A5( );COL4A4( );COL12A1( );COL4A1( );COL4A3( );NID1( );COL4A5( );LAMA2( );COL4A6( );COL14A1( );COL6A1( );COL4A2( );COL16A1( );BGN( );COL6A6( );COL6A2( );LRG1( );COLQ( );COL15A1( );COL17A1( );LAD1( );ATP5B( );NENF( );RPL23( );ITIH4( );CHGA( );CLCA4( );CSPG4( );DAG1( );ITIH3( );TFRC( );PMEL( );SERPINF2( );HNRNPU( );C1QB( );HPSE( );DYNC1H1( );VWA8( );EPO( );FLNA( );CD14( );FGF3( );KDR( );KARS( );LRPAP1( );CDSN( );FGFR3( );IDE( );ERAP1( );MMP28(Hemopexin 1);MMP11(Hemopexin 1);ACE2( );MMP19(Hemopexin 1);MMP14(Hemopexin 1);MMP9( );HLA-C( );AHSG( );C1QC( );PPT1( );IGHG4( );CRTAP( );APOB( );HSPB1( );MMP2( );C9( );TEK( );PROS1( );LOXL1( );IGHG2( );IL17C( );SPINT1( );RBP4( );AFM( );PRKDC( );LCN2( );FGFR4( );PRL( );KLKB1( );ADAMTS17( );ANG( );PSAPL1( );TG( );FLT1( );TLR9( );FGFR1( );FGFR2( );CD55( );PRLR( );NRP1( );IGF2-AS( );CFHR3( );F2( );HGFAC( );LOX( );DEFB4A( );LYNX1( );HGF( );CFH(Sushi 16)
COL16A1, matrix metallopeptidase-7  and  cathepsin K ,1195,1198,0.845,3,GLP,HMCN2( );FRAS1( );TNXB( );TNC( );COL7A1( );FBN2( );COMP( );ELN( );ASPN( );SRPX( );LTBP4( );LAMA5( );LAMA3( );FBLN2( );FGB( );COL1A2( );COL1A1( );COL2A1( );FBN1( );COL5A2( );COL18A1( );LUM(LRR 6);THBS3( );FMOD( );COL3A1( );COL5A1( );COL6A3( );KERA( );PRELP( );DCN( );COL6A5( );COL4A4( );COL12A1( );COL4A1( );COL4A3( );NID1( );COL4A5( );LAMA2( );COL4A6( );COL14A1( );COL6A1( );COL4A2( );COL16A1( );BGN( );COL6A6( );COL6A2( );LRG1( );COLQ( );COL15A1( );COL17A1( );LAD1( );ATP5B( );NENF( );RPL23( );ITIH4( );CHGA( );CLCA4( );CSPG4( );DAG1( );ITIH3( );TFRC( );PMEL( );SERPINF2( );HNRNPU( );C1QB( );HPSE( );DYNC1H1( );VWA8( );EPO( );FLNA( );CD14( );FGF3( );KDR( );KARS( );LRPAP1( );CDSN( );FGFR3( );IDE( );ERAP1( );MMP28(Hemopexin 1);MMP11(Hemopexin 1);ACE2( );MMP19(Hemopexin 1);MMP14(Hemopexin 1);MMP9( );HLA-C( );AHSG( );C1QC( );PPT1( );IGHG4( );CRTAP( );APOB( );HSPB1( );MMP2( );C9( );TEK( );PROS1( );LOXL1( );IGHG2( );IL17C( );SPINT1( );RBP4( );AFM( );PRKDC( );LCN2( );FGFR4( );PRL( );KLKB1( );ADAMTS17( );ANG( );PSAPL1( );TG( );FLT1( );TLR9( );FGFR1( );FGFR2( );CD55( );PRLR( );NRP1( );IGF2-AS( );CFHR3( );F2( );HGFAC( );LOX( );DEFB4A( );LYNX1( );HGF( );CFH(Sushi 16)
COL16A1, cathepsin K  and  cathepsin K ,808,811,0.87,3,PGP,HMCN2( );TNXB( );FN1( );COL7A1( );FBN2( );HSPG2( );ELN( );LTBP4( );LGI3( );AEBP1( );LTBP2( );LAMB2( );MFAP2( );COL1A2( );COL1A1( );COL2A1( );FBN1( );LAMC1( );THBS4( );COL5A2( );LTBP2( );COL18A1( );VCAN( );THBS3( );FMOD( );COL3A1( );COL5A1( );COL6A3( );PRELP( );COL6A5( );COL4A4( );COL12A1( );COL4A1( );COL4A3( );NID1( );COL4A5( );LAMA2( );COL4A6( );COL14A1( );COL6A1( );COL4A2( );COL16A1( );COL6A6( );EMILIN1( );COL6A2( );PCOLCE( );COLQ( );COL15A1( );COL17A1( );VWA5B1( );HYOU1( );ITIH4( );NGRN( );CHGA( );CSPG4( );PDCD6IP( );PMEL( );GPC2( );C1QB( );DYNC1H1( );VWA8( );IGLL5( );POMC( );LGALS3( );HNRNPA2B1( );FLNA(Filamin 24);PLEC( );EPHB4( );RNPEP( );GPC1( );A2M( );FGFR3( );ITIH5( );MMP19( );SERPING1( );MMP14( );PLSCR1( );MMP9( );C1QC( );CXCL1( );MMP1( );MMP10( );CD109( );FLNB( );TEK( );PROS1( );LOXL1( );SEMA3A( );TGFB1( );FGF2( );FGFR4( );PAPPA( );ADAMTS17( );TG( );EFNA3( );PRLR( );SFRP5( );C1S( );VEGFC( );TNFRSF1A( );FOLR2( );VEGFA( );PLAUR( )
COL16A1, elastase-2  and  cathepsin K ,804,808,0.995,4,IQGL,LAMA3( );COL4A5( );COL4A6( );COL14A1( );COL6A1( );COL16A1( );DYNC1H1( );IDE( );MMP14( );ACTN1( );PRKDC( )
COL16A1, cathepsin K  and  granzyme B ({Homo sapiens}-type) ,1341,1346,0.885,5,GEPGT,COL2A1( );COL16A1( );TNFSF12( );GPI( )
COL16A1, cathepsin K  and  elastase-2 ,495,499,0.835,4,GKPG,COL7A1( );AEBP1( );ABI3BP( );COL1A2( );COL1A1( );COL2A1( );COL5A2( );COL18A1( );COL3A1( );COL5A1( );COL4A4( );COL12A1( );COL4A1( );COL4A3( );COL4A5( );COL4A6( );COL6A1( );COL16A1( );COLQ( );COL15A1( );COL17A1( );CHGA( );HNRNPA2B1(RRM 1);PTHLH( );APOB( );F2( )
COL16A1, cathepsin K  and  cathepsin K ,1491,1494,0.875,3,GSP,HMCN2( );TNXB( );FN1( );TNC(Fibronectin type-III 13);COL7A1( );LAMC2( );FBN2( );VWF( );COMP( );HSPG2( );MATN2( );SRPX( );LAMA5( );SPON1( );CTGF( );AEBP1( );LAMA3( );LTBP2( );FBLN2( );COL1A2( );COL1A1( );COL2A1( );FBN1( );COL5A2( );FGA( );LTBP2( );COL18A1( );FMOD(LRRNT);COL3A1( );COL5A1( );COL6A3( );COL6A5( );COL4A4( );DMBT1( );COL12A1(Fibronectin type-III 6);COL4A1( );COL4A3( );NID1(NIDO);COL4A5( );LAMA2( );COL4A6( );COL14A1( );COL6A1( );COL4A2( );COL16A1( );COL6A6( );LAMB3( );EMILIN1( );COL6A2( );LAMA4( );COLQ( );CTHRC1( );COL15A1( );COL17A1( );LAD1( );HSPD1( );SERPINF1( );CDH1( );NENF( );ITIH4( );ITIH3( );SERPINF2( );GPC2( );HPSE( );DYNC1H1( );SOGA1( );DSC2( );VWA8( );DSG1( );PGLYRP2( );IGLL5( );POMC( );EFTUD2( );C3( );HNRNPA2B1( );FLNA( );PLEC( );PI16( );TTR( );GANAB( );IGLC7( );CDSN( );NTF4( );FGFR3( );ITIH5( );SERPINA4( );ALCAM( );IGLC1( );IGLC6( );AHSG( );C2( );SLTM( );MELTF( );CD109( );FLNB( );SERPINC1( );NCAM1( );LIF( );QPCT( );C4B( );C4A( );CD209( );MUC4( );LOXL1( );PRF1( );C1R( );KLK10( );CD8B( );FGF2( );FGFR4( );PRL( );C8B( );KLKB1( );ANG( );TG( );FLT1( );TLR9( );FGFR1( );LTF( );FGFR2( );NTF3( );TNFRSF18( );EDN1( );CFH( )
COL16A1, cathepsin K  and  cathepsin K ,891,898,0.925,7,GAPGLWM,COL16A1( )
COL16A1, cathepsin K  and  cathepsin K ,894,898,0.855,4,GLWM,COL16A1( )
COL16A1, matrix metallopeptidase-9  and  cathepsin K ,894,898,0.86,4,GLWM,COL16A1( )
COL16A1, matrix metallopeptidase-3  and  cathepsin K ,895,898,0.83,3,LWM,VCAN( );COL16A1( );COL17A1( );TREM1( );PTGDS( );TLL1( );TIMP2( )
COL16A1, matrix metallopeptidase-7  and  cathepsin K ,894,898,0.855,4,GLWM,COL16A1( )
COL16A1, matrix metallopeptidase-2  and  cathepsin K ,958,961,0.87,3,DCV,HMCN2( );FBN2( );VWF( );COMP( );LTBP2(EGF-like 15; calcium-binding);THBS1( );VCAN( );NID1( );COL16A1( );KITLG( );PMEL( );EEF2( );HSPH1( );EFTUD2( );HNRNPA2B1( );AHSG( );SLTM( );SLC25A5( );SERPINC1( );C9( );CTSK( );SPINT1( );IL13RA2( );C8B( );PSAPL1( );EGFR( )
COL16A1, cathepsin K  and  matrix metallopeptidase-3 ,961,968,0.83,7,QGQRAHP,COL16A1( )
COL16A1, matrix metallopeptidase-3  and  cathepsin K ,958,961,0.83,3,DCV,HMCN2( );FBN2( );VWF( );COMP( );LTBP2(EGF-like 15; calcium-binding);THBS1( );VCAN( );NID1( );COL16A1( );KITLG( );PMEL( );EEF2( );HSPH1( );EFTUD2( );HNRNPA2B1( );AHSG( );SLTM( );SLC25A5( );SERPINC1( );C9( );CTSK( );SPINT1( );IL13RA2( );C8B( );PSAPL1( );EGFR( )
COL16A1, granzyme B ({Homo sapiens}-type)  and  cathepsin K ,958,961,0.895,3,DCV,HMCN2( );FBN2( );VWF( );COMP( );LTBP2(EGF-like 15; calcium-binding);THBS1( );VCAN( );NID1( );COL16A1( );KITLG( );PMEL( );EEF2( );HSPH1( );EFTUD2( );HNRNPA2B1( );AHSG( );SLTM( );SLC25A5( );SERPINC1( );C9( );CTSK( );SPINT1( );IL13RA2( );C8B( );PSAPL1( );EGFR( )
COL16A1, cathepsin K  and  cathepsin K ,1585,1590,0.935,5,GAMPM,COL16A1( )
COL16A1, cathepsin K  and  cathepsin K ,1580,1585,0.885,5,PSDCF,COL16A1( )
COL16A1, matrix metallopeptidase-2  and  cathepsin K ,1582,1585,1.0,3,DCF,TNC( );LTBP2( );THBS4( );LAMA2( );COL16A1( );SLTM( );GSN( );TLR9(Extracellular)
COL16A1, cathepsin K  and  matrix metallopeptidase-9 ,1585,1588,1.005,3,GAM,TNC( );HSPG2( );LAMA5( );COL5A2( );COL4A4( );COL12A1( );COL4A3( );COL16A1( );EMILIN1( );COL17A1( );HSPD1( );DAG1( );SERPINA5( );RAB8A( );CPQ( );ACTN2( );CLTC( );ERAP1( );SERPINA1( );ACTN1( );TNFSF15( );ITIH1( );TEK(Extracellular);TNFRSF18( )
COL16A1, cathepsin K  and  matrix metallopeptidase-9 ,1585,1590,0.86,5,GAMPM,COL16A1( )
COL16A1, cathepsin K  and  matrix metallopeptidase-7 ,1585,1588,0.925,3,GAM,TNC( );HSPG2( );LAMA5( );COL5A2( );COL4A4( );COL12A1( );COL4A3( );COL16A1( );EMILIN1( );COL17A1( );HSPD1( );DAG1( );SERPINA5( );RAB8A( );CPQ( );ACTN2( );CLTC( );ERAP1( );SERPINA1( );ACTN1( );TNFSF15( );ITIH1( );TEK(Extracellular);TNFRSF18( )
COL16A1, cathepsin K  and  cathepsin G ,1585,1589,0.895,4,GAMP,COL16A1( )
COL16A1, matrix metallopeptidase-2  and  cathepsin K ,205,208,0.9199999999999999,3,HVF,HMCN2( );FRAS1( );COL7A1( );HSPG2( );MATN2( );COL12A1( );COL14A1( );COL16A1( );LAMA4( );TFRC( );EEF2( );RPN1( );TTR( );MMP8( );PROCR( );SLTM( );ST14( );PRKDC( );PAPPA( );CFI( );CFB( );F2( );C1S( );INHBA( )
COL16A1, matrix metallopeptidase-7  and  cathepsin K ,201,208,0.86,7,RPVGHVF,COL16A1( )
COL16A1, cathepsin K  and  granzyme B ({Homo sapiens}-type) ,208,211,0.925,3,LGL,HMCN2( );FRAS1( );TNXB( );TNC( );COL7A1( );LAMC2( );HSPG2( );ASPN( );LAMA5( );AEBP1( );LAMA3( );LTBP2( );LAMB2( );FBLN2( );COL1A2( );MFAP4( );THBS1( );LTBP2( );THBS2( );POSTN( );COL5A1( );COL6A3( );MFGE8( );DCN( );COL6A5( );COL4A4( );NID1( );LAMA2( );COL4A6( );COL4A2( );COL16A1( );BGN( );COL6A6( );COL15A1( );COL17A1( );VWA5B1( );UCN( );RPL23( );HSP90B1( );ITIH4( );SERPINB5( );CSPG4( );CAMP( );TNFSF12( );HSP90AA1( );ENDOD1( );LBP( );SERPINA5( );ITIH2( );SERPINF2( );NAXE( );RPL12( );ARF4( );C1QB( );HPSE( );DYNC1H1( );SFN( );VWA8( );IL6( );DSG1( );PFKP( );IGKV1-33( );DPP7( );SERPIND1( );PGLYRP2( );IGLL5( );IGLV3-21( );IL1B( );SERPINI1( );SERPINA12( );CALR( );EPO( );C3( );FLNA( );PLEC( );IGKV1-17( );IGKV2D-40( );PI16( );MMP8( );ANXA2P2(Annexin 1);CPQ( );IGKV1-5( );ANXA2(Annexin 1);GANAB( );GGH( );LGALS3BP( );IGHV3-7( );A2M( );ACTN2( );SERPINA7( );CLTC( );ITIH5( );PON1( );SERPINE1( );IGKV2D-28( );RAC1( );MMP28( );MMP11( );CASP1( );CPA4( );MMP19( );MMP14( );IGHV3-13( );NECTIN1( );MMP9( );SERPINA3( );IGKV2-30( );CLEC3B( );TNFSF15( );C1QC( );ACE( );LCN1( );MMP1( );PPT1( );MMP10( );GSN( );MELTF( );CD109( );APOB( );FLNB( );MMP2( );LEPROT( );QPCT( );CD209( );ST14( );SPINT1( );CD40( );C1R( );PRKDC( );LCN2( );CST6( );IGKV1D-33( );IGKV1-39( );CD8B( );PAPPA( );HPX( );TF( );IL17F( );RNASE3( );ANG( );PSAPL1( );TG( );GRP( );LYZ( );IL4R( );TLR9(LRR 6);LTF( );TIMP2( );EFNA1( );NPY( );RNASE2( );NRP1( );PLAU( );GDNF( );CFB( );TNFRSF18( );HGFAC( );RETN( );C1S( );RNASE7( );EGFR( );ALB( );TNFRSF1A( );PSAP( );TIMP3( );PLAT( );LYNX1( )
COL16A1, elastase-2  and  cathepsin K ,203,208,0.9299999999999999,5,VGHVF,COL16A1( )
COL16A1, cathepsin K  and  matrix metallopeptidase-9 ,470,477,0.8799999999999999,7,GGPPGPK,COL1A1( );COL5A1( );COL16A1( )
COL16A1, cathepsin K  and  cathepsin K ,363,367,0.855,4,RISP,FBN2( );FBN1( );DMBT1( );COL16A1( );SDC4( );COPA( );MIF( );CLTC( )
COL16A1, matrix metallopeptidase-7  and  cathepsin K ,363,367,0.9650000000000001,4,RISP,FBN2( );FBN1( );DMBT1( );COL16A1( );SDC4( );COPA( );MIF( );CLTC( )
COL16A1, elastase-2  and  cathepsin K ,362,367,1.06,5,VRISP,DMBT1( );COL16A1( )
COL16A1, cathepsin K  and  cathepsin K ,23,30,0.8600000000000001,7,NTGAQCP,COL16A1( )
COL16A1, cathepsin G  and  cathepsin K ,18,23,0.835,5,FGHGA,COL16A1( )
COL16A1, cathepsin K  and  matrix metallopeptidase-3 ,1590,1596,0.8200000000000001,6,EQQYPP,COL16A1( )
COL16A1, cathepsin K  and  matrix metallopeptidase-7 ,1590,1596,0.855,6,EQQYPP,COL16A1( )
COL16A1, matrix metallopeptidase-7  and  cathepsin K ,994,998,0.94,4,FLSL,POSTN( );COL16A1( );APOC1( );TNF(Cytoplasmic);CSPG4( );SERPINA3( );S100A7( );PRKDC( );PRL( );EGFR( )
COL16A1, cathepsin K  and  elastase-2 ,998,1005,0.885,7,ERPRAEE,COL16A1( )
COL16A1, cathepsin G  and  cathepsin K ,995,998,0.9950000000000001,3,LSL,HMCN2( );FRAS1( );TNXB( );LAMC2( );FBN2( );VWF( );HSPG2( );ANOS1( );LTBP4( );LGI3( );LAMA5( );LAMA3( );LAMB2( );FBLN2( );LAMC1( );THBS1( );VCAN( );POSTN( );VTN( );DPT( );OGN( );COL4A5( );LAMA2( );COL6A1( );COL16A1( );COL6A6( );LAMB3( );EMILIN1( );COL6A2( );LAMA4( );COL17A1( );GPX3( );KRTDAP( );SCGB1D2( );HSPA5( );APOC1( );APOA4( );SERPINF1( );HYOU1( );HADHA( );HSPA8( );MYH9( );SDC1( );TLN1( );CD34( );HSP90B1( );ITIH4( );NGRN( );TNF(Cytoplasmic);SERPINB5( );CSPG4( );RPL9( );SDCBP( );PDCD6IP( );ANXA1(Annexin 2);DAG1( );ITIH3( );CCT2( );TFRC( );LBP( );SERPINA5( );GPC2( );PZP( );IL5( );HSPA9( );HPSE( );DYNC1H1( );SOGA1( );MAP2K2( );VWA8( );DPP7( );IGLL5( );NAMPT( );EPO( );FLNA( );PLEC( );EPHB4( );IGKV2D-40( );SERPINA6( );FGF3( );CD8A( );ANXA2P2( );KDR( );CPQ( );ANXA2( );GANAB( );GGH( );LGALS3BP( );IL2( );IGLC7( );IL1A( );A2M( );FGFR3( );ERAP1( );SERPINA1( );ITIH5( );IGKV2D-28( );SERPINA4( );ALCAM( );IGLC1( );IGLC6( );MMP11( );CASP1( );ACE2( );SERPING1( );C5( );CTSV( );CHGB( );MMP9( );ORM1( );SERPINA3( );IGKV2-30( );SLTM( );ITIH1( );PPT1( );CREG1( );GSN( );IGHG4( );APOB( );IGHG1( );SERPINC1( );LIF( );ACTG1( );IGHA1( );S100A7( );ORM2( );QPCT( );IGHA2( );C4B( );C4A( );KNG1( );ST14( );AZGP1( );PROS1( );B2M( );GBA( );IGHG2( );ACPP( );IGKV3-20( );POTEKP( );HBEGF( );AFM( );IL13RA2( );PRKDC( );C7( );IGHG3( );A2ML1( );KLK7( );FGFR4(Extracellular);CD163(SRCR 3);PRL( );C8B( );CASP4( );CALU( );TPSD1( );PSAPL1( );IGLC3( );IGLC3( );TG( );FLT1( );TIMP1( );IL17A( );TLR9( );C4BPA( );KLK6( );NELL2( );FGFR2( );NPY( );PRLR( );CCL27( );CFB(Peptidase S1);CCL26( );TNFRSF18( );EGFR( );ESR2( );LOX( );SPINK6( );TNFRSF1A( );FOLR2( );CFH( );PLAUR( )
COL16A1, matrix metallopeptidase-2  and  cathepsin K ,262,269,0.8600000000000001,7,ELIEINP,COL16A1( )
COL16A1, elastase-2  and  cathepsin K ,264,269,1.025,5,IEINP,COL16A1( )
COL16A1, cathepsin G  and  cathepsin K ,263,269,0.865,6,LIEINP,COL16A1( )
COL16A1, cathepsin K  and  cathepsin K ,887,891,0.905,4,SGMP,COL16A1(Collagen-like 5);DSG1( )
COL16A1, cathepsin K  and  cathepsin K ,886,891,0.865,5,FSGMP,COL16A1(Collagen-like 5)
COL16A1, cathepsin K  and  cathepsin K ,891,894,0.8400000000000001,3,GAP,HMCN2( );FRAS1( );TNXB(Fibronectin type-III 8);ADIPOQ( );COL7A1( );LAMC2( );HSPG2(Ig-like C2-type 13);ANOS1( );LTBP4( );LAMA5( );SPON1( );CTGF(VWFC);AEBP1( );LAMA3( );LTBP2( );LAMB2( );COL1A2( );COL1A1( );COL2A1( );COL5A2( );EFEMP2( );COL18A1( );THBS2( );FMOD( );COL3A1( );COL5A1( );COL6A3( );COL6A5( );COL4A4( );COL12A1(Fibronectin type-III 4);COL4A1( );COL4A3( );COL4A5( );LAMA2( );COL4A6( );COL14A1( );COL6A1( );COL4A2( );COL16A1( );COL6A6( );LAMB3( );EMILIN1( );COL6A2( );LAMA4( );COL15A1( );COL17A1( );VWA5B1( );ATP5B( );HADHA( );HSPA8( );NENF( );NGRN( );CSPG4( );SDCBP( );TNXA( );HNRNPU( );C1QB( );HPSE( );DSC2( );VWA8( );DSG1( );PFKP( );SNCA( );EPO( );LGALS3( );FLNA(Actin-binding);EPHB4(Cys-rich);CPE( );FGF3( );DMKN( );NUCB1( );CDSN( );NTF4( );FGFR3( );ERAP1( );ITIH5( );CHGB( );AHSG( );C1QC( );ADM( );SLTM( );GSN( );MELTF( );IL1RL1( );FLNB( );MMP2( );QPCT( );C4B( );C4A( );LOXL1( );ADAMTSL5( );PRKDC( );KLK7( );HPX( );PSAPL1( );SST( );FGFR1( );NELL2( );PRLR( );IGF2-AS( );FST( );CGA( );EDN1( )
COL16A1, cathepsin K  and  cathepsin K ,888,891,0.81,3,GMP,COL1A1( );COL2A1( );COL5A2( );COL18A1( );COL3A1( );COL5A1( );COL4A4( );COL4A1( );COL4A3( );COL4A5( );COL4A6( );COL14A1( );COL4A2( );COL16A1(Collagen-like 5);COLQ( );COL17A1( );HSPA8( );HNRNPU( );HSPA9( );DSG1( );C3( );C1QC( );MMP10( );PAPPA( );TPSD1( );TPSB2( );TPSAB1( )
COL16A1, cathepsin K  and  matrix metallopeptidase-9 ,891,894,0.845,3,GAP,HMCN2( );FRAS1( );TNXB(Fibronectin type-III 8);ADIPOQ( );COL7A1( );LAMC2( );HSPG2(Ig-like C2-type 13);ANOS1( );LTBP4( );LAMA5( );SPON1( );CTGF(VWFC);AEBP1( );LAMA3( );LTBP2( );LAMB2( );COL1A2( );COL1A1( );COL2A1( );COL5A2( );EFEMP2( );COL18A1( );THBS2( );FMOD( );COL3A1( );COL5A1( );COL6A3( );COL6A5( );COL4A4( );COL12A1(Fibronectin type-III 4);COL4A1( );COL4A3( );COL4A5( );LAMA2( );COL4A6( );COL14A1( );COL6A1( );COL4A2( );COL16A1( );COL6A6( );LAMB3( );EMILIN1( );COL6A2( );LAMA4( );COL15A1( );COL17A1( );VWA5B1( );ATP5B( );HADHA( );HSPA8( );NENF( );NGRN( );CSPG4( );SDCBP( );TNXA( );HNRNPU( );C1QB( );HPSE( );DSC2( );VWA8( );DSG1( );PFKP( );SNCA( );EPO( );LGALS3( );FLNA(Actin-binding);EPHB4(Cys-rich);CPE( );FGF3( );DMKN( );NUCB1( );CDSN( );NTF4( );FGFR3( );ERAP1( );ITIH5( );CHGB( );AHSG( );C1QC( );ADM( );SLTM( );GSN( );MELTF( );IL1RL1( );FLNB( );MMP2( );QPCT( );C4B( );C4A( );LOXL1( );ADAMTSL5( );PRKDC( );KLK7( );HPX( );PSAPL1( );SST( );FGFR1( );NELL2( );PRLR( );IGF2-AS( );FST( );CGA( );EDN1( )
COL16A1, cathepsin K  and  matrix metallopeptidase-3 ,891,895,0.815,4,GAPG,HMCN2( );ADIPOQ( );COL7A1( );LAMB2( );COL1A2( );COL1A1( );COL2A1( );COL5A2( );COL18A1( );COL3A1( );COL5A1( );COL6A3( );COL6A5( );COL4A4( );COL12A1( );COL4A1( );COL4A3( );COL4A5( );COL4A6( );COL14A1( );COL6A1( );COL4A2( );COL16A1( );COL6A6( );EMILIN1( );COL6A2( );COL15A1( );COL17A1( );CSPG4( );HNRNPU( );C1QB( );VWA8( );LGALS3(4; approximate);FLNA( );CDSN( );CHGB( );AHSG( );C1QC( )
COL16A1, cathepsin K  and  matrix metallopeptidase-7 ,891,894,0.8400000000000001,3,GAP,HMCN2( );FRAS1( );TNXB(Fibronectin type-III 8);ADIPOQ( );COL7A1( );LAMC2( );HSPG2(Ig-like C2-type 13);ANOS1( );LTBP4( );LAMA5( );SPON1( );CTGF(VWFC);AEBP1( );LAMA3( );LTBP2( );LAMB2( );COL1A2( );COL1A1( );COL2A1( );COL5A2( );EFEMP2( );COL18A1( );THBS2( );FMOD( );COL3A1( );COL5A1( );COL6A3( );COL6A5( );COL4A4( );COL12A1(Fibronectin type-III 4);COL4A1( );COL4A3( );COL4A5( );LAMA2( );COL4A6( );COL14A1( );COL6A1( );COL4A2( );COL16A1( );COL6A6( );LAMB3( );EMILIN1( );COL6A2( );LAMA4( );COL15A1( );COL17A1( );VWA5B1( );ATP5B( );HADHA( );HSPA8( );NENF( );NGRN( );CSPG4( );SDCBP( );TNXA( );HNRNPU( );C1QB( );HPSE( );DSC2( );VWA8( );DSG1( );PFKP( );SNCA( );EPO( );LGALS3( );FLNA(Actin-binding);EPHB4(Cys-rich);CPE( );FGF3( );DMKN( );NUCB1( );CDSN( );NTF4( );FGFR3( );ERAP1( );ITIH5( );CHGB( );AHSG( );C1QC( );ADM( );SLTM( );GSN( );MELTF( );IL1RL1( );FLNB( );MMP2( );QPCT( );C4B( );C4A( );LOXL1( );ADAMTSL5( );PRKDC( );KLK7( );HPX( );PSAPL1( );SST( );FGFR1( );NELL2( );PRLR( );IGF2-AS( );FST( );CGA( );EDN1( )
COL16A1, elastase-2  and  cathepsin K ,885,891,0.875,6,IFSGMP,COL16A1(Collagen-like 5)
COL16A1, cathepsin G  and  cathepsin K ,886,891,0.9850000000000001,5,FSGMP,COL16A1(Collagen-like 5)
COL16A1, cathepsin K  and  cathepsin G ,891,897,0.885,6,GAPGLW,COL16A1( )
COL16A1, cathepsin K  and  elastase-2 ,515,521,0.92,6,EGFQNF,COL16A1( )
COL16A1, cathepsin K  and  cathepsin K ,887,894,0.835,7,SGMPGAP,COL16A1(Collagen-like 5)
COL16A1, matrix metallopeptidase-2  and  cathepsin K ,883,887,0.9299999999999999,4,DLIF,COL16A1( );HPSE( );DYNC1H1( );MMP8( )
COL16A1, cathepsin K  and  matrix metallopeptidase-9 ,887,894,0.8400000000000001,7,SGMPGAP,COL16A1(Collagen-like 5)
COL16A1, matrix metallopeptidase-3  and  cathepsin K ,883,887,0.915,4,DLIF,COL16A1( );HPSE( );DYNC1H1( );MMP8( )
COL16A1, cathepsin K  and  matrix metallopeptidase-7 ,887,894,0.835,7,SGMPGAP,COL16A1(Collagen-like 5)
COL16A1, granzyme B ({Homo sapiens}-type)  and  cathepsin K ,883,887,0.845,4,DLIF,COL16A1( );HPSE( );DYNC1H1( );MMP8( )
COL16A1, matrix metallopeptidase-7  and  cathepsin K ,1326,1329,0.8200000000000001,3,GLP,HMCN2( );FRAS1( );TNXB( );TNC( );COL7A1( );FBN2( );COMP( );ELN( );ASPN( );SRPX( );LTBP4( );LAMA5( );LAMA3( );FBLN2( );FGB( );COL1A2( );COL1A1( );COL2A1( );FBN1( );COL5A2( );COL18A1( );LUM(LRR 6);THBS3( );FMOD( );COL3A1( );COL5A1( );COL6A3( );KERA( );PRELP( );DCN( );COL6A5( );COL4A4( );COL12A1( );COL4A1( );COL4A3( );NID1( );COL4A5( );LAMA2( );COL4A6( );COL14A1( );COL6A1( );COL4A2( );COL16A1( );BGN( );COL6A6( );COL6A2( );LRG1( );COLQ( );COL15A1( );COL17A1( );LAD1( );ATP5B( );NENF( );RPL23( );ITIH4( );CHGA( );CLCA4( );CSPG4( );DAG1( );ITIH3( );TFRC( );PMEL( );SERPINF2( );HNRNPU( );C1QB( );HPSE( );DYNC1H1( );VWA8( );EPO( );FLNA( );CD14( );FGF3( );KDR( );KARS( );LRPAP1( );CDSN( );FGFR3( );IDE( );ERAP1( );MMP28(Hemopexin 1);MMP11(Hemopexin 1);ACE2( );MMP19(Hemopexin 1);MMP14(Hemopexin 1);MMP9( );HLA-C( );AHSG( );C1QC( );PPT1( );IGHG4( );CRTAP( );APOB( );HSPB1( );MMP2( );C9( );TEK( );PROS1( );LOXL1( );IGHG2( );IL17C( );SPINT1( );RBP4( );AFM( );PRKDC( );LCN2( );FGFR4( );PRL( );KLKB1( );ADAMTS17( );ANG( );PSAPL1( );TG( );FLT1( );TLR9( );FGFR1( );FGFR2( );CD55( );PRLR( );NRP1( );IGF2-AS( );CFHR3( );F2( );HGFAC( );LOX( );DEFB4A( );LYNX1( );HGF( );CFH(Sushi 16)
COL16A1, cathepsin K  and  matrix metallopeptidase-3 ,934,941,0.8200000000000001,7,GQPGLTA,COL16A1(Collagen-like 5)
COL16A1, cathepsin K  and  matrix metallopeptidase-7 ,934,941,0.88,7,GQPGLTA,COL16A1(Collagen-like 5)
COL16A1, cathepsin G  and  cathepsin K ,928,934,0.81,6,GNNGLP,COL16A1( )
COL16A1, cathepsin K  and  matrix metallopeptidase-2 ,440,444,1.005,4,VGPE,TNXB( );COL16A1( );FGG( );ATP5B( );PLEC( );KARS( );PON1( );FLNB(Filamin 4)
COL16A1, cathepsin K  and  matrix metallopeptidase-9 ,440,444,0.835,4,VGPE,TNXB( );COL16A1( );FGG( );ATP5B( );PLEC( );KARS( );PON1( );FLNB(Filamin 4)
COL16A1, cathepsin K  and  matrix metallopeptidase-3 ,440,444,0.845,4,VGPE,TNXB( );COL16A1( );FGG( );ATP5B( );PLEC( );KARS( );PON1( );FLNB(Filamin 4)
COL16A1, cathepsin K  and  matrix metallopeptidase-7 ,440,444,0.9850000000000001,4,VGPE,TNXB( );COL16A1( );FGG( );ATP5B( );PLEC( );KARS( );PON1( );FLNB(Filamin 4)
COL16A1, granzyme B ({Homo sapiens}-type)  and  cathepsin K ,436,440,0.86,4,DPGF,LAMC1( );COL4A4( );COL4A1( );COL4A3( );COL4A6( );COL6A1( );COL4A2( );COL16A1( );DPP7( );PGLYRP2( );MMP2( )
COL16A1, cathepsin K  and  cathepsin G ,440,445,0.895,5,VGPEG,COL16A1( )
COL16A1, matrix metallopeptidase-2  and  cathepsin K ,748,753,0.85,5,GEQGP,COL7A1( );COL1A2( );COL1A1( );COL2A1( );COL5A2( );COL5A1( );COL4A3( );COL4A6( );COL14A1( );COL16A1( )
COL16A1, matrix metallopeptidase-9  and  cathepsin K ,748,753,0.85,5,GEQGP,COL7A1( );COL1A2( );COL1A1( );COL2A1( );COL5A2( );COL5A1( );COL4A3( );COL4A6( );COL14A1( );COL16A1( )
COL16A1, matrix metallopeptidase-9  and  cathepsin K ,1168,1174,0.835,6,GFPGKV,COL16A1( )
COL16A1, matrix metallopeptidase-3  and  cathepsin K ,1168,1174,0.79,6,GFPGKV,COL16A1( )
COL16A1, cathepsin K  and  cathepsin K ,948,952,0.8200000000000001,4,EQHL,FRAS1( );COL16A1( );APOB( );TPSD1( );TPSB2( );IL4R(Extracellular);TPSAB1( )
COL16A1, cathepsin K  and  matrix metallopeptidase-2 ,952,958,0.835,6,LKSICG,COL16A1( )
COL16A1, matrix metallopeptidase-9  and  cathepsin K ,948,952,0.9299999999999999,4,EQHL,FRAS1( );COL16A1( );APOB( );TPSD1( );TPSB2( );IL4R(Extracellular);TPSAB1( )
COL16A1, cathepsin K  and  matrix metallopeptidase-3 ,952,958,0.7949999999999999,6,LKSICG,COL16A1( )
COL16A1, cathepsin K  and  granzyme B ({Homo sapiens}-type) ,952,958,0.86,6,LKSICG,COL16A1( )
COL16A1, cathepsin K  and  cathepsin K ,691,694,0.7949999999999999,3,GDP,HMCN2( );ADIPOQ( );COL7A1( );LAMC2( );FBN2( );HSPG2( );ELN( );LAMA5( );SPON1( );LTBP2( );LAMB2( );FBLN2( );COL1A2( );COL2A1( );FBN1( );LAMC1( );COL5A2( );COL18A1( );COL3A1( );COL5A1( );COL6A3( );TGFBI( );COL6A5( );COL4A4( );COL12A1( );COL4A1( );LAMB1( );COL4A3( );COL4A5( );COL4A6( );COL14A1( );COL6A1( );COL4A2( );COL16A1( );COL6A6( );EMILIN1( );COL6A2( );COL15A1( );COL17A1( );TLN1( );ITIH4( );CSPG4( );CAMP( );DAG1( );ITIH3( );TFRC( );ITIH2( );EEF2( );C1QB( );SOGA1( );IGLL5( );EFTUD2( );FLNA( );IL36G( );GPC1( );HMGB1( );ITIH5( );HMGB2( );WDR1( );IGHV3-13( );C2( );ITIH1( );GLG1( );FLNB( );NCAM1( );MUC4( );LOXL1( );SEMA3A( );RAN( );PRKDC( );PAPPA( );TG( );ADM2( );IL4R( );CFB( );TNFRSF18( );C1S(CUB 2);DEFB4A( )
COL16A1, matrix metallopeptidase-2  and  cathepsin K ,32,39,0.845,7,QQEGLKL,COL16A1( )
COL16A1, matrix metallopeptidase-2  and  cathepsin K ,35,39,0.825,4,GLKL,COL16A1( );BGN( );DYNC1H1( );PLEC( );COPA( );ACTN2( );SERPINA7( );ACTN4( );SERPINA1( );ACTN1( );C1QC( );APOB( );PRKDC( );GLA( );TIMP3( )
COL16A1, cathepsin K  and  cathepsin K ,1400,1403,0.84,3,VGP,ECM1( );HMCN2( );TNXB( );FN1( );TNC( );COL7A1( );LAMC2( );VWF( );ELN( );LAMA5( );CTGF( );EFEMP1( );COL1A2( );COL1A1( );COL2A1( );FBN1( );COL5A2( );COL18A1( );LUM( );THBS2( );VCAN( );COL3A1( );COL5A1( );COL4A4( );COL12A1( );COL4A1( );FBLN1( );COL4A3( );COL4A5( );COL4A6( );COL4A2( );COL16A1( );LAMB3( );LAMA4( );COL15A1( );FGG( );COL17A1( );GPX3( );ATP5B( );SDC4( );NENF( );C1QB( );DYNC1H1( );DSG1(Desmoglein repeat 3);FAM3C( );FLNA( );PLEC( );RNPEP( );A1BG( );CPQ( );KARS( );MYDGF( );FGFR3( );ACTN4( );PON1( );MMP11( );WDR1( );CPA4( );CTSV( );C1QC( );SLTM( );FLNB(Filamin 4);CTSD( );CP( );CTSL( );CTSK( );ACPP( );PRKDC( );EFNA3( );TPSB2( );IL4R( );C4BPA( );NELL2( );PRLR( );NRP1( );CFB( );TPSAB1( );CFH( )
COL16A1, cathepsin K  and  matrix metallopeptidase-2 ,1403,1407,0.885,4,PGPA,COL7A1( );LTBP2( );COL1A2( );COL1A1( );COL2A1( );COL5A2( );COL18A1( );COL3A1( );COL5A1( );COL6A3( );COL4A4( );COL12A1( );COL4A3( );COL4A5( );COL4A6( );COL14A1( );COL6A1( );COL4A2( );COL16A1( );EMILIN1( );COL15A1( );COL17A1( );CSPG4( );DYNC1H1( );FLNA(Filamin 24);PLSCR1( );FGF2( );PLAUR( )
COL16A1, cathepsin K  and  matrix metallopeptidase-9 ,1403,1407,0.875,4,PGPA,COL7A1( );LTBP2( );COL1A2( );COL1A1( );COL2A1( );COL5A2( );COL18A1( );COL3A1( );COL5A1( );COL6A3( );COL4A4( );COL12A1( );COL4A3( );COL4A5( );COL4A6( );COL14A1( );COL6A1( );COL4A2( );COL16A1( );EMILIN1( );COL15A1( );COL17A1( );CSPG4( );DYNC1H1( );FLNA(Filamin 24);PLSCR1( );FGF2( );PLAUR( )
COL16A1, cathepsin K  and  matrix metallopeptidase-3 ,1403,1407,0.8,4,PGPA,COL7A1( );LTBP2( );COL1A2( );COL1A1( );COL2A1( );COL5A2( );COL18A1( );COL3A1( );COL5A1( );COL6A3( );COL4A4( );COL12A1( );COL4A3( );COL4A5( );COL4A6( );COL14A1( );COL6A1( );COL4A2( );COL16A1( );EMILIN1( );COL15A1( );COL17A1( );CSPG4( );DYNC1H1( );FLNA(Filamin 24);PLSCR1( );FGF2( );PLAUR( )
COL16A1, cathepsin K  and  cathepsin K ,1494,1501,0.8300000000000001,7,GLPGQIG,COL16A1( )
COL16A1, cathepsin K  and  cathepsin K ,1501,1508,0.8200000000000001,7,REGRQGL,COL16A1( )
COL16A1, cathepsin K  and  cathepsin K ,790,793,0.845,3,QGP,HMCN2( );FRAS1( );TNXB( );ADIPOQ( );COL7A1( );FBN2( );HSPG2( );LTBP4(Pro-rich);LAMA5( );LAMA3( );LAMB2( );COL1A2( );COL1A1( );COL2A1( );COL5A2( );COL18A1( );POSTN(EMI);COL3A1( );COL5A1( );COL6A3(Collagen-like 3);COL6A5( );COL4A4( );COL12A1( );COL4A1( );COL4A3( );NID1( );COL4A5( );COL4A6( );COL14A1( );IGFBP7(Ig-like C2-type);COL6A1( );COL4A2( );COL16A1( );COL6A6( );LAMB3( );EMILIN1( );PCOLCE( );COLQ( );CTHRC1( );COL15A1( );COL17A1( );VWA5B1( );ITIH4( );CSPG4( );PDCD6IP( );TNXA( );SERPINF2( );GPC2( );FLNA( );PLEC( );DMKN( );GPC1( );CDSN( );ACTN4( );MMP28( );IL1RN( );PLSCR1( );CHGB( );MMP9( );CD109( );GLG1( );FLNB( );OLFML1( );NCAM1( );IGHA1( );IGHA2( );SPINT1( );ADAMTSL5(TSP type-1);CXADR( );SFRP2( );HPX(Hemopexin 5);ADAMTS17( );P3H1( );EFNA3( );TLR9( );PLG( );VEGFD( );SPINK5( );HRG( );VEGFC( )
COL16A1, cathepsin K  and  cathepsin K ,793,797,0.7949999999999999,4,QGEP,COL5A1( );COL4A4( );COL4A3( );COL4A5( );COL14A1( );COL4A2( );COL16A1( );NCAM1(Fibronectin type-III 2);LIF( );RAN( );TG( );PLG(PAN)
COL16A1, elastase-2  and  cathepsin K ,789,793,0.8,4,VQGP,HSPG2( );LAMA5( );LAMA3( );LAMB2( );COL1A1( );COL5A2( );COL5A1( );COL4A5( );COL4A6( );COL14A1(Collagen-like 4);COL4A2( );COL16A1( );COL17A1( );FLNA( );PLEC( );CDSN( );IGHA1( );IGHA2( )
COL16A1, cathepsin K  and  cathepsin K ,1239,1242,0.7849999999999999,3,MGP,HMCN2( );FRAS1( );TNXB( );COL7A1( );LAMA5( );SPON1( );CTGF( );FGB( );COL1A2( );COL1A1( );COL2A1( );COL5A2( );COL3A1( );COL5A1( );COL4A4( );COL12A1( );COL4A1( );COL4A3( );COL4A5( );COL4A6( );COL14A1( );COL4A2( );COL16A1( );COLQ( );COL15A1( );COL17A1( );HSPD1( );HYOU1( );CDH1( );VCL( );EEF2( );C1QB( );C3( );OLFML3( );FGFR3( );ITIH5( );SERPINE1( );C2( );C1QC( );F2R( );ITIH1( );MMP2( );EFNA3( );ADM2( );C1S( )
COL16A1, cathepsin K  and  matrix metallopeptidase-2 ,1239,1243,0.895,4,MGPP,COL1A2( );COL1A1( );COL5A1( );COL4A4( );COL12A1( );COL4A1( );COL4A3( );COL4A5( );COL4A2( );COL16A1( );COLQ( );COL15A1( );COL17A1( );C1QC( )
COL16A1, cathepsin K  and  matrix metallopeptidase-9 ,1239,1243,0.9299999999999999,4,MGPP,COL1A2( );COL1A1( );COL5A1( );COL4A4( );COL12A1( );COL4A1( );COL4A3( );COL4A5( );COL4A2( );COL16A1( );COLQ( );COL15A1( );COL17A1( );C1QC( )
COL16A1, cathepsin K  and  matrix metallopeptidase-3 ,1239,1243,0.905,4,MGPP,COL1A2( );COL1A1( );COL5A1( );COL4A4( );COL12A1( );COL4A1( );COL4A3( );COL4A5( );COL4A2( );COL16A1( );COLQ( );COL15A1( );COL17A1( );C1QC( )
COL16A1, matrix metallopeptidase-2  and  cathepsin K ,1555,1561,0.875,6,GQQGIP,COL16A1( )
COL16A1, matrix metallopeptidase-9  and  cathepsin K ,1555,1561,0.8300000000000001,6,GQQGIP,COL16A1( )
COL16A1, cathepsin K  and  cathepsin K ,906,910,0.78,4,QGPP,COL7A1( );HSPG2( );COL1A2( );COL1A1( );COL2A1( );COL5A2( );COL18A1( );COL3A1( );COL5A1( );COL4A4( );COL12A1( );COL4A1( );COL4A3( );COL4A5( );COL4A6( );COL14A1( );COL6A1( );COL4A2( );COL16A1( );COL6A6( );EMILIN1( );COLQ( );COL15A1( );COL17A1( );CSPG4( );PDCD6IP( );CDSN( );PLSCR1( );CD109( );IGHA1( );IGHA2( );P3H1( );HRG( )
COL16A1, cathepsin K  and  matrix metallopeptidase-2 ,1540,1544,0.8,4,QGPP,COL7A1( );HSPG2( );COL1A2( );COL1A1( );COL2A1( );COL5A2( );COL18A1( );COL3A1( );COL5A1( );COL4A4( );COL12A1( );COL4A1( );COL4A3( );COL4A5( );COL4A6( );COL14A1( );COL6A1( );COL4A2( );COL16A1( );COL6A6( );EMILIN1( );COLQ( );COL15A1( );COL17A1( );CSPG4( );PDCD6IP( );CDSN( );PLSCR1( );CD109( );IGHA1( );IGHA2( );P3H1( );HRG( )
COL16A1, cathepsin K  and  matrix metallopeptidase-9 ,1540,1544,0.8300000000000001,4,QGPP,COL7A1( );HSPG2( );COL1A2( );COL1A1( );COL2A1( );COL5A2( );COL18A1( );COL3A1( );COL5A1( );COL4A4( );COL12A1( );COL4A1( );COL4A3( );COL4A5( );COL4A6( );COL14A1( );COL6A1( );COL4A2( );COL16A1( );COL6A6( );EMILIN1( );COLQ( );COL15A1( );COL17A1( );CSPG4( );PDCD6IP( );CDSN( );PLSCR1( );CD109( );IGHA1( );IGHA2( );P3H1( );HRG( )
COL16A1, cathepsin K  and  matrix metallopeptidase-9 ,1161,1168,0.825,7,PGPPGPP,COL7A1( );COL1A2( );COL1A1( );COL2A1( );COL5A2( );COL18A1( );COL3A1( );COL5A1( );COL4A4( );COL12A1(Collagen-like 4);COL4A1( );COL4A3( );COL4A5( );COL4A6( );COL4A2( );COL16A1( );COLQ(Collagen-like 1);COL15A1( );COL17A1( )
COL16A1, cathepsin K  and  matrix metallopeptidase-3 ,1161,1168,0.78,7,PGPPGPP,COL7A1( );COL1A2( );COL1A1( );COL2A1( );COL5A2( );COL18A1( );COL3A1( );COL5A1( );COL4A4( );COL12A1(Collagen-like 4);COL4A1( );COL4A3( );COL4A5( );COL4A6( );COL4A2( );COL16A1( );COLQ(Collagen-like 1);COL15A1( );COL17A1( )
COL16A1, cathepsin K  and  cathepsin K ,1087,1090,0.835,3,GQP,HMCN2( );FRAS1( );TNXB( );FN1( );COL7A1( );FBN2( );HSPG2( );LAMB2( );COL1A2( );COL1A1( );COL2A1( );FBN1(EGF-like 3);LAMC1( );COL5A2( );COL18A1( );VCAN( );COL3A1( );COL5A1( );COL6A3( );PRELP( );COL6A5( );COL4A4( );IGFBP3( );COL4A1( );COL4A3( );COL4A5( );LAMA2( );COL4A6( );COL14A1( );COL6A1( );COL4A2( );COL16A1( );COL6A6( );EMILIN1( );COL6A2( );LRG1( );COLQ( );COL15A1( );COL17A1( );APOE( );CSPG4( );LGALS7( );TNXA( );PMEL( );GBP1( );C1QB( );HPSE( );IGLL5( );EFTUD2( );LGALS3( );FLNA( );IL36G( );IGLC7( );CLTC( );ITIH5( );IGKV4-1( );ALCAM( );IGLC1( );IGLC6( );MMP11( );IGHM( );CHGB( );IGKV2-30( );ACE( );IGHG4( );APOB( );IGHG1( );MMP2( );IGHG2( );KLK13( );C1R( );PRKDC( );CRIP2( );C7( );SFRP2( );IGHG3( );A2ML1( );KLK7( );FGFR4( );PAPPA( );IGLC3( );IGLC3( );TG( );ADM2( );NELL2( );F2( );HGF( )
COL16A1, cathepsin K  and  cathepsin K ,172,176,0.825,4,MLSV,COL16A1( );GPC2( );ATP5A1( );APOB( )
COL16A1, cathepsin K  and  matrix metallopeptidase-9 ,176,182,0.85,6,AGRVAS,COL16A1( )
COL16A1, matrix metallopeptidase-9  and  cathepsin K ,170,176,0.83,6,KLMLSV,COL16A1( )
COL16A1, cathepsin K  and  matrix metallopeptidase-3 ,176,181,0.895,5,AGRVA,COL16A1( )
COL16A1, cathepsin G  and  cathepsin K ,173,176,0.9849999999999999,3,LSV,HMCN2(Ig-like C2-type 6);TNXB( );TNC( );COL7A1( );LAMC2( );VWF( );HSPG2( );LAMA5( );SPON1( );LAMB2( );THBS4( );FGA( );THBS1( );COL18A1( );VCAN( );COL5A1( );TGFBI( );COL12A1( );COL4A1( );LAMB1( );FBLN1( );COL4A3( );NID1( );COL16A1( );COL6A2( );PCOLCE( );LAMA4( );COL15A1( );EMCN( );SCGB1D2( );S100A13( );SERPINF1( );C1QBP( );TLN1( );VIP( );CLCA4( );CSPG4( );PDCD6IP( );TNXA( );DAG1( );LBP( );SERPINF2( );NAXE( );GPC2( );PZP( );IL18( );HPSE( );DYNC1H1( );ADH7( );SOGA1( );DSC2( );SFN( );SERPIND1( );EFTUD2( );SERPINI1( );CALR( );C3( );ATP5A1( );FLNA( );PLEC( );COPA( );IGKV3-15( );CD14( );PYCARD( );TUBB( );KDR( );TUBB4B( );GANAB( );GGH( );A2M( );CLTC( );TUBA4A( );IDE( );ITIH5( );WDR1( );C5( );CLU( );ORM1( );ACE( );CREG1( );MELTF( );APOB( );GLG1( );FLNB( );IGHA1( );IGHA2( );C4B( );C4A( );TSLP( );MUC4( );PROS1( );LOXL1( );MANF( );A2ML1( );CD8B( );FGFR4( );TG( );LYZ( );C4BPA( );CFHR2( );CFHR1( );CCL20( );WFDC5( );ALB( );INHBA( );BDNF( );CGA( );CFH( )
COL16A1, cathepsin K  and  cathepsin K ,1296,1300,0.8049999999999999,4,PGPP,TNXB(Fibronectin type-III 16);COL7A1( );COL1A2( );COL1A1( );COL2A1( );COL5A2( );LTBP2( );COL18A1( );COL3A1( );COL5A1( );PRELP( );COL6A5( );COL4A4( );COL12A1( );COL4A1( );COL4A3( );COL4A5( );COL4A6( );COL14A1( );COL6A1( );COL4A2( );COL16A1( );COL6A6( );EMILIN1( );COL6A2( );COLQ( );COL15A1( );COL17A1( );ITIH4( );LGALS3( );FGFR4( )
COL16A1, cathepsin K  and  matrix metallopeptidase-2 ,1300,1306,1.165,6,GQPGPA,COL2A1( );COL16A1( )
COL16A1, cathepsin K  and  matrix metallopeptidase-3 ,1300,1306,0.9299999999999999,6,GQPGPA,COL2A1( );COL16A1( )
COL16A1, cathepsin K  and  matrix metallopeptidase-7 ,1300,1306,0.8999999999999999,6,GQPGPA,COL2A1( );COL16A1( )
COL16A1, cathepsin K  and  elastase-2 ,1300,1307,0.81,7,GQPGPAG,COL2A1( );COL16A1( )
COL16A1, cathepsin K  and  cathepsin K ,790,797,0.78,7,QGPQGEP,COL16A1( )
COL16A1, matrix metallopeptidase-9  and  cathepsin K ,477,481,0.825,4,GDKG,COL7A1( );COL1A2( );COL1A1( );COL2A1( );COL5A2( );COL18A1( );COL3A1( );COL5A1( );COL6A3( );COL6A5( );COL4A4( );COL4A1( );COL4A3( );COL4A5( );COL4A6( );COL4A2( );COL16A1( );COL15A1( );COL17A1( );CANX( )
COL16A1, granzyme B ({Homo sapiens}-type)  and  cathepsin K ,478,481,0.875,3,DKG,HMCN2( );COL7A1( );SPON1( );AEBP1( );LTBP2( );COL1A2( );COL1A1( );COL2A1( );COL5A2( );COL18A1( );COL3A1( );COL5A1( );COL6A3( );COL6A5( );COL4A4( );COL4A1( );COL4A3( );COL4A5( );COL4A6( );COL4A2( );COL16A1( );COL6A6( );COL15A1( );COL17A1( );HSPA5( );HADHA( );HSPA8( );CCT6A( );PDCD6IP( );DAG1( );ITIH3( );LBP( );EEF2( );PRDX1( );HNRNPU( );HSPA9( );CANX( );ALDOA( );SBSN( );CALR( );C3( );FLNA( );SERPINA6( );PRDX4( );PTHLH( );ERAP1( );SERPINE1( );HEBP1( );FLNB( );CPA3( );CP( );C4B( );C4A( );TEK( );GBA( );SPINT1( );CD163( );FLT1( );FGFR1( );LTF( );C4BPA( );PLG( );FGFR2( );HGF( )
COL16A1, cathepsin K  and  elastase-2 ,481,484,0.78,3,SSG,ECM1( );HMCN2( );FRAS1( );TNXB( );FN1( );NOV( );COL7A1( );FBN2( );VWF( );HSPG2( );ANOS1( );LTBP4( );LAMA3( );LTBP2( );LAMB2( );ABI3BP( );MFAP2( );COL1A2( );FBN1( );MFAP4( );COL5A2( );FGA( );COL18A1( );VCAN( );COL5A1( );COL6A3( );DCN( );COL6A5( );COL4A4( );COL12A1( );COL4A1( );FBLN1( );LAMA2( );COL4A6( );COL14A1(Fibronectin type-III 7);COL6A1( );COL16A1( );COL6A6( );LAMB3( );EMILIN1( );LAMA4( );COL17A1( );VWA5B1( );AIMP1( );HSPA8( );MYH9( );RPL23( );CD34( );CSPG4( );HSP90AA1( );DAG1( );CCT2( );TFRC( );LBP( );PMEL( );SHH( );PRDX1( );IGLV3-19( );GBP1( );PZP( );HNRNPU( );HSPA9( );DSG1( );POMC( );CALR( );LGALS3( );C3( );ATP5A1( );PLEC( );COPA( );GPI( );DMKN( );KDR( );LGALS3BP( );APCS( );CDSN(Ser-rich);CTSG( );A2M( );FGFR3( );PON1( );IGKV2D-28( );CASP1( );C5( );HLA-C(Helical);IGKV2-30( );C2( );F2R( );HNRNPK( );SLTM( );IGHG4( );MELTF( );APOB( );IGHG1( );HSPB1( );LEPROT( );IGHA1( );C9( );IGHA2( );MUC4( );AZGP1( );IGHG2( );SPINT1( );C7( );IGHG3( );KLK11( );FGFR4( );PAPPA( );KLKB1( );TG( );FLT1( );P3H1( );EFNA3( );IL4R( );FGFR1( );PLG( );NELL2( );FGFR2( );NRP1( );CFHR2( );CFHR1( );CFHR3( );SPINK5( );PRSS1( );FST( );LOX( );HGF( );DEFB1( )
COL16A1, matrix metallopeptidase-3  and  cathepsin K ,1374,1378,0.81,4,GQKG,COL7A1( );LTBP2( );COL2A1( );COL5A2( );COL18A1( );COL5A1( );COL6A3( );COL6A5( );COL4A4( );COL4A1( );COL4A3( );COL4A5( );COL4A6( );COL4A2( );COL16A1( );COL6A2( );COLQ( );COL15A1( );COL17A1( );FLNA( );C1QC( );A2ML1( )
COL16A1, matrix metallopeptidase-3  and  cathepsin K ,638,642,0.815,4,LSNL,THBS4( );TGFBI(FAS1 1);COL16A1( );LAMA4( );CSPG4( );PDCD6IP( );SOGA1( );CLU( );TNFSF10( );GBA( );LOX( )
COL16A1, cathepsin K  and  matrix metallopeptidase-7 ,642,647,0.78,5,QDGDV,COL16A1( )
COL16A1, matrix metallopeptidase-7  and  cathepsin K ,637,642,0.7749999999999999,5,ALSNL,COL16A1( );LOX( )
COL16A1, cathepsin K  and  granzyme B ({Homo sapiens}-type) ,642,645,0.9099999999999999,3,QDG,HMCN2( );FRAS1( );TNXB( );FN1( );COL7A1( );VWF( );COMP( );HSPG2( );ANOS1( );LGI3( );LAMA3( );LTBP2( );LAMB2( );FGB( );COL1A1( );COL2A1( );THBS1(TSP type-1 2);COL18A1( );THBS2( );COL5A1( );COL4A1( );NID1( );COL4A5( );COL16A1( );FGG( );VWA5B1( );CKAP4( );YBX1( );SDC1( );TLN1( );CSPG4( );SDCBP( );TNFSF12( );PDCD6IP( );ITIH3( );PZP( );P4HB( );DYNC1H1( );FAM3C( );C3( );FLNA( );PLEC( );KDR( );CPQ( );IGHV3-7( );ITIH5( );MMP19( );NECTIN1( );MMP9( );ACE( );ITIH1( );APOB( );FLNB( );IGHA2( );C4B( );C4A( );MUC4( );AZGP1( );PENK( );PRKDC( );PAPPA( );TG(Type II);FLT1( );TIMP1( );FGFR1( );FGFR2( );PSAP( );CFH( )
COL16A1, cathepsin K  and  elastase-2 ,642,649,0.8799999999999999,7,QDGDVRV,COL16A1( )
COL16A1, cathepsin K  and  elastase-2 ,642,648,0.78,6,QDGDVR,COL16A1( )
COL16A1, cathepsin G  and  cathepsin K ,638,642,0.9099999999999999,4,LSNL,THBS4( );TGFBI(FAS1 1);COL16A1( );LAMA4( );CSPG4( );PDCD6IP( );SOGA1( );CLU( );TNFSF10( );GBA( );LOX( )
COL16A1, matrix metallopeptidase-2  and  cathepsin K ,883,886,0.8899999999999999,3,DLI,FRAS1( );SPON1( );FBLN2( );THBS2( );VCAN( );COL6A3( );COL6A5( );DMBT1( );COL12A1( );LAMA2( );COL16A1( );SERPINF1( );MYH9( );TLN1( );HSP90AA1( );DAG1( );ITIH2( );EIF4A1(Helicase C-terminal);HSPA9( );HPSE( );DYNC1H1( );DSC2( );PLEC( );COPA( );MMP8( );KARS( );IL2( );ACTN2( );IDE( );ERAP1( );F13A1( );C5( );SERPINA3( );HNRNPK( );SLTM( );APOB( );CTSD( );NCAM1( );QPCT( );C4B( );C4A( );TSLP( );KNG1( );TEK( );LCN2( );A2ML1( );CD163( );TF( );RNASE3( );CALU( );TG( );FLT1( );NGFR( );IL4R( );FGFR1( );VEGFD( );HRG( )
COL16A1, matrix metallopeptidase-3  and  cathepsin K ,883,886,0.875,3,DLI,FRAS1( );SPON1( );FBLN2( );THBS2( );VCAN( );COL6A3( );COL6A5( );DMBT1( );COL12A1( );LAMA2( );COL16A1( );SERPINF1( );MYH9( );TLN1( );HSP90AA1( );DAG1( );ITIH2( );EIF4A1(Helicase C-terminal);HSPA9( );HPSE( );DYNC1H1( );DSC2( );PLEC( );COPA( );MMP8( );KARS( );IL2( );ACTN2( );IDE( );ERAP1( );F13A1( );C5( );SERPINA3( );HNRNPK( );SLTM( );APOB( );CTSD( );NCAM1( );QPCT( );C4B( );C4A( );TSLP( );KNG1( );TEK( );LCN2( );A2ML1( );CD163( );TF( );RNASE3( );CALU( );TG( );FLT1( );NGFR( );IL4R( );FGFR1( );VEGFD( );HRG( )
COL16A1, granzyme B ({Homo sapiens}-type)  and  cathepsin K ,883,886,0.8049999999999999,3,DLI,FRAS1( );SPON1( );FBLN2( );THBS2( );VCAN( );COL6A3( );COL6A5( );DMBT1( );COL12A1( );LAMA2( );COL16A1( );SERPINF1( );MYH9( );TLN1( );HSP90AA1( );DAG1( );ITIH2( );EIF4A1(Helicase C-terminal);HSPA9( );HPSE( );DYNC1H1( );DSC2( );PLEC( );COPA( );MMP8( );KARS( );IL2( );ACTN2( );IDE( );ERAP1( );F13A1( );C5( );SERPINA3( );HNRNPK( );SLTM( );APOB( );CTSD( );NCAM1( );QPCT( );C4B( );C4A( );TSLP( );KNG1( );TEK( );LCN2( );A2ML1( );CD163( );TF( );RNASE3( );CALU( );TG( );FLT1( );NGFR( );IL4R( );FGFR1( );VEGFD( );HRG( )
COL16A1, elastase-2  and  cathepsin K ,521,525,0.875,4,VGLP,COL7A1( );ELN( );COL1A2( );COL1A1( );COL2A1( );COL5A1( );COL4A4( );COL4A1( );COL4A5( );COL4A6( );COL4A2( );COL16A1( );COL17A1( );KDR( );ERAP1( );MMP28(Hemopexin 1);ACE2( )
COL16A1, cathepsin K  and  cathepsin K ,579,584,0.7949999999999999,5,GSPGF,COL1A1( );COL4A4( );COL4A1( );COL4A5( );COL6A1( );COL4A2( );COL16A1( )
COL16A1, granzyme B ({Homo sapiens}-type)  and  cathepsin K ,577,584,0.9299999999999999,7,DVGSPGF,COL16A1( )
COL16A1, elastase-2  and  cathepsin K ,245,250,0.9099999999999999,5,AGCPP,COL16A1( )
COL16A1, cathepsin K  and  cathepsin K ,711,714,0.7749999999999999,3,QGP,HMCN2( );FRAS1( );TNXB( );ADIPOQ( );COL7A1( );FBN2( );HSPG2( );LTBP4(Pro-rich);LAMA5( );LAMA3( );LAMB2( );COL1A2( );COL1A1( );COL2A1( );COL5A2( );COL18A1( );POSTN(EMI);COL3A1( );COL5A1( );COL6A3(Collagen-like 3);COL6A5( );COL4A4( );COL12A1( );COL4A1( );COL4A3( );NID1( );COL4A5( );COL4A6( );COL14A1( );IGFBP7(Ig-like C2-type);COL6A1( );COL4A2( );COL16A1( );COL6A6( );LAMB3( );EMILIN1( );PCOLCE( );COLQ( );CTHRC1( );COL15A1( );COL17A1( );VWA5B1( );ITIH4( );CSPG4( );PDCD6IP( );TNXA( );SERPINF2( );GPC2( );FLNA( );PLEC( );DMKN( );GPC1( );CDSN( );ACTN4( );MMP28( );IL1RN( );PLSCR1( );CHGB( );MMP9( );CD109( );GLG1( );FLNB( );OLFML1( );NCAM1( );IGHA1( );IGHA2( );SPINT1( );ADAMTSL5(TSP type-1);CXADR( );SFRP2( );HPX(Hemopexin 5);ADAMTS17( );P3H1( );EFNA3( );TLR9( );PLG( );VEGFD( );SPINK5( );HRG( );VEGFC( )
COL16A1, cathepsin K  and  matrix metallopeptidase-2 ,714,718,0.86,4,AGPK,COL7A1( );COL1A1( );COL2A1( );COL5A2( );COL18A1( );COL6A3( );COL16A1( );COL15A1( );IL4R( )
COL16A1, cathepsin K  and  matrix metallopeptidase-9 ,714,718,0.81,4,AGPK,COL7A1( );COL1A1( );COL2A1( );COL5A2( );COL18A1( );COL6A3( );COL16A1( );COL15A1( );IL4R( )
COL16A1, elastase-2  and  cathepsin K ,710,714,0.85,4,VQGP,HSPG2( );LAMA5( );LAMA3( );LAMB2( );COL1A1( );COL5A2( );COL5A1( );COL4A5( );COL4A6( );COL14A1(Collagen-like 4);COL4A2( );COL16A1( );COL17A1( );FLNA( );PLEC( );CDSN( );IGHA1( );IGHA2( )
COL16A1, cathepsin K  and  matrix metallopeptidase-2 ,1400,1407,0.865,7,VGPPGPA,COL2A1( );COL5A2( );COL4A4( );COL16A1( )
COL16A1, cathepsin K  and  matrix metallopeptidase-9 ,1400,1407,0.855,7,VGPPGPA,COL2A1( );COL5A2( );COL4A4( );COL16A1( )
COL16A1, cathepsin K  and  matrix metallopeptidase-3 ,1400,1407,0.78,7,VGPPGPA,COL2A1( );COL5A2( );COL4A4( );COL16A1( )
COL16A1, cathepsin K  and  cathepsin K ,2,8,0.805,6,WVSWAP,COL16A1( )
COL16A1, cathepsin K  and  matrix metallopeptidase-7 ,2,8,0.78,6,WVSWAP,COL16A1( )
COL16A1, cathepsin K  and  cathepsin K ,389,393,0.78,4,SGLP,TNC( );ASPN( );COL1A2( );COL18A1( );LUM(LRR 6);COL4A4( );COL4A1( );COL4A3( );COL4A6( );COL16A1( );BGN( );CSPG4( );TFRC( );SERPINF2( );FGF3( );IL17C( );PRL( )
COL16A1, matrix metallopeptidase-2  and  cathepsin K ,390,393,0.815,3,GLP,HMCN2( );FRAS1( );TNXB( );TNC( );COL7A1( );FBN2( );COMP( );ELN( );ASPN( );SRPX( );LTBP4( );LAMA5( );LAMA3( );FBLN2( );FGB( );COL1A2( );COL1A1( );COL2A1( );FBN1( );COL5A2( );COL18A1( );LUM(LRR 6);THBS3( );FMOD( );COL3A1( );COL5A1( );COL6A3( );KERA( );PRELP( );DCN( );COL6A5( );COL4A4( );COL12A1( );COL4A1( );COL4A3( );NID1( );COL4A5( );LAMA2( );COL4A6( );COL14A1( );COL6A1( );COL4A2( );COL16A1( );BGN( );COL6A6( );COL6A2( );LRG1( );COLQ( );COL15A1( );COL17A1( );LAD1( );ATP5B( );NENF( );RPL23( );ITIH4( );CHGA( );CLCA4( );CSPG4( );DAG1( );ITIH3( );TFRC( );PMEL( );SERPINF2( );HNRNPU( );C1QB( );HPSE( );DYNC1H1( );VWA8( );EPO( );FLNA( );CD14( );FGF3( );KDR( );KARS( );LRPAP1( );CDSN( );FGFR3( );IDE( );ERAP1( );MMP28(Hemopexin 1);MMP11(Hemopexin 1);ACE2( );MMP19(Hemopexin 1);MMP14(Hemopexin 1);MMP9( );HLA-C( );AHSG( );C1QC( );PPT1( );IGHG4( );CRTAP( );APOB( );HSPB1( );MMP2( );C9( );TEK( );PROS1( );LOXL1( );IGHG2( );IL17C( );SPINT1( );RBP4( );AFM( );PRKDC( );LCN2( );FGFR4( );PRL( );KLKB1( );ADAMTS17( );ANG( );PSAPL1( );TG( );FLT1( );TLR9( );FGFR1( );FGFR2( );CD55( );PRLR( );NRP1( );IGF2-AS( );CFHR3( );F2( );HGFAC( );LOX( );DEFB4A( );LYNX1( );HGF( );CFH(Sushi 16)
COL16A1, matrix metallopeptidase-9  and  cathepsin K ,390,393,0.81,3,GLP,HMCN2( );FRAS1( );TNXB( );TNC( );COL7A1( );FBN2( );COMP( );ELN( );ASPN( );SRPX( );LTBP4( );LAMA5( );LAMA3( );FBLN2( );FGB( );COL1A2( );COL1A1( );COL2A1( );FBN1( );COL5A2( );COL18A1( );LUM(LRR 6);THBS3( );FMOD( );COL3A1( );COL5A1( );COL6A3( );KERA( );PRELP( );DCN( );COL6A5( );COL4A4( );COL12A1( );COL4A1( );COL4A3( );NID1( );COL4A5( );LAMA2( );COL4A6( );COL14A1( );COL6A1( );COL4A2( );COL16A1( );BGN( );COL6A6( );COL6A2( );LRG1( );COLQ( );COL15A1( );COL17A1( );LAD1( );ATP5B( );NENF( );RPL23( );ITIH4( );CHGA( );CLCA4( );CSPG4( );DAG1( );ITIH3( );TFRC( );PMEL( );SERPINF2( );HNRNPU( );C1QB( );HPSE( );DYNC1H1( );VWA8( );EPO( );FLNA( );CD14( );FGF3( );KDR( );KARS( );LRPAP1( );CDSN( );FGFR3( );IDE( );ERAP1( );MMP28(Hemopexin 1);MMP11(Hemopexin 1);ACE2( );MMP19(Hemopexin 1);MMP14(Hemopexin 1);MMP9( );HLA-C( );AHSG( );C1QC( );PPT1( );IGHG4( );CRTAP( );APOB( );HSPB1( );MMP2( );C9( );TEK( );PROS1( );LOXL1( );IGHG2( );IL17C( );SPINT1( );RBP4( );AFM( );PRKDC( );LCN2( );FGFR4( );PRL( );KLKB1( );ADAMTS17( );ANG( );PSAPL1( );TG( );FLT1( );TLR9( );FGFR1( );FGFR2( );CD55( );PRLR( );NRP1( );IGF2-AS( );CFHR3( );F2( );HGFAC( );LOX( );DEFB4A( );LYNX1( );HGF( );CFH(Sushi 16)
COL16A1, matrix metallopeptidase-3  and  cathepsin K ,390,393,0.765,3,GLP,HMCN2( );FRAS1( );TNXB( );TNC( );COL7A1( );FBN2( );COMP( );ELN( );ASPN( );SRPX( );LTBP4( );LAMA5( );LAMA3( );FBLN2( );FGB( );COL1A2( );COL1A1( );COL2A1( );FBN1( );COL5A2( );COL18A1( );LUM(LRR 6);THBS3( );FMOD( );COL3A1( );COL5A1( );COL6A3( );KERA( );PRELP( );DCN( );COL6A5( );COL4A4( );COL12A1( );COL4A1( );COL4A3( );NID1( );COL4A5( );LAMA2( );COL4A6( );COL14A1( );COL6A1( );COL4A2( );COL16A1( );BGN( );COL6A6( );COL6A2( );LRG1( );COLQ( );COL15A1( );COL17A1( );LAD1( );ATP5B( );NENF( );RPL23( );ITIH4( );CHGA( );CLCA4( );CSPG4( );DAG1( );ITIH3( );TFRC( );PMEL( );SERPINF2( );HNRNPU( );C1QB( );HPSE( );DYNC1H1( );VWA8( );EPO( );FLNA( );CD14( );FGF3( );KDR( );KARS( );LRPAP1( );CDSN( );FGFR3( );IDE( );ERAP1( );MMP28(Hemopexin 1);MMP11(Hemopexin 1);ACE2( );MMP19(Hemopexin 1);MMP14(Hemopexin 1);MMP9( );HLA-C( );AHSG( );C1QC( );PPT1( );IGHG4( );CRTAP( );APOB( );HSPB1( );MMP2( );C9( );TEK( );PROS1( );LOXL1( );IGHG2( );IL17C( );SPINT1( );RBP4( );AFM( );PRKDC( );LCN2( );FGFR4( );PRL( );KLKB1( );ADAMTS17( );ANG( );PSAPL1( );TG( );FLT1( );TLR9( );FGFR1( );FGFR2( );CD55( );PRLR( );NRP1( );IGF2-AS( );CFHR3( );F2( );HGFAC( );LOX( );DEFB4A( );LYNX1( );HGF( );CFH(Sushi 16)
COL16A1, matrix metallopeptidase-7  and  cathepsin K ,390,393,0.77,3,GLP,HMCN2( );FRAS1( );TNXB( );TNC( );COL7A1( );FBN2( );COMP( );ELN( );ASPN( );SRPX( );LTBP4( );LAMA5( );LAMA3( );FBLN2( );FGB( );COL1A2( );COL1A1( );COL2A1( );FBN1( );COL5A2( );COL18A1( );LUM(LRR 6);THBS3( );FMOD( );COL3A1( );COL5A1( );COL6A3( );KERA( );PRELP( );DCN( );COL6A5( );COL4A4( );COL12A1( );COL4A1( );COL4A3( );NID1( );COL4A5( );LAMA2( );COL4A6( );COL14A1( );COL6A1( );COL4A2( );COL16A1( );BGN( );COL6A6( );COL6A2( );LRG1( );COLQ( );COL15A1( );COL17A1( );LAD1( );ATP5B( );NENF( );RPL23( );ITIH4( );CHGA( );CLCA4( );CSPG4( );DAG1( );ITIH3( );TFRC( );PMEL( );SERPINF2( );HNRNPU( );C1QB( );HPSE( );DYNC1H1( );VWA8( );EPO( );FLNA( );CD14( );FGF3( );KDR( );KARS( );LRPAP1( );CDSN( );FGFR3( );IDE( );ERAP1( );MMP28(Hemopexin 1);MMP11(Hemopexin 1);ACE2( );MMP19(Hemopexin 1);MMP14(Hemopexin 1);MMP9( );HLA-C( );AHSG( );C1QC( );PPT1( );IGHG4( );CRTAP( );APOB( );HSPB1( );MMP2( );C9( );TEK( );PROS1( );LOXL1( );IGHG2( );IL17C( );SPINT1( );RBP4( );AFM( );PRKDC( );LCN2( );FGFR4( );PRL( );KLKB1( );ADAMTS17( );ANG( );PSAPL1( );TG( );FLT1( );TLR9( );FGFR1( );FGFR2( );CD55( );PRLR( );NRP1( );IGF2-AS( );CFHR3( );F2( );HGFAC( );LOX( );DEFB4A( );LYNX1( );HGF( );CFH(Sushi 16)
COL16A1, cathepsin K  and  granzyme B ({Homo sapiens}-type) ,983,988,0.8600000000000001,5,GVPGL,ELN( );COL5A2( );COL18A1( );COL5A1( );COL4A5( );COL4A6( );COL16A1( )
COL16A1, granzyme B ({Homo sapiens}-type)  and  cathepsin K ,978,983,0.8300000000000001,5,DQGIP,COL4A6( );COL16A1( )
COL16A1, elastase-2  and  cathepsin K ,245,249,0.905,4,AGCP,COL6A5(Collagen-like 1);COL16A1( );SFRP5( )
COL16A1, matrix metallopeptidase-3  and  cathepsin K ,165,172,0.885,7,DLRWHKL,COL16A1( )
COL16A1, granzyme B ({Homo sapiens}-type)  and  cathepsin K ,165,172,0.775,7,DLRWHKL,COL16A1( )
COL16A1, cathepsin K  and  cathepsin K ,1018,1021,0.805,3,GSP,HMCN2( );TNXB( );FN1( );TNC(Fibronectin type-III 13);COL7A1( );LAMC2( );FBN2( );VWF( );COMP( );HSPG2( );MATN2( );SRPX( );LAMA5( );SPON1( );CTGF( );AEBP1( );LAMA3( );LTBP2( );FBLN2( );COL1A2( );COL1A1( );COL2A1( );FBN1( );COL5A2( );FGA( );LTBP2( );COL18A1( );FMOD(LRRNT);COL3A1( );COL5A1( );COL6A3( );COL6A5( );COL4A4( );DMBT1( );COL12A1(Fibronectin type-III 6);COL4A1( );COL4A3( );NID1(NIDO);COL4A5( );LAMA2( );COL4A6( );COL14A1( );COL6A1( );COL4A2( );COL16A1( );COL6A6( );LAMB3( );EMILIN1( );COL6A2( );LAMA4( );COLQ( );CTHRC1( );COL15A1( );COL17A1( );LAD1( );HSPD1( );SERPINF1( );CDH1( );NENF( );ITIH4( );ITIH3( );SERPINF2( );GPC2( );HPSE( );DYNC1H1( );SOGA1( );DSC2( );VWA8( );DSG1( );PGLYRP2( );IGLL5( );POMC( );EFTUD2( );C3( );HNRNPA2B1( );FLNA( );PLEC( );PI16( );TTR( );GANAB( );IGLC7( );CDSN( );NTF4( );FGFR3( );ITIH5( );SERPINA4( );ALCAM( );IGLC1( );IGLC6( );AHSG( );C2( );SLTM( );MELTF( );CD109( );FLNB( );SERPINC1( );NCAM1( );LIF( );QPCT( );C4B( );C4A( );CD209( );MUC4( );LOXL1( );PRF1( );C1R( );KLK10( );CD8B( );FGF2( );FGFR4( );PRL( );C8B( );KLKB1( );ANG( );TG( );FLT1( );TLR9( );FGFR1( );LTF( );FGFR2( );NTF3( );TNFRSF18( );EDN1( );CFH( )
COL16A1, cathepsin K  and  cathepsin K ,1018,1023,0.78,5,GSPGL,COL7A1( );COL5A2( );COL6A5( );COL4A4( );COL4A1( );COL4A3( );COL4A5( );COL4A6( );COL4A2( );COL16A1(Collagen-like 6);PRF1( )
COL16A1, granzyme B ({Homo sapiens}-type)  and  cathepsin K ,1013,1018,0.89,5,DPGCV,COL16A1( )
COL16A1, cathepsin K  and  matrix metallopeptidase-9 ,1021,1027,0.78,6,GLPGPP,COL7A1( );COL1A1( );COL2A1( );COL5A2( );COL18A1( );COL3A1( );COL5A1( );COL6A5( );COL4A4( );COL12A1( );COL4A1( );COL4A3( );COL4A5( );COL4A6( );COL4A2( );COL16A1( );COL15A1( );COL17A1( );ITIH4( )
COL16A1, cathepsin K  and  cathepsin K ,1422,1425,0.76,3,GLP,HMCN2( );FRAS1( );TNXB( );TNC( );COL7A1( );FBN2( );COMP( );ELN( );ASPN( );SRPX( );LTBP4( );LAMA5( );LAMA3( );FBLN2( );FGB( );COL1A2( );COL1A1( );COL2A1( );FBN1( );COL5A2( );COL18A1( );LUM(LRR 6);THBS3( );FMOD( );COL3A1( );COL5A1( );COL6A3( );KERA( );PRELP( );DCN( );COL6A5( );COL4A4( );COL12A1( );COL4A1( );COL4A3( );NID1( );COL4A5( );LAMA2( );COL4A6( );COL14A1( );COL6A1( );COL4A2( );COL16A1( );BGN( );COL6A6( );COL6A2( );LRG1( );COLQ( );COL15A1( );COL17A1( );LAD1( );ATP5B( );NENF( );RPL23( );ITIH4( );CHGA( );CLCA4( );CSPG4( );DAG1( );ITIH3( );TFRC( );PMEL( );SERPINF2( );HNRNPU( );C1QB( );HPSE( );DYNC1H1( );VWA8( );EPO( );FLNA( );CD14( );FGF3( );KDR( );KARS( );LRPAP1( );CDSN( );FGFR3( );IDE( );ERAP1( );MMP28(Hemopexin 1);MMP11(Hemopexin 1);ACE2( );MMP19(Hemopexin 1);MMP14(Hemopexin 1);MMP9( );HLA-C( );AHSG( );C1QC( );PPT1( );IGHG4( );CRTAP( );APOB( );HSPB1( );MMP2( );C9( );TEK( );PROS1( );LOXL1( );IGHG2( );IL17C( );SPINT1( );RBP4( );AFM( );PRKDC( );LCN2( );FGFR4( );PRL( );KLKB1( );ADAMTS17( );ANG( );PSAPL1( );TG( );FLT1( );TLR9( );FGFR1( );FGFR2( );CD55( );PRLR( );NRP1( );IGF2-AS( );CFHR3( );F2( );HGFAC( );LOX( );DEFB4A( );LYNX1( );HGF( );CFH(Sushi 16)
COL16A1, cathepsin K  and  cathepsin K ,8,13,0.8,5,GLWLL,COL16A1( )
COL16A1, matrix metallopeptidase-2  and  cathepsin K ,10,13,0.77,3,WLL,HMCN2(Ig-like C2-type 1);FGA( );FBLN5( );COL3A1( );PRELP( );COL4A1( );COL4A6( );COL14A1( );COL4A2( );COL16A1( );LAMA4( );COL17A1(Helical; Signal-anchor for type II);LBP( );SHH( );CANX( );SOGA1( );VWA8( );DPP7( );EPO( );CPE( );PYCARD( );FGF3( );KDR( );GANAB( );LGALS3BP( );GPC1( );ACTN2(Spectrin 1);CLTC( );ACTN4(Spectrin 1);IDE( );ERAP1( );HEBP1( );PPY( );ACE2( );ACTN1(Spectrin 1);GHR( );CCL11( );ACE( );PPT1( );MELTF( );CP( );IL19( );C4B( );C4A( );MUC4( );PROS1( );PENK( );HPR( );SPINT1( );C1R( );IFI30( );TGFB1( );PRKDC( );TLL1( );KLK5( );KLK11( );CD8B( );FLT1( );PRLR( );CFHR2( );CFHR1( );HP( );FOLR2( )
COL16A1, matrix metallopeptidase-7  and  cathepsin K ,8,13,0.775,5,GLWLL,COL16A1( )
COL16A1, cathepsin K  and  cathepsin G ,13,18,0.77,5,GLWAT,COL16A1( )
COL16A1, matrix metallopeptidase-9  and  cathepsin K ,182,188,0.8300000000000001,6,VHVDCS,COL16A1( )
COL16A1, matrix metallopeptidase-3  and  cathepsin K ,181,188,0.875,7,SVHVDCS,COL16A1( )
COL16A1, granzyme B ({Homo sapiens}-type)  and  cathepsin K ,185,188,0.8500000000000001,3,DCS,TNXB(EGF-like 3);TNC(EGF-like 2);VWF( );LAMA5( );SPON1( );COL4A4( );FBLN1( );COL4A5( );LAMA2( );COL4A6( );COL4A2( );COL16A1( );LAMA4( );HSD17B11( );SOGA1( );FLNA( );CLTC( );CTSV( );CLU( );C2( );SLTM( );FLNB( );CTSL( );ST14( );TEK( );PRF1(EGF-like);A2ML1( );PAPPA( );TF( );C8B(TSP type-1 2);TG( );CD5L( );KLK6( );NELL2( );FST( );WFDC5( );HRG( );EDN1( )
COL16A1, cathepsin K  and  cathepsin G ,188,194,0.775,6,SASSQP,COL16A1( )
COL16A1, cathepsin K  and  cathepsin K ,3,8,0.765,5,VSWAP,COL16A1( )
COL16A1, elastase-2  and  cathepsin K ,3,8,0.81,5,VSWAP,COL16A1( )
COL16A1, cathepsin G  and  cathepsin K ,1,8,0.795,7,MWVSWAP,COL16A1( )
COL16A1, matrix metallopeptidase-2  and  cathepsin K ,1407,1413,0.855,6,GERGHP,COL5A1( );COL4A4( );COL16A1( )
COL16A1, matrix metallopeptidase-9  and  cathepsin K ,1407,1413,0.845,6,GERGHP,COL5A1( );COL4A4( );COL16A1( )
COL16A1, matrix metallopeptidase-3  and  cathepsin K ,1407,1413,0.77,6,GERGHP,COL5A1( );COL4A4( );COL16A1( )
COL16A1, cathepsin K  and  elastase-2 ,514,521,0.865,7,PEGFQNF,COL16A1( )
COL16A1, cathepsin K  and  elastase-2 ,514,517,0.765,3,PEG,HMCN2( );FRAS1( );TNXB( );FN1( );TNC(Fibronectin type-III 2);COL7A1( );LAMC2( );FBN2( );VWF( );COMP( );HSPG2( );MATN2( );SRPX( );LTBP4( );LAMA5( );SPON1( );LAMA3( );LAMB2( );FBLN2( );COL1A2( );COL1A1( );COL2A1( );FBN1( );LAMC1( );THBS4( );COL5A2( );LTBP2( );COL18A1( );THBS3( );COL3A1( );COL5A1( );COL6A3( );VTN( );COL4A4( );COL4A1( );LAMB1( );COL4A3( );NID1( );COL4A5( );COL14A1( );COL6A1( );COL16A1( );EMILIN1( );COL6A2( );PCOLCE( );LRG1( );COLQ( );COL15A1( );VWA5B1( );HSPA5( );HYOU1( );YBX1( );VCL( );TLN1( );ITIH4( );CHGA( );TNF( );CSPG4( );LGALS7( );ITIH3( );PMEL( );EEF2( );RPN1( );EIF4A1( );CANX( );SOGA1( );SERPIND1(1);POMC( );NAMPT( );C3( );FLNA( );COPA( );RNPEP( );SERPINB2( );NUCB1( );CPQ( );KARS( );GANAB( );A2M( );SERPINA7( );ALCAM( );C5( );PROCR( );AHSG( );ACE( );GSN( );APOB( );FLNB( );HSPB1( );MUC4( );PROS1( );CTSK( );ACPP( );RBP4( );ADAMTSL5( );PRKDC( );CRIP2( );A2ML1( );CD163( );PAPPA( );PSAPL1(Saposin B-type 2);TG( );NGFR( );CD5L( );C4BPA( );CFB( );C1S( );EGFR( );PLAT( );HGF( );CFH( )
COL16A1, cathepsin K  and  cathepsin G ,514,517,0.755,3,PEG,HMCN2( );FRAS1( );TNXB( );FN1( );TNC(Fibronectin type-III 2);COL7A1( );LAMC2( );FBN2( );VWF( );COMP( );HSPG2( );MATN2( );SRPX( );LTBP4( );LAMA5( );SPON1( );LAMA3( );LAMB2( );FBLN2( );COL1A2( );COL1A1( );COL2A1( );FBN1( );LAMC1( );THBS4( );COL5A2( );LTBP2( );COL18A1( );THBS3( );COL3A1( );COL5A1( );COL6A3( );VTN( );COL4A4( );COL4A1( );LAMB1( );COL4A3( );NID1( );COL4A5( );COL14A1( );COL6A1( );COL16A1( );EMILIN1( );COL6A2( );PCOLCE( );LRG1( );COLQ( );COL15A1( );VWA5B1( );HSPA5( );HYOU1( );YBX1( );VCL( );TLN1( );ITIH4( );CHGA( );TNF( );CSPG4( );LGALS7( );ITIH3( );PMEL( );EEF2( );RPN1( );EIF4A1( );CANX( );SOGA1( );SERPIND1(1);POMC( );NAMPT( );C3( );FLNA( );COPA( );RNPEP( );SERPINB2( );NUCB1( );CPQ( );KARS( );GANAB( );A2M( );SERPINA7( );ALCAM( );C5( );PROCR( );AHSG( );ACE( );GSN( );APOB( );FLNB( );HSPB1( );MUC4( );PROS1( );CTSK( );ACPP( );RBP4( );ADAMTSL5( );PRKDC( );CRIP2( );A2ML1( );CD163( );PAPPA( );PSAPL1(Saposin B-type 2);TG( );NGFR( );CD5L( );C4BPA( );CFB( );C1S( );EGFR( );PLAT( );HGF( );CFH( )
COL16A1, cathepsin K  and  matrix metallopeptidase-2 ,30,35,0.79,5,PSQQE,COL16A1( )
COL16A1, cathepsin K  and  matrix metallopeptidase-7 ,30,37,0.775,7,PSQQEGL,COL16A1( )
COL16A1, cathepsin K  and  matrix metallopeptidase-2 ,1284,1291,0.865,7,QGRPGPP,COL16A1( )
COL16A1, cathepsin K  and  matrix metallopeptidase-9 ,1284,1291,0.775,7,QGRPGPP,COL16A1( )
COL16A1, cathepsin K  and  matrix metallopeptidase-3 ,1284,1291,0.8400000000000001,7,QGRPGPP,COL16A1( )
COL16A1, matrix metallopeptidase-3  and  cathepsin K ,1280,1284,0.765,4,AMGP,COL5A2( );COL12A1(Collagen-like 2);COL4A3( );COL16A1( );COL17A1( );ITIH5( );ITIH1( )
COL16A1, elastase-2  and  cathepsin K ,1280,1284,0.765,4,AMGP,COL5A2( );COL12A1(Collagen-like 2);COL4A3( );COL16A1( );COL17A1( );ITIH5( );ITIH1( )
COL16A1, cathepsin K  and  cathepsin K ,1389,1392,0.775,3,GGP,HMCN2( );TNXB( );COL7A1( );LAMC2( );VWF( );HSPG2( );ELN( );LTBP4( );LGI3( );LAMA5( );LAMA3( );FBLN2( );COL1A2( );COL1A1( );COL2A1( );COL5A2( );LTBP2( );COL18A1( );THBS2( );COL3A1( );COL5A1( );COL6A3( );VTN( );COL6A5( );COL4A4( );COL12A1( );COL4A1( );LAMB1( );FBLN1( );COL4A3( );LAMA2( );COL14A1( );IGFBP7(IGFBP N-terminal);COL6A1( );COL4A2( );COL16A1( );COL6A6( );EMILIN1( );COL6A2( );LAMA4( );COL15A1( );COL17A1( );KRTDAP( );HYOU1( );HADHA( );YBX1( );VCL( );SDC1( );TNF( );CSPG4( );ANXA1( );PMEL( );C1QB( );SOGA1( );VWA8( );DPP7( );POMC( );HNRNPA2B1( );FLNA( );PLEC( );GPI( );OLFML3( );EPHB4( );CPE( );SERPINB2( );DMKN( );KDR( );IL1A( );CDSN( );CTSG( );NTF4( );FGFR3( );CFD( );NECTIN1( );CMA1( );HNRNPK( );ITIH1( );CREG1( );IGHG4( );GLG1(Poly-Gly);FLNB( );SOD1( );IGHG1( );HSPB1( );TNFSF10( );C4B( );C4A( );MUC4( );ST14( );KLK14( );KLK13( );PRF1( );SPINT1( );KLK10( );CST3( );KLK5( );CELA1( );IGHG3( );KLK11( );KLK7( );GLA( );KLKB1( );TPSD1( );FLT1( );P3H1( );TPSB2( );CFI( );PLG( );KLK6( );NTF3( );PRLR( );PRTN3( );PLAU( );CFB( );MDK( );TNFRSF18( );CTSB( );F2( );HGFAC( );PRSS1( );ESR2( );KLK8( );TPSAB1( );PLAT( );HGF( )
COL16A1, matrix metallopeptidase-9  and  cathepsin K ,1386,1392,0.75,6,GMPGGP,COL16A1( )
COL16A1, cathepsin K  and  granzyme B ({Homo sapiens}-type) ,143,150,0.8049999999999999,7,ELRAQGQ,COL16A1( )
COL16A1, cathepsin K  and  granzyme B ({Homo sapiens}-type) ,218,221,0.855,3,VSF,HMCN2(Ig-like C2-type 40);LAMA3( );MFAP4( );FGA( );VCAN( );COL6A5( );COL12A1( );LAMA2( );COL16A1( );LAMA4( );COL15A1( );VWA5B1( );C1QBP( );TLN1( );IFNG( );CSPG4( );CAMP( );ITIH3( );TFRC( );ITIH2( );GBP1( );PZP( );DYNC1H1( );PYCARD( );RNPEP( );APOA1( );PROCR( );C2( );ACE( );SLC25A5(Solcar 1);GLG1( );LEPROT( );PPIA( );TSLP( );MUC4( );CTSK( );IL33( );PRKDC( );CD163( );PAPPA( );IL17F( );TLR9( );APOH( );FGFR1( );INHBA( )
COL16A1, granzyme B ({Homo sapiens}-type)  and  cathepsin K ,211,218,0.8500000000000001,7,DAEQGKP,COL16A1( )
COL16A1, cathepsin K  and  elastase-2 ,218,225,0.8500000000000001,7,VSFDLQQ,COL16A1( )
COL16A1, matrix metallopeptidase-9  and  cathepsin K ,319,324,0.785,5,CVHGA,COL16A1( )
COL16A1, cathepsin K  and  elastase-2 ,324,328,0.935,4,RDSN,COL16A1( );LAMA4( )
COL16A1, elastase-2  and  cathepsin K ,320,324,0.935,4,VHGA,LAMA5( );LAMB2( );COL16A1( );DSC2( );AGT( );SPINK5( )
COL16A1, cathepsin K  and  cathepsin K ,121,127,0.76,6,QVTDAN,COL16A1( )
COL16A1, granzyme B ({Homo sapiens}-type)  and  cathepsin K ,124,127,0.77,3,DAN,HMCN2( );FBN2( );LTBP2( );COL1A1( );FBN1( );THBS1(Laminin G-like);COL18A1( );VCAN( );DMBT1( );LAMA2( );COL16A1( );COL17A1( );HSPA8( );CAMP( );ITIH3( );LGALS1( );PZP( );HSPA9( );HPSE( );DYNC1H1( );SOGA1( );VWA8( );SERPINI1( );GPI( );S100A12( );F13A1( );SERPING1( );NECTIN1( );CD109( );APOB( );LEPROT( );MUC4( );TG( );CFI( );EGFR( );LOX( )
COL16A1, cathepsin K  and  elastase-2 ,127,131,0.8049999999999999,4,GYPQ,COL16A1( );NELL2( )
COL16A1, cathepsin K  and  granzyme B ({Homo sapiens}-type) ,363,367,0.885,4,RISP,FBN2( );FBN1( );DMBT1( );COL16A1( );SDC4( );COPA( );MIF( );CLTC( )
COL16A1, cathepsin K  and  cathepsin G ,1508,1513,0.755,5,PGVRG,COL7A1( );COL5A2( );COL6A5( );COL4A4( );COL4A3( );COL16A1( )
COL16A1, cathepsin K  and  cathepsin K ,1063,1068,0.745,5,GLPGL,COL7A1( );COL1A2( );COL5A2( );COL18A1( );COL3A1( );COL5A1( );COL4A4( );COL4A1( );COL4A3( );COL4A5( );COL4A6( );COL4A2( );COL16A1( );COL15A1( );C1QB( )
COL16A1, matrix metallopeptidase-3  and  cathepsin K ,1058,1063,0.755,5,AVGSP,COL1A2( );COL16A1( )
COL16A1, cathepsin K  and  matrix metallopeptidase-2 ,1209,1213,0.91,4,QGPA,COL1A2( );COL1A1( );COL2A1( );COL5A1( );COL6A3(Collagen-like 3);NID1( );COL4A6( );COL16A1( );CTHRC1( );CSPG4( )
COL16A1, cathepsin K  and  matrix metallopeptidase-9 ,1209,1213,0.905,4,QGPA,COL1A2( );COL1A1( );COL2A1( );COL5A1( );COL6A3(Collagen-like 3);NID1( );COL4A6( );COL16A1( );CTHRC1( );CSPG4( )
COL16A1, cathepsin K  and  matrix metallopeptidase-3 ,1209,1213,0.86,4,QGPA,COL1A2( );COL1A1( );COL2A1( );COL5A1( );COL6A3(Collagen-like 3);NID1( );COL4A6( );COL16A1( );CTHRC1( );CSPG4( )
COL16A1, cathepsin K  and  matrix metallopeptidase-7 ,1209,1213,0.9400000000000001,4,QGPA,COL1A2( );COL1A1( );COL2A1( );COL5A1( );COL6A3(Collagen-like 3);NID1( );COL4A6( );COL16A1( );CTHRC1( );CSPG4( )
COL16A1, cathepsin K  and  matrix metallopeptidase-7 ,1209,1216,0.78,7,QGPAGLD,COL16A1( )
COL16A1, cathepsin K  and  granzyme B ({Homo sapiens}-type) ,1209,1215,0.8400000000000001,6,QGPAGL,COL4A6( );COL16A1( )
COL16A1, elastase-2  and  cathepsin K ,409,414,0.78,5,IKGVP,COL16A1( )
COL16A1, matrix metallopeptidase-2  and  cathepsin K ,1291,1296,0.86,5,GHVGP,COL16A1( )
COL16A1, matrix metallopeptidase-9  and  cathepsin K ,1291,1296,0.77,5,GHVGP,COL16A1( )
COL16A1, matrix metallopeptidase-3  and  cathepsin K ,1291,1296,0.835,5,GHVGP,COL16A1( )
COL16A1, matrix metallopeptidase-9  and  cathepsin K ,182,186,0.8200000000000001,4,VHVD,COL16A1( );P3H1( )
COL16A1, matrix metallopeptidase-3  and  cathepsin K ,181,186,0.865,5,SVHVD,COL16A1( )
COL16A1, cathepsin K  and  elastase-2 ,186,189,0.795,3,CSS,FRAS1( );FBN2( );SRPX( );LTBP4( );LAMA5( );SPON1( );LAMA3( );LTBP2( );FBN1( );LAMC1(Laminin EGF-like 2);THBS1( );LTBP2( );THBS2( );FBLN1( );LAMA2(Laminin EGF-like 13);COL16A1( );EMCN( );HSD17B11( );LBP( );GPC2( );HPSE( );DYNC1H1( );FLNA( );LGALS3BP( );CDSN( );CASP1( );MMP19( );C5( );PLSCR1(Cys-rich);CTSV( );C2( );F2R( );SLTM( );APOB( );CTSL( );IL4( );C1R(CUB 2);KLK10( );FGF7( );ADAMTSL5( );CELA1( );FGFR4( );PAPPA( );HPX( );CASP4( );ADAMTS17( );FGFR1( );LTF( );FGFR2( );SFRP5( );HGFAC( );FST( );HRG( );SLURP1( );CD59( );EDN1( );PLAUR( )
COL16A1, elastase-2  and  cathepsin K ,574,579,0.825,5,ASGDV,COL16A1( );WDR1( )
COL16A1, cathepsin K  and  cathepsin K ,888,894,0.74,6,GMPGAP,COL16A1(Collagen-like 5)
COL16A1, cathepsin K  and  cathepsin G ,894,897,0.815,3,GLW,HMCN2( );VWF( );AEBP1( );LAMA2( );COL16A1( );EMILIN1( );LRG1( );LAMA4( );CSPG4( );OLFML3( );SERPINA6( );SOD3( );RAC1( );CD109( );OLFML1( );SERPINC1( );TSLP( );AZGP1( );PROS1( );PRF1( );PAPPA( );HPX( );ADAMTS17( );APOH( );RNASE7( );EGFR( );FOLR2( )
COL16A1, cathepsin K  and  cathepsin K ,948,953,0.745,5,EQHLL,COL16A1( );IL4R(Extracellular)
COL16A1, matrix metallopeptidase-3  and  cathepsin K ,941,948,0.76,7,ELGSLPI,COL16A1( )
COL16A1, cathepsin K  and  matrix metallopeptidase-3 ,948,953,0.755,5,EQHLL,COL16A1( );IL4R(Extracellular)
COL16A1, matrix metallopeptidase-7  and  cathepsin K ,941,948,0.8200000000000001,7,ELGSLPI,COL16A1( )
COL16A1, elastase-2  and  cathepsin K ,943,948,0.76,5,GSLPI,COL16A1( )
COL16A1, cathepsin K  and  cathepsin G ,948,953,0.785,5,EQHLL,COL16A1( );IL4R(Extracellular)
COL16A1, cathepsin K  and  matrix metallopeptidase-2 ,811,818,0.8200000000000001,7,RGPPGPT,COL16A1( )
COL16A1, elastase-2  and  cathepsin K ,804,811,0.885,7,IQGLPGP,COL4A5( );COL16A1( )
COL16A1, cathepsin K  and  cathepsin G ,811,817,0.74,6,RGPPGP,COL7A1( );COL1A2( );COL1A1( );COL2A1( );COL5A2( );COL18A1( );COL3A1( );COL5A1( );COL4A4( );COL12A1(Collagen-like 3);COL4A1( );COL4A5( );COL14A1( );COL4A2( );COL16A1( );COL15A1(Collagen-like 1);COL17A1( )
COL16A1, matrix metallopeptidase-9  and  cathepsin K ,1386,1389,0.735,3,GMP,COL1A1( );COL2A1( );COL5A2( );COL18A1( );COL3A1( );COL5A1( );COL4A4( );COL4A1( );COL4A3( );COL4A5( );COL4A6( );COL14A1( );COL4A2( );COL16A1(Collagen-like 5);COLQ( );COL17A1( );HSPA8( );HNRNPU( );HSPA9( );DSG1( );C3( );C1QC( );MMP10( );PAPPA( );TPSD1( );TPSB2( );TPSAB1( )
COL16A1, matrix metallopeptidase-2  and  cathepsin K ,847,854,0.8049999999999999,7,GRDGQQG,COL16A1( )
COL16A1, cathepsin K  and  matrix metallopeptidase-2 ,1551,1555,0.825,4,TGPM,FN1( );THBS4( );COL5A2( );COL5A1( );LAMB1( );COL16A1( );GBP1( )
COL16A1, matrix metallopeptidase-2  and  cathepsin K ,1544,1551,0.75,7,GYGKMGA,COL16A1( )
COL16A1, cathepsin K  and  matrix metallopeptidase-9 ,1551,1555,0.78,4,TGPM,FN1( );THBS4( );COL5A2( );COL5A1( );LAMB1( );COL16A1( );GBP1( )
COL16A1, matrix metallopeptidase-9  and  cathepsin K ,1544,1551,0.78,7,GYGKMGA,COL16A1( )
COL16A1, cathepsin K  and  granzyme B ({Homo sapiens}-type) ,1254,1259,0.845,5,PGPKG,COL7A1( );COL1A2( );COL1A1( );COL2A1( );COL5A2( );COL18A1( );COL3A1( );COL5A1( );COL6A3( );COL6A5( );COL4A4( );COL4A1( );COL4A3( );COL4A5( );COL4A6( );COL14A1( );COL6A1( );COL4A2( );COL16A1( );COL6A2( );COL17A1( );C1QB( );C1QC( )
COL16A1, cathepsin K  and  matrix metallopeptidase-9 ,1023,1027,0.755,4,PGPP,TNXB(Fibronectin type-III 16);COL7A1( );COL1A2( );COL1A1( );COL2A1( );COL5A2( );LTBP2( );COL18A1( );COL3A1( );COL5A1( );PRELP( );COL6A5( );COL4A4( );COL12A1( );COL4A1( );COL4A3( );COL4A5( );COL4A6( );COL14A1( );COL6A1( );COL4A2( );COL16A1( );COL6A6( );EMILIN1( );COL6A2( );COLQ( );COL15A1( );COL17A1( );ITIH4( );LGALS3( );FGFR4( )
COL16A1, elastase-2  and  cathepsin K ,385,389,0.76,4,ALGP,FRAS1( );COL7A1( );ELN( );LAMA3( );FBLN2( );COL18A1( );TGFBI( );COL4A4( );COL4A5( );COL4A6( );COL14A1(Collagen-like 1);COL16A1( );EMILIN1( );SHH( );ACTN4( );MMP11( );PSAPL1( )
COL16A1, cathepsin K  and  matrix metallopeptidase-9 ,333,337,0.735,4,SGPK,COL7A1( );HSPG2( );COL5A2( );COL3A1( );COL5A1( );COL6A5( );COL4A5( );COL4A6( );COL16A1( );COL6A6( );COL6A2( );HSPA9( )
COL16A1, elastase-2  and  cathepsin K ,328,333,0.915,5,VTLAP,COL16A1( )
COL16A1, matrix metallopeptidase-2  and  cathepsin K ,1123,1128,0.745,5,GSEGL,COL16A1( )
COL16A1, matrix metallopeptidase-9  and  cathepsin K ,1123,1128,0.8300000000000001,5,GSEGL,COL16A1( )
COL16A1, cathepsin K  and  granzyme B ({Homo sapiens}-type) ,121,124,0.74,3,QVT,HMCN2( );FRAS1( );TNXB( );FN1( );COL7A1( );VWF( );HSPG2( );ANOS1( );LAMA5( );LAMA3( );LTBP2( );THBS1( );LTBP2( );COL18A1( );THBS2( );VTN(SMB);COL16A1( );COL6A6( );PCOLCE( );LAMA4( );EMCN( );CDH1( );CHGA( );CLCA4( );APOE( );CSPG4( );PMEL(8);ITIH2( );PZP( );C1QB( );DYNC1H1( );DSG1( );IGLL5( );SNCA( );FLNA(Filamin 15);PLEC( );GPI( );LRPAP1( );A2M( );SERPINA1( );ALCAM( );IGLC1( );IGLC6( );C5( );MMP14( );NECTIN1( );MMP9( );CLEC3B( );TNFSF15( );PROCR( );HNRNPK( );PPT1( );CD109( );APOB( );FLNB( );NCAM1( );TEK( );KLK14( );PRKDC( );CRIP2( );PRL( );GLA( );PAPPA( );ADAMTS17( );ANG( );IGLC3( );IGLC3( );FGFR1( );FGFR2( );NTF3( );F2( );CFH( )
COL16A1, cathepsin G  and  cathepsin K ,118,121,0.8200000000000001,3,YLF,FRAS1( );VWF( );MATN2( );LGI3( );MFAP2( );VTN( );COL16A1( );LRG1( );CLCA4( );RAB8A( );EFTUD2( );C3( );LEP( );CLTC( );CASP1( );ACE2( );MMP9( );MMP10( );CP( );SPINT1( );CASP4( );PSAPL1( );TG( );CFI( );HRG( )
COL16A1, matrix metallopeptidase-2  and  cathepsin K ,1213,1218,0.885,5,GLDGL,FBLN2( );COL1A2( );COL6A3( );COL4A5( );COL16A1( );ALDOA( )
COL16A1, matrix metallopeptidase-9  and  cathepsin K ,1213,1218,0.88,5,GLDGL,FBLN2( );COL1A2( );COL6A3( );COL4A5( );COL16A1( );ALDOA( )
COL16A1, matrix metallopeptidase-3  and  cathepsin K ,1213,1218,0.835,5,GLDGL,FBLN2( );COL1A2( );COL6A3( );COL4A5( );COL16A1( );ALDOA( )
COL16A1, matrix metallopeptidase-7  and  cathepsin K ,1213,1218,0.915,5,GLDGL,FBLN2( );COL1A2( );COL6A3( );COL4A5( );COL16A1( );ALDOA( )
COL16A1, granzyme B ({Homo sapiens}-type)  and  cathepsin K ,1215,1218,0.815,3,DGL,HMCN2( );FRAS1( );TNC( );COL7A1( );LAMC2( );FBN2( );VWF( );HSPG2( );LAMA5( );LAMA3( );LAMB2( );FBLN2( );COL1A2( );COL1A1( );COL2A1( );COL5A2( );THBS2( );THBS3( );FMOD( );COL3A1( );COL5A1( );COL6A3( );COL6A5( );COL4A4( );COL4A1( );COL4A3( );NID1( );COL4A5( );LAMA2( );COL4A6( );COL4A2( );COL16A1( );BGN( );COL6A6( );LAMA4( );COLQ( );COL15A1( );CKAP4( );HSP90B1( );CCT6A( );CSPG4( );CAMP( );ITIH3( );EEF2( );NAXE( );GPC2( );DYNC1H1( );SOGA1( );DSC2( );VWA8( );ALDOA( );EFTUD2( );NAMPT( );FLNA( );PLEC( );KDR( );NUCB1( );CPQ( );GANAB( );LRPAP1( );GPC1( );ACTN2( );ACTN4( );ITIH5( );MMP28( );MMP11( );ACTN1( );NUCB2( );MMP9( );PROCR( );C1QC( );ITIH1( );GSN( );APOB( );FLNB( );PKM( );MMP2( );LEPROT( );C4B( );C4A( );KNG1( );TEK( );LOXL1( );AFM( );ADAMTSL5( );TLL1( );A2ML1( );HBB( );PAPPA( );KLKB1( );CALU( );TG(Type II);FLT1( );TIMP1( );NELL2( );FGFR2( );SFRP5( );CFB( );F2( );HGF( )
COL16A1, matrix metallopeptidase-3  and  cathepsin K ,1596,1603,0.72,7,MKTMKGP,COL16A1( )
COL16A1, matrix metallopeptidase-7  and  cathepsin K ,1596,1603,0.755,7,MKTMKGP,COL16A1( )
COL16A1, elastase-2  and  cathepsin K ,1598,1603,0.735,5,TMKGP,COL16A1( );FLNB( )
COL16A1, cathepsin K  and  elastase-2 ,797,804,0.87,7,GAPGLPG,COL7A1( );COL1A2( );COL5A2( );COL3A1( );COL4A1( );COL4A5( );COL4A6( );COL4A2( );COL16A1( );COL15A1( )
COL16A1, cathepsin K  and  matrix metallopeptidase-2 ,711,718,0.815,7,QGPAGPK,COL16A1( )
COL16A1, cathepsin K  and  matrix metallopeptidase-2 ,711,715,0.755,4,QGPA,COL1A2( );COL1A1( );COL2A1( );COL5A1( );COL6A3(Collagen-like 3);NID1( );COL4A6( );COL16A1( );CTHRC1( );CSPG4( )
COL16A1, cathepsin K  and  matrix metallopeptidase-9 ,711,718,0.765,7,QGPAGPK,COL16A1( )
COL16A1, cathepsin G  and  cathepsin K ,704,711,0.7949999999999999,7,LSGEPGV,COL16A1( )
COL16A1, cathepsin K  and  matrix metallopeptidase-2 ,770,774,0.955,4,QGPP,COL7A1( );HSPG2( );COL1A2( );COL1A1( );COL2A1( );COL5A2( );COL18A1( );COL3A1( );COL5A1( );COL4A4( );COL12A1( );COL4A1( );COL4A3( );COL4A5( );COL4A6( );COL14A1( );COL6A1( );COL4A2( );COL16A1( );COL6A6( );EMILIN1( );COLQ( );COL15A1( );COL17A1( );CSPG4( );PDCD6IP( );CDSN( );PLSCR1( );CD109( );IGHA1( );IGHA2( );P3H1( );HRG( )
COL16A1, cathepsin K  and  matrix metallopeptidase-9 ,770,774,0.88,4,QGPP,COL7A1( );HSPG2( );COL1A2( );COL1A1( );COL2A1( );COL5A2( );COL18A1( );COL3A1( );COL5A1( );COL4A4( );COL12A1( );COL4A1( );COL4A3( );COL4A5( );COL4A6( );COL14A1( );COL6A1( );COL4A2( );COL16A1( );COL6A6( );EMILIN1( );COLQ( );COL15A1( );COL17A1( );CSPG4( );PDCD6IP( );CDSN( );PLSCR1( );CD109( );IGHA1( );IGHA2( );P3H1( );HRG( )
COL16A1, cathepsin K  and  matrix metallopeptidase-9 ,770,777,0.725,7,QGPPGLK,COL7A1( );COL4A2( );COL16A1( )
COL16A1, cathepsin K  and  matrix metallopeptidase-3 ,770,774,0.825,4,QGPP,COL7A1( );HSPG2( );COL1A2( );COL1A1( );COL2A1( );COL5A2( );COL18A1( );COL3A1( );COL5A1( );COL4A4( );COL12A1( );COL4A1( );COL4A3( );COL4A5( );COL4A6( );COL14A1( );COL6A1( );COL4A2( );COL16A1( );COL6A6( );EMILIN1( );COLQ( );COL15A1( );COL17A1( );CSPG4( );PDCD6IP( );CDSN( );PLSCR1( );CD109( );IGHA1( );IGHA2( );P3H1( );HRG( )
COL16A1, cathepsin K  and  matrix metallopeptidase-7 ,770,774,0.76,4,QGPP,COL7A1( );HSPG2( );COL1A2( );COL1A1( );COL2A1( );COL5A2( );COL18A1( );COL3A1( );COL5A1( );COL4A4( );COL12A1( );COL4A1( );COL4A3( );COL4A5( );COL4A6( );COL14A1( );COL6A1( );COL4A2( );COL16A1( );COL6A6( );EMILIN1( );COLQ( );COL15A1( );COL17A1( );CSPG4( );PDCD6IP( );CDSN( );PLSCR1( );CD109( );IGHA1( );IGHA2( );P3H1( );HRG( )
COL16A1, matrix metallopeptidase-2  and  cathepsin K ,156,159,0.99,3,CIF,LAMC2( );CTGF( );COL16A1( );HADHA( );PMEL( );ITIH5( );F2R( );SLTM( );LEPROT( );PRKDC( );PRLR( )
COL16A1, cathepsin K  and  matrix metallopeptidase-3 ,159,165,0.845,6,PVPQLF,COL16A1( )
COL16A1, cathepsin K  and  granzyme B ({Homo sapiens}-type) ,159,165,0.735,6,PVPQLF,COL16A1( )
COL16A1, granzyme B ({Homo sapiens}-type)  and  cathepsin K ,686,691,0.87,5,DAGNP,COL16A1( )
COL16A1, cathepsin K  and  matrix metallopeptidase-2 ,3,10,0.735,7,VSWAPGL,COL16A1( )
COL16A1, cathepsin K  and  matrix metallopeptidase-7 ,3,8,0.74,5,VSWAP,COL16A1( )
COL16A1, cathepsin K  and  matrix metallopeptidase-2 ,953,958,0.76,5,KSICG,POSTN( );COL16A1( )
COL16A1, matrix metallopeptidase-9  and  cathepsin K ,948,953,0.855,5,EQHLL,COL16A1( );IL4R(Extracellular)
COL16A1, matrix metallopeptidase-3  and  cathepsin K ,950,953,0.735,3,HLL,HMCN2( );FRAS1( );TNXB( );NOV( );LAMC2( );VWF( );HSPG2( );LAMA3( );FGB( );MFAP4( );FGA( );LTBP2( );COL6A5( );NID1( );LAMA2( );COL16A1( );UCN( );HSPA5( );S100A13( );HYOU1( );MYH9( );CSPG4( );SHH( );SERPINF2( );RPN1( );DYNC1H1( );SOGA1( );DSC2( );VWA8( );PGLYRP2( );LGALS3( );CPE( );CPQ( );IL2( );GPC1( );CLTC( );PPY( );SERPINA4( );WDR1(WD 1);ACE2( );ORM1( );SERPINA3( );ACE( );LCN1( );CD109( );APOB( );GLG1( );AGTR2( );LEPROT( );IGHA1( );ORM2( );QPCT( );IGHA2( );CRH( );C4B( );C4A( );PENK( );IL17C( );KLK10( );IL20( );PRKDC( );SFRP2( );TG( );TAC1( );IL4R( );KLK6( );PRLR( );ESR2( );VEGFC( );PLAT( );HGF( )
COL16A1, cathepsin K  and  matrix metallopeptidase-3 ,953,958,0.72,5,KSICG,POSTN( );COL16A1( )
COL16A1, cathepsin K  and  granzyme B ({Homo sapiens}-type) ,953,958,0.7849999999999999,5,KSICG,POSTN( );COL16A1( )
COL16A1, cathepsin K  and  elastase-2 ,953,960,0.875,7,KSICGDC,COL16A1( )
COL16A1, elastase-2  and  cathepsin K ,950,953,0.815,3,HLL,HMCN2( );FRAS1( );TNXB( );NOV( );LAMC2( );VWF( );HSPG2( );LAMA3( );FGB( );MFAP4( );FGA( );LTBP2( );COL6A5( );NID1( );LAMA2( );COL16A1( );UCN( );HSPA5( );S100A13( );HYOU1( );MYH9( );CSPG4( );SHH( );SERPINF2( );RPN1( );DYNC1H1( );SOGA1( );DSC2( );VWA8( );PGLYRP2( );LGALS3( );CPE( );CPQ( );IL2( );GPC1( );CLTC( );PPY( );SERPINA4( );WDR1(WD 1);ACE2( );ORM1( );SERPINA3( );ACE( );LCN1( );CD109( );APOB( );GLG1( );AGTR2( );LEPROT( );IGHA1( );ORM2( );QPCT( );IGHA2( );CRH( );C4B( );C4A( );PENK( );IL17C( );KLK10( );IL20( );PRKDC( );SFRP2( );TG( );TAC1( );IL4R( );KLK6( );PRLR( );ESR2( );VEGFC( );PLAT( );HGF( )
COL16A1, cathepsin K  and  matrix metallopeptidase-2 ,428,432,0.865,4,IGPK,ADIPOQ( );COL7A1( );VCAN( );COL6A3( );COL4A4( );COL12A1( );COL4A3( );COL4A6( );COL6A1( );COL16A1( )
COL16A1, matrix metallopeptidase-2  and  cathepsin K ,424,428,0.735,4,EICV,MFAP2( );COL16A1( )
COL16A1, cathepsin K  and  matrix metallopeptidase-9 ,428,432,0.84,4,IGPK,ADIPOQ( );COL7A1( );VCAN( );COL6A3( );COL4A4( );COL12A1( );COL4A3( );COL4A6( );COL6A1( );COL16A1( )
COL16A1, cathepsin K  and  matrix metallopeptidase-3 ,428,432,0.765,4,IGPK,ADIPOQ( );COL7A1( );VCAN( );COL6A3( );COL4A4( );COL12A1( );COL4A3( );COL4A6( );COL6A1( );COL16A1( )
COL16A1, matrix metallopeptidase-3  and  cathepsin K ,424,428,0.73,4,EICV,MFAP2( );COL16A1( )
COL16A1, cathepsin K  and  matrix metallopeptidase-3 ,1425,1432,0.865,7,GVPGSMG,COL16A1( )
COL16A1, cathepsin K  and  granzyme B ({Homo sapiens}-type) ,1425,1432,0.84,7,GVPGSMG,COL16A1( )
COL16A1, cathepsin K  and  cathepsin G ,1425,1430,0.7849999999999999,5,GVPGS,COL7A1( );VWF( );COL4A4( );COL4A3( );COL4A5( );COL16A1( );COL17A1( )
COL16A1, matrix metallopeptidase-2  and  cathepsin K ,1237,1242,0.98,5,GLMGP,COL1A2( );COL4A5( );COL16A1( )
COL16A1, matrix metallopeptidase-9  and  cathepsin K ,1237,1242,0.9249999999999999,5,GLMGP,COL1A2( );COL4A5( );COL16A1( )
COL16A1, matrix metallopeptidase-3  and  cathepsin K ,1237,1242,0.835,5,GLMGP,COL1A2( );COL4A5( );COL16A1( )
COL16A1, matrix metallopeptidase-7  and  cathepsin K ,1237,1242,0.86,5,GLMGP,COL1A2( );COL4A5( );COL16A1( )
COL16A1, matrix metallopeptidase-3  and  cathepsin K ,1446,1452,0.83,6,EIIKMF,COL16A1( )
COL16A1, matrix metallopeptidase-3  and  cathepsin K ,1449,1452,0.715,3,KMF,VCAN( );COL16A1( );COL6A6( );LRG1( );CSPG4( );SERPINA5( );HSPH1( );EIF4A1( );DYNC1H1( );CLTC( );F13A1( );CLEC3B( );MELTF( );IL1RL1( );C9( );KLK14( );TLL1( );TIMP2( )
COL16A1, cathepsin K  and  matrix metallopeptidase-7 ,1452,1456,0.72,4,DERM,COL16A1( );ITIH2( );EGFR( )
COL16A1, elastase-2  and  cathepsin K ,1448,1452,0.855,4,IKMF,VCAN( );COL16A1( );EIF4A1( );TIMP2( )
COL16A1, elastase-2  and  cathepsin K ,1447,1452,0.835,5,IIKMF,COL16A1( )
COL16A1, cathepsin K  and  cathepsin G ,1452,1455,0.76,3,DER,FRAS1( );VWF( );HSPG2( );ANOS1( );COL6A5( );COL16A1( );COL6A2( );FGG( );ATP5B( );MYH9( );VCL( );CHGA( );CLCA4( );ITIH3( );ITIH2( );CANX(1-1);DYNC1H1( );SOGA1( );PFKP( );AGT( );SERPINA12( );CALR(1-2);PLEC(Actin-binding);ACTN2( );PPY( );MMP28( );MMP1( );ST14( );PRKDC( );C7( );CALU( );TPSB2( );HGFAC( );EGFR( );HRG( );TPSAB1( )
COL16A1, cathepsin K  and  cathepsin G ,1452,1457,0.74,5,DERMA,COL16A1( )
COL16A1, matrix metallopeptidase-2  and  cathepsin K ,883,888,0.835,5,DLIFS,COL16A1( )
COL16A1, cathepsin K  and  matrix metallopeptidase-9 ,888,894,0.745,6,GMPGAP,COL16A1(Collagen-like 5)
COL16A1, matrix metallopeptidase-3  and  cathepsin K ,883,888,0.8200000000000001,5,DLIFS,COL16A1( )
COL16A1, cathepsin K  and  matrix metallopeptidase-3 ,888,895,0.715,7,GMPGAPG,COL16A1(Collagen-like 5)
COL16A1, cathepsin K  and  matrix metallopeptidase-7 ,888,894,0.74,6,GMPGAP,COL16A1(Collagen-like 5)
COL16A1, granzyme B ({Homo sapiens}-type)  and  cathepsin K ,883,888,0.75,5,DLIFS,COL16A1( )
COL16A1, elastase-2  and  cathepsin K ,885,888,0.7749999999999999,3,IFS,FRAS1( );TNC( );COL7A1( );VWF( );HSPG2( );FGA( );COL18A1( );COL6A5( );DPT( );LAMB1( );OGN( );COL14A1( );COL16A1( );COL6A6( );EMILIN1( );COL15A1( );HSPA5( );C1QBP( );HADHA( );TLN1( );SERPINB5( );GBP1( );C1QB( );DYNC1H1( );DSC2( );VWA8( );DPP7( );SERPIND1(2);KDR( );SERPINA4( );SERPINA3( );C2( );SLTM( );APOB( );GLG1( );ILK( );CTSD( );NCAM1( );MUC4( );SEMA3A( );IGHG3( );A2ML1( );PAPPA( );FLT1( );EDN1( )
COL16A1, cathepsin K  and  matrix metallopeptidase-2 ,1068,1075,0.755,7,QGERGLT,COL16A1(Collagen-like 6)
COL16A1, cathepsin K  and  matrix metallopeptidase-9 ,1068,1072,0.76,4,QGER,COL7A1( );COL5A2( );COL16A1( );LAMB3( );HSPA9( );APOH( );CD55( )
COL16A1, cathepsin K  and  elastase-2 ,1068,1074,0.77,6,QGERGL,COL16A1( )
COL16A1, matrix metallopeptidase-2  and  matrix metallopeptidase-2 ,1306,1311,1.215,5,GISAV,COL16A1( )
COL16A1, matrix metallopeptidase-2  and  matrix metallopeptidase-9 ,1306,1311,1.25,5,GISAV,COL16A1( )
COL16A1, matrix metallopeptidase-2  and  matrix metallopeptidase-3 ,1306,1311,1.12,5,GISAV,COL16A1( )
COL16A1, matrix metallopeptidase-2  and  matrix metallopeptidase-7 ,1306,1311,1.17,5,GISAV,COL16A1( )
COL16A1, matrix metallopeptidase-2  and  elastase-2 ,1306,1310,1.435,4,GISA,COL16A1( );HNRNPU( );IL6( );CLTC( );C5( )
COL16A1, matrix metallopeptidase-2  and  cathepsin G ,1306,1312,1.1099999999999999,6,GISAVG,COL16A1( )
COL16A1, matrix metallopeptidase-2  and  matrix metallopeptidase-2 ,1237,1243,1.09,6,GLMGPP,COL4A5( );COL16A1( )
COL16A1, matrix metallopeptidase-2  and  matrix metallopeptidase-9 ,1237,1243,1.125,6,GLMGPP,COL4A5( );COL16A1( )
COL16A1, matrix metallopeptidase-2  and  matrix metallopeptidase-3 ,1237,1243,1.1,6,GLMGPP,COL4A5( );COL16A1( )
COL16A1, matrix metallopeptidase-2  and  matrix metallopeptidase-3 ,156,161,1.06,5,CIFPV,COL16A1( )
COL16A1, granzyme B ({Homo sapiens}-type)  and  matrix metallopeptidase-2 ,150,156,1.035,6,DGDFVS,COL16A1( )
COL16A1, matrix metallopeptidase-2  and  matrix metallopeptidase-2 ,768,774,0.945,6,GVQGPP,COL1A1( );COL5A1( );COL4A5( );COL4A6( );COL4A2( );COL16A1( );COL17A1( )
COL16A1, matrix metallopeptidase-2  and  matrix metallopeptidase-9 ,774,777,0.95,3,GLK,HMCN2( );TNXB( );FN1( );TNC( );COL7A1( );VWF( );LGI3( );LAMA5( );AEBP1( );COL1A2( );COL2A1( );COL5A2( );COL18A1( );LUM( );COL3A1( );COL5A1( );MFGE8( );KERA( );PRELP( );COL6A5( );COL4A4( );COL12A1( );COL4A1( );COL4A3( );COL4A5( );LAMA2( );COL4A6( );COL6A1( );COL4A2( );COL16A1( );BGN(LRR 1);COL6A6( );COL6A2( );LRG1( );LAMA4( );COL15A1( );COL17A1( );EMCN( );HYOU1( );HADHA( );ITIH4( );SERPINB5( );SDCBP( );PDCD6IP( );RPL11( );EEF2( );CAPZA1( );PZP( );HNRNPU( );P4HB( );CANX( );DYNC1H1( );ADH7( );SOGA1( );SERPIND1( );IL1B( );ATP5A1( );FLNA( );PLEC( );COPA( );EPHB4( );CD14(LRR 4);A1BG( );TUBB( );KARS( );TUBB4B( );A2M( );ACTN2( );SERPINA7( );ACTN4( );SERPINA1( );PON1( );RAC1( );ALCAM( );CPA4( );MMP14( );ACTN1( );GHR( );SERPINA3( );C1QC( );MMP1( );ITIH1( );PPT1( );GSN( );MELTF( );APOB( );FLNB( );NCAM1( );ST14( );CTSK( );PENK( );KLK13( );SPINT1( );AFM( );IL20( );PRKDC( );A2ML1( );CD163( );GLA( );PAPPA( );TG( );FGFR1( );LTF( );NELL2( );PLAU( );EGFR( );INHBA( );PSAP( );TIMP3( );PLAUR( )
COL16A1, elastase-2  and  matrix metallopeptidase-2 ,769,774,1.025,5,VQGPP,HSPG2( );COL1A1( );COL5A1( );COL4A5( );COL4A6( );COL14A1(Collagen-like 4);COL4A2( );COL16A1( );COL17A1( );CDSN( );IGHA1( );IGHA2( )
COL16A1, matrix metallopeptidase-2  and  elastase-2 ,774,778,0.96,4,GLKG,COL7A1( );COL1A2( );COL2A1( );COL5A2( );COL18A1( );COL3A1( );COL5A1( );COL6A5( );COL4A4( );COL12A1( );COL4A1( );COL4A3( );COL4A5( );COL4A6( );COL6A1( );COL4A2( );COL16A1( );COL6A6( );COL6A2( );COL15A1( );SERPIND1( );ATP5A1( );INHBA( )
COL16A1, matrix metallopeptidase-2  and  matrix metallopeptidase-7 ,640,647,0.96,7,NLQDGDV,COL16A1( )
COL16A1, matrix metallopeptidase-7  and  matrix metallopeptidase-2 ,637,640,0.955,3,ALS,HMCN2( );FN1( );TNC( );LAMC2( );FBN2( );VWF( );LGI3( );LAMA5( );LAMA3( );LAMB2( );FBLN2( );MFAP4( );LTBP2( );COL18A1( );VCAN( );THBS3( );COL5A1( );COL6A3( );KERA(LRR 2);COL6A5( );COL12A1( );IGFBP3( );COL4A3( );NID1( );COL4A5( );COL4A6( );COL14A1(Fibronectin type-III 3);COL16A1( );BGN( );COL6A6( );LAMB3( );EMILIN1( );COL6A2( );LAMA4( );COL15A1( );LAD1( );HSPA5( );HSPD1( );SERPINF1( );HYOU1( );MYH9( );YBX1( );SDC1( );TLN1( );HSP90B1( );CCT6A( );SERPINB5( );PDCD6IP( );TFRC( );SERPINF2( );PZP( );DYNC1H1( );SOGA1( );DSC2( );VWA8( );DSG1( );ALDOA( );SBSN( );SERPINA12( );CALR( );LGALS3( );HNRNPA2B1( );FLNA( );PLEC( );GPI( );CALCA( );CD14(LRR 3);SERPINA6( );A1BG( );MMP8( );CD8A( );ANXA2P2( );DMKN( );CPQ( );ANXA2( );GANAB( );IL2( );LEP( );GPC1( );A2M( );CLTC( );PPY( );SERPINA4( );PTGDS( );SERPING1( );C5( );CHGB( );ORM1( );ADM( );ACE( );CXCL1( );MMP1( );MMP10( );GSN( );CD109( );IL1RL1( );APOB( );HSPB1( );NCAM1( );LIF( );ORM2( );PPIA( );NPC2( );C4B( );C4A( );MUC4( );PROS1( );GBA( );KLK13( );PRF1( );PRKDC( );MANF( );A2ML1( );IL10( );CD163( );TF( );PGF( );KLKB1( );ADAMTS17( );CALU( );PSAPL1( );TG( );SST( );TLR9( );NPY( );NTF3( );PRLR( );NRP1( );GDNF( );TNFRSF18( );F2( );HGFAC( );ESR2( );LOX( );TSHB( );PLAT( )
COL16A1, matrix metallopeptidase-2  and  granzyme B ({Homo sapiens}-type) ,640,645,1.0899999999999999,5,NLQDG,FRAS1( );COL16A1( )
COL16A1, matrix metallopeptidase-2  and  granzyme B ({Homo sapiens}-type) ,640,643,0.995,3,NLQ,HMCN2( );FRAS1( );FN1( );VWF( );LGI3( );LAMA3( );LAMB2( );LAMC1( );THBS4( );LTBP2( );THBS3( );FBLN5( );COL6A3( );COL12A1( );LAMA2( );COL14A1( );COL16A1( );COL6A2( );LAMA4( );COL17A1( );MYH9( );VCL( );CLCA4( );CSPG4( );ITIH3( );SERPINA5( );DYNC1H1( );SOGA1( );VWA8( );DSG1( );AGT( );C3( );FLNA( );PLEC( );COPA( );TREM1( );CPQ( );CLTC( );F13A1( );C5( );NECTIN1( );CMA1( );SLTM( );ITIH1( );CREG1( );GSN( );APOB( );FLNB( );OLFML1( );CP( );LEPROT( );ANGPT1( );RAN( );C1R( );IL20( );CXADR( );SFRP2( );KLK11( );TG( );KLK6( );EGFR( )
COL16A1, matrix metallopeptidase-2  and  matrix metallopeptidase-2 ,1207,1213,1.095,6,GIQGPA,COL16A1( )
COL16A1, matrix metallopeptidase-2  and  matrix metallopeptidase-9 ,1207,1213,1.0899999999999999,6,GIQGPA,COL16A1( )
COL16A1, matrix metallopeptidase-2  and  matrix metallopeptidase-3 ,1207,1213,1.045,6,GIQGPA,COL16A1( )
COL16A1, matrix metallopeptidase-2  and  matrix metallopeptidase-7 ,1207,1213,1.125,6,GIQGPA,COL16A1( )
COL16A1, matrix metallopeptidase-9  and  matrix metallopeptidase-2 ,438,444,0.9199999999999999,6,GFVGPE,COL16A1( )
COL16A1, matrix metallopeptidase-7  and  matrix metallopeptidase-2 ,439,444,0.965,5,FVGPE,COL16A1( )
COL16A1, matrix metallopeptidase-2  and  matrix metallopeptidase-9 ,1582,1588,1.065,6,DCFGAM,COL16A1( )
COL16A1, matrix metallopeptidase-2  and  matrix metallopeptidase-7 ,1582,1588,0.9850000000000001,6,DCFGAM,COL16A1( )
COL16A1, matrix metallopeptidase-2  and  cathepsin G ,1582,1589,0.9550000000000001,7,DCFGAMP,COL16A1( )
COL16A1, matrix metallopeptidase-7  and  matrix metallopeptidase-2 ,650,656,0.895,6,ALPGPS,COL16A1( )
COL16A1, elastase-2  and  matrix metallopeptidase-2 ,649,656,0.995,7,VALPGPS,COL16A1( )
COL16A1, cathepsin G  and  matrix metallopeptidase-2 ,651,656,0.9,5,LPGPS,COL7A1( );COL1A2( );COL1A1( );COL2A1( );COL4A1( );COL4A5( );COL4A2( );COL16A1( )
COL16A1, matrix metallopeptidase-2  and  matrix metallopeptidase-2 ,47,52,0.88,5,NVTGF,COL16A1(Laminin G-like)
COL16A1, matrix metallopeptidase-2  and  matrix metallopeptidase-9 ,47,52,0.895,5,NVTGF,COL16A1(Laminin G-like)
COL16A1, matrix metallopeptidase-2  and  cathepsin G ,47,51,0.88,4,NVTG,HMCN2( );LAMA5( );ABI3BP( );IGFBP7( );COL16A1(Laminin G-like);MYH9( );YBX1(CSD);MMP8( );MUC4( )
COL16A1, matrix metallopeptidase-9  and  matrix metallopeptidase-2 ,1207,1213,0.9550000000000001,6,GIQGPA,COL16A1( )
COL16A1, matrix metallopeptidase-3  and  matrix metallopeptidase-2 ,1207,1213,0.9299999999999999,6,GIQGPA,COL16A1( )
COL16A1, matrix metallopeptidase-2  and  matrix metallopeptidase-7 ,1213,1216,0.91,3,GLD,HMCN2( );TNXB( );FN1( );TNC( );COL7A1( );HSPG2( );SRPX( );LAMA5( );FBLN2( );COL1A2( );COL1A1( );COL2A1( );FBN1( );COL5A2( );THBS3( );COL6A3( );DCN(LRR 1);COL6A5( );COL4A4( );COL4A1( );COL4A3( );COL4A5( );LAMA2( );COL4A6( );COL4A2( );COL16A1( );COL6A6( );EMILIN1( );PCOLCE( );HSPA5( );DCD( );SERPINF1( );CKAP4( );CDH1( );HSPA8( );MYH9( );VCL( );CSPG4( );RPL11( );CCT2( );HSPH1( );GPC2( );ARF4( );HSPA9( );HPSE( );DYNC1H1( );DSC2( );ALDOA( );CALR( );FLNA( );COPA( );EPHB4( );SERPINA6( );S100A12( );CD8A( );NUCB1( );GANAB( );LEP( );LRPAP1( );FGFR3( );NUCB2( );CTSV( );MMP9( );ACE( );MELTF( );FLNB( );LEPROT( );C4B( );C4A( );CTSL( );LOXL1( );PRF1( );IL13RA2( );KLK10( );TLL1( );CASP4( );ADAMTS17( );TG( );IL4R( );FGFR1( );PRLR( );F2( );SPINK5( );FST( );VEGFC( );PLAUR( )
COL16A1, elastase-2  and  matrix metallopeptidase-2 ,1208,1213,1.08,5,IQGPA,COL16A1( )
COL16A1, matrix metallopeptidase-2  and  matrix metallopeptidase-9 ,432,438,0.86,6,GQKGDP,COL6A3( );COL16A1( )
COL16A1, matrix metallopeptidase-2  and  matrix metallopeptidase-7 ,432,439,0.905,7,GQKGDPG,COL6A3( );COL16A1( )
COL16A1, matrix metallopeptidase-2  and  granzyme B ({Homo sapiens}-type) ,432,436,0.925,4,GQKG,COL7A1( );LTBP2( );COL2A1( );COL5A2( );COL18A1( );COL5A1( );COL6A3( );COL6A5( );COL4A4( );COL4A1( );COL4A3( );COL4A5( );COL4A6( );COL4A2( );COL16A1( );COL6A2( );COLQ( );COL15A1( );COL17A1( );FLNA( );C1QC( );A2ML1( )
COL16A1, elastase-2  and  matrix metallopeptidase-2 ,428,432,0.895,4,IGPK,ADIPOQ( );COL7A1( );VCAN( );COL6A3( );COL4A4( );COL12A1( );COL4A3( );COL4A6( );COL6A1( );COL16A1( )
COL16A1, elastase-2  and  matrix metallopeptidase-2 ,427,432,0.875,5,VIGPK,COL16A1( )
COL16A1, granzyme B ({Homo sapiens}-type)  and  matrix metallopeptidase-2 ,542,547,0.895,5,DPGIQ,COL16A1( )
COL16A1, matrix metallopeptidase-2  and  cathepsin G ,883,886,1.01,3,DLI,FRAS1( );SPON1( );FBLN2( );THBS2( );VCAN( );COL6A3( );COL6A5( );DMBT1( );COL12A1( );LAMA2( );COL16A1( );SERPINF1( );MYH9( );TLN1( );HSP90AA1( );DAG1( );ITIH2( );EIF4A1(Helicase C-terminal);HSPA9( );HPSE( );DYNC1H1( );DSC2( );PLEC( );COPA( );MMP8( );KARS( );IL2( );ACTN2( );IDE( );ERAP1( );F13A1( );C5( );SERPINA3( );HNRNPK( );SLTM( );APOB( );CTSD( );NCAM1( );QPCT( );C4B( );C4A( );TSLP( );KNG1( );TEK( );LCN2( );A2ML1( );CD163( );TF( );RNASE3( );CALU( );TG( );FLT1( );NGFR( );IL4R( );FGFR1( );VEGFD( );HRG( )
COL16A1, matrix metallopeptidase-9  and  matrix metallopeptidase-2 ,76,83,0.8899999999999999,7,ILRLGAA,COL16A1( )
COL16A1, matrix metallopeptidase-3  and  matrix metallopeptidase-2 ,76,83,0.865,7,ILRLGAA,COL16A1( )
COL16A1, matrix metallopeptidase-9  and  matrix metallopeptidase-2 ,1237,1243,1.035,6,GLMGPP,COL4A5( );COL16A1( )
COL16A1, matrix metallopeptidase-3  and  matrix metallopeptidase-2 ,1237,1243,0.9450000000000001,6,GLMGPP,COL4A5( );COL16A1( )
COL16A1, matrix metallopeptidase-7  and  matrix metallopeptidase-2 ,1237,1243,0.97,6,GLMGPP,COL4A5( );COL16A1( )
COL16A1, matrix metallopeptidase-3  and  matrix metallopeptidase-2 ,1306,1311,0.98,5,GISAV,COL16A1( )
COL16A1, matrix metallopeptidase-7  and  matrix metallopeptidase-2 ,1306,1311,0.95,5,GISAV,COL16A1( )
COL16A1, matrix metallopeptidase-2  and  granzyme B ({Homo sapiens}-type) ,1311,1315,0.97,4,GLKG,COL7A1( );COL1A2( );COL2A1( );COL5A2( );COL18A1( );COL3A1( );COL5A1( );COL6A5( );COL4A4( );COL12A1( );COL4A1( );COL4A3( );COL4A5( );COL4A6( );COL6A1( );COL4A2( );COL16A1( );COL6A6( );COL6A2( );COL15A1( );SERPIND1( );ATP5A1( );INHBA( )
COL16A1, elastase-2  and  matrix metallopeptidase-2 ,1307,1311,0.8600000000000001,4,ISAV,TNXB( );HSPG2( );DCN(LRR 9);COL16A1( )
COL16A1, elastase-2  and  matrix metallopeptidase-2 ,1550,1555,0.815,5,ATGPM,COL16A1( )
COL16A1, matrix metallopeptidase-2  and  elastase-2 ,1555,1562,0.815,7,GQQGIPG,COL16A1( )
COL16A1, matrix metallopeptidase-9  and  matrix metallopeptidase-2 ,199,205,0.8500000000000001,6,PMRPVG,COL16A1( )
COL16A1, matrix metallopeptidase-7  and  matrix metallopeptidase-2 ,201,205,0.8400000000000001,4,RPVG,COL16A1( );HNRNPK(2-1)
COL16A1, matrix metallopeptidase-2  and  granzyme B ({Homo sapiens}-type) ,205,211,0.905,6,HVFLGL,COL16A1( )
COL16A1, cathepsin G  and  matrix metallopeptidase-2 ,200,205,0.9550000000000001,5,MRPVG,COL16A1( )
COL16A1, matrix metallopeptidase-2  and  elastase-2 ,378,385,0.835,7,GEKGESG,COL5A1( );COL16A1( )
COL16A1, matrix metallopeptidase-2  and  matrix metallopeptidase-2 ,715,718,0.8400000000000001,3,GPK,FRAS1( );ADIPOQ( );COL7A1( );VWF( );HSPG2( );LAMA5( );AEBP1( );COL1A2( );COL1A1( );COL2A1( );COL5A2( );COL18A1( );VCAN( );COL3A1( );COL5A1( );COL6A3( );COL6A5( );COL4A4( );COL12A1( );COL4A1( );COL4A3( );COL4A5( );LAMA2( );COL4A6( );COL14A1( );COL6A1( );COL4A2( );COL16A1( );COL6A6( );LAMB3( );COL6A2( );PCOLCE( );COLQ( );COL15A1( );COL17A1( );VWA5B1( );HSPD1( );CKAP4( );SDC1( );CCT6A( );CCT2( );HNRNPU( );HSPA9( );C1QB( );DSG1( );FAM3C( );IL1B( );FLNA( );COPA( );A1BG(Ig-like V-type 1);MMP28( );C1QC( );CREG1( );GSN( );FLNB( );SOD1( );AGTR2( );ST14( );CRIP2(Gly-rich);IL4R( );PRLR( );CTSB( );EGFR( );VEGFC( );BDNF( )
COL16A1, matrix metallopeptidase-2  and  granzyme B ({Homo sapiens}-type) ,718,722,0.86,4,GEKG,ADIPOQ( );COL7A1( );LAMA3( );COL1A2( );COL1A1( );COL2A1( );COL5A2( );COL18A1( );COL3A1( );COL5A1( );COL6A3(Collagen-like 2);TGFBI( );COL6A5( );COL4A4( );COL12A1( );COL4A1( );COL4A3( );COL4A5( );LAMA2( );COL4A6( );COL14A1( );COL6A1( );COL4A2( );COL16A1( );COL6A6( );COL6A2( );COLQ( );CTHRC1(Collagen-like);COL15A1( );COL17A1( );YBX1( );CLCA4( );C1QB(Collagen-like 2);SERPINA7( );ITIH5( );GLG1(Cys-rich GLG1 6);PKM( );PPIA( );IL25( );C1S( )
COL16A1, matrix metallopeptidase-2  and  matrix metallopeptidase-2 ,1138,1144,0.87,6,GERGPQ,COL16A1( )
COL16A1, matrix metallopeptidase-9  and  matrix metallopeptidase-2 ,1138,1144,0.9,6,GERGPQ,COL16A1( )
COL16A1, matrix metallopeptidase-2  and  granzyme B ({Homo sapiens}-type) ,1144,1151,0.875,7,GNSGEKG,COL16A1( )
COL16A1, matrix metallopeptidase-2  and  elastase-2 ,567,574,0.88,7,HLVSSTG,COL16A1(Collagen-like 2)
COL16A1, elastase-2  and  matrix metallopeptidase-2 ,563,567,0.86,4,VGAQ,COL16A1( );TFRC( );ERAP1( );CD209( );MUC4( )
COL16A1, elastase-2  and  matrix metallopeptidase-2 ,562,567,0.81,5,VVGAQ,COL16A1( );TFRC( )
COL16A1, matrix metallopeptidase-9  and  matrix metallopeptidase-2 ,453,459,0.815,6,GLPGPP,COL7A1( );COL1A1( );COL2A1( );COL5A2( );COL18A1( );COL3A1( );COL5A1( );COL6A5( );COL4A4( );COL12A1( );COL4A1( );COL4A3( );COL4A5( );COL4A6( );COL4A2( );COL16A1( );COL15A1( );COL17A1( );ITIH4( )
COL16A1, matrix metallopeptidase-9  and  matrix metallopeptidase-2 ,1350,1356,0.8300000000000001,6,GKEGPP,COL5A2( );COL5A1( );COL16A1( )
COL16A1, matrix metallopeptidase-3  and  matrix metallopeptidase-2 ,840,847,0.9650000000000001,7,ASVSGPP,COL16A1( )
COL16A1, elastase-2  and  matrix metallopeptidase-2 ,840,847,0.7849999999999999,7,ASVSGPP,COL16A1( )
COL16A1, matrix metallopeptidase-2  and  matrix metallopeptidase-3 ,1138,1144,0.78,6,GERGPQ,COL16A1( )
COL16A1, matrix metallopeptidase-2  and  cathepsin G ,1138,1145,0.7849999999999999,7,GERGPQG,COL16A1( )
COL16A1, matrix metallopeptidase-2  and  matrix metallopeptidase-2 ,32,35,0.81,3,QQE,ECM1( );TNXB( );FN1( );COL7A1( );EFEMP1( );FGB( );MFAP2(Gln/Glu-rich);SPARC(Asp/Glu-rich (acidic; binds calcium));LTBP2( );COL3A1( );COL6A5( );FBLN1( );COL16A1( );EMILIN1( );COL6A2( );LAMA4( );VWA5B1( );APOA4( );MYH9( );VCL( );ITIH4( );CSPG4( );PZP( );DYNC1H1( );SOGA1( );PLEC( );CPE( );MMP8( );FGFR3( );IL1RL1( );APOB( );CD209( );AFM( );PRKDC( );CST6( );FGFR4( );IL17F( );FLT1( );IL17A( );SPINK5( )
COL16A1, matrix metallopeptidase-2  and  matrix metallopeptidase-7 ,32,37,0.7949999999999999,5,QQEGL,COL16A1( )
COL16A1, matrix metallopeptidase-2  and  matrix metallopeptidase-2 ,748,754,0.8049999999999999,6,GEQGPE,COL16A1( )
COL16A1, matrix metallopeptidase-2  and  matrix metallopeptidase-9 ,748,754,0.7749999999999999,6,GEQGPE,COL16A1( )
COL16A1, elastase-2  and  matrix metallopeptidase-2 ,385,390,0.7949999999999999,5,ALGPS,FBLN2( );COL16A1( );PSAPL1( )
COL16A1, matrix metallopeptidase-2  and  matrix metallopeptidase-2 ,52,58,0.755,6,NLIHRL,COL16A1( )
COL16A1, matrix metallopeptidase-9  and  matrix metallopeptidase-2 ,52,58,0.77,6,NLIHRL,COL16A1( )
COL16A1, cathepsin G  and  matrix metallopeptidase-2 ,51,58,0.755,7,FNLIHRL,COL16A1( )
COL16A1, matrix metallopeptidase-3  and  matrix metallopeptidase-2 ,953,958,0.77,5,KSICG,POSTN( );COL16A1( )
COL16A1, cathepsin G  and  matrix metallopeptidase-2 ,953,958,0.8,5,KSICG,POSTN( );COL16A1( )
COL16A1, matrix metallopeptidase-9  and  matrix metallopeptidase-2 ,1072,1075,0.805,3,GLT,FRAS1( );TNXB( );FN1( );NOV( );COL7A1( );LAMC2( );FBN2( );HSPG2( );ELN( );ASPN( );LTBP4( );COL1A2( );COL1A1( );COL2A1( );COL5A2( );LTBP2( );VCAN( );COL5A1( );TGFBI( );COL4A3( );NID1( );LAMA2( );COL4A6( );COL14A1( );COL6A1( );COL4A2( );COL16A1(Collagen-like 5);LAMB3( );COL6A2( );COL17A1( );VWA5B1( );GPX3( );HSPD1( );APOA4( );ATP5B( );NENF( );YBX1( );SDC1( );ITIH4( );CLCA4( );CSPG4( );PDCD6IP( );ITIH3( );NAXE( );ARF4( );HPSE( );DYNC1H1( );SOGA1( );VWA8( );PGLYRP2( );AGT( );C3( );FLNA( );PLEC( );COPA( );OLFML3( );SERPINA6( );TTR( );KARS( );LGALS3BP( );SERPINA7( );ERAP1( );ITIH5( );PPY( );MMP28( );IGHM( );SERPING1( );C5( );ACTN1( );NECTIN1( );GHR( );TNFSF15( );F2R( );ANGPT2( );SLC25A5( );CD109( );APOB( );FLNB( );SOD1( );CTSD( );CP( );MUC4( );IL4( );PRF1( );C1R( );KLK10( );TLL1( );LCN2( );A2ML1( );KLK11( );CD163( );ANG( );TG( );TLR9(LRR 11);PLG( );NPY( );CFB( );BDNF( );TSHB( );HGF( )
COL16A1, matrix metallopeptidase-2  and  granzyme B ({Homo sapiens}-type) ,1075,1079,0.895,4,GLTG,COL7A1( );COL1A2( );COL1A1( );COL2A1( );COL5A2( );COL5A1( );COL4A3( );LAMA2( );COL4A6( );COL14A1( );COL4A2( );COL16A1(Collagen-like 6);LAMB3( );COL17A1( );GPX3( );VWA8( );ANGPT2( )
COL16A1, matrix metallopeptidase-2  and  cathepsin G ,262,269,0.79,7,ELIEINP,COL16A1( )
COL16A1, matrix metallopeptidase-9  and  matrix metallopeptidase-2 ,748,754,0.8049999999999999,6,GEQGPE,COL16A1( )
COL16A1, matrix metallopeptidase-2  and  matrix metallopeptidase-9 ,715,718,0.79,3,GPK,FRAS1( );ADIPOQ( );COL7A1( );VWF( );HSPG2( );LAMA5( );AEBP1( );COL1A2( );COL1A1( );COL2A1( );COL5A2( );COL18A1( );VCAN( );COL3A1( );COL5A1( );COL6A3( );COL6A5( );COL4A4( );COL12A1( );COL4A1( );COL4A3( );COL4A5( );LAMA2( );COL4A6( );COL14A1( );COL6A1( );COL4A2( );COL16A1( );COL6A6( );LAMB3( );COL6A2( );PCOLCE( );COLQ( );COL15A1( );COL17A1( );VWA5B1( );HSPD1( );CKAP4( );SDC1( );CCT6A( );CCT2( );HNRNPU( );HSPA9( );C1QB( );DSG1( );FAM3C( );IL1B( );FLNA( );COPA( );A1BG(Ig-like V-type 1);MMP28( );C1QC( );CREG1( );GSN( );FLNB( );SOD1( );AGTR2( );ST14( );CRIP2(Gly-rich);IL4R( );PRLR( );CTSB( );EGFR( );VEGFC( );BDNF( )
COL16A1, matrix metallopeptidase-2  and  granzyme B ({Homo sapiens}-type) ,715,722,0.8,7,GPKGEKG,COL7A1( );COL18A1( );COL5A1( );COL4A4( );COL4A5( );COL4A6( );COL16A1(Collagen-like 1);COL6A2( );COLQ( );COL15A1( )
COL16A1, elastase-2  and  matrix metallopeptidase-2 ,710,715,0.8300000000000001,5,VQGPA,COL16A1( )
COL16A1, matrix metallopeptidase-2  and  matrix metallopeptidase-2 ,919,922,0.775,3,GVP,ECM1( );HMCN2( );TNXB( );ADIPOQ( );COL7A1( );VWF( );COMP( );HSPG2( );ELN( );ANOS1( );LTBP4( );LAMA5( );LAMA3( );LAMB2( );COL1A1( );COL2A1( );LAMC1( );COL5A2( );COL18A1( );THBS2( );POSTN( );COL3A1( );COL5A1( );COL6A3( );VTN( );COL6A5( );COL4A4( );COL4A1( );COL4A3( );COL4A5( );LAMA2( );COL4A6( );COL14A1( );COL6A1( );COL4A2( );COL16A1( );COL6A6( );COL6A2( );LAMA4( );COLQ( );CTHRC1( );COL15A1( );COL17A1( );LAD1( );HSPA5( );HYOU1( );AIMP1( );HADHA( );HSPA8( );YBX1( );CSPG4( );LGALS7( );TNXA( );DAG1( );SERPINA5( );ITIH2( );HSPH1( );CXCL10( );GPC2( );PZP( );HSPA9( );ADH7( );SOGA1( );IGKV1-33( );AGT( );IGLV1-47( );FLNA( );COPA( );IGKV1-17( );IGKV2D-40( );MMP8( );DMKN( );CPQ( );IGKV1-5( );GLIPR2( );GPC1( );CDSN( );CTSG( );A2M( );IGKV4-1( );IGKV2D-28( );MMP11( );F13A1( );MMP19(Hemopexin 3);C5( );MMP14( );PLSCR1( );MMP9( );IGKV2-30( );C1QC( );MMP1( );CREG1( );MMP10( );APOB( );FLNB( );NCAM1( );QPCT( );NPC2( );C4B( );C4A( );ST14( );KLK14( );SPINT1(MANSC);PRKDC( );IGKV1D-33( );IGKV1-39( );AMBP( );C8B( );PSAPL1( );TG( );FLT1( );IL4R( );TLR9( );FGFR1( );C1S( );HRG( );PI3( )
COL16A1, matrix metallopeptidase-2  and  elastase-2 ,922,926,0.8,4,GLQG,COL7A1( );COL1A2( );COL1A1( );COL2A1( );COL5A2( );THBS3( );COL3A1( );COL5A1( );COL6A5( );COL4A4( );COL4A1( );COL4A3( );COL4A5( );COL4A6( );COL4A2( );COL16A1( );COL6A6( );EMILIN1( );COL17A1( );CKAP4( );PGLYRP2( );FLNA( );TUBA4A( );MUC4( );SPINT1( )
COL16A1, matrix metallopeptidase-2  and  cathepsin G ,922,928,0.755,6,GLQGVP,COL16A1( )
COL16A1, matrix metallopeptidase-2  and  elastase-2 ,919,926,0.7949999999999999,7,GVPGLQG,COL16A1( )
COL16A1, matrix metallopeptidase-2  and  elastase-2 ,1544,1550,0.74,6,GYGKMG,COL16A1( )
COL16A1, elastase-2  and  matrix metallopeptidase-2 ,1190,1195,0.925,5,IRGPS,COL16A1( )
COL16A1, matrix metallopeptidase-2  and  elastase-2 ,424,428,0.765,4,EICV,MFAP2( );COL16A1( )
COL16A1, matrix metallopeptidase-2  and  elastase-2 ,424,427,0.745,3,EIC,FN1(Fibronectin type-I 7);TNC( );LTBP4(TB 2);LAMA5( );LAMA3( );LTBP2(TB 2);MFAP2( );FBN1( );LTBP2(TB 2);COL6A5( );COL4A5( );COL16A1( );COL6A6( );MYH9( );EEF2( );DSG1( );C3( );FLNA( );KARS( );IL1RN( );CTSV( );MMP2( );CCL2( );GBA( );CCL7( );SPINK5( );PSAP( );HGF( )
COL16A1, elastase-2  and  matrix metallopeptidase-2 ,3,10,0.78,7,VSWAPGL,COL16A1( )
COL16A1, matrix metallopeptidase-9  and  matrix metallopeptidase-2 ,47,52,0.83,5,NVTGF,COL16A1(Laminin G-like)
COL16A1, matrix metallopeptidase-2  and  matrix metallopeptidase-9 ,52,58,0.735,6,NLIHRL,COL16A1( )
COL16A1, matrix metallopeptidase-3  and  matrix metallopeptidase-2 ,47,52,0.7849999999999999,5,NVTGF,COL16A1(Laminin G-like)
COL16A1, matrix metallopeptidase-2  and  matrix metallopeptidase-9 ,768,774,0.87,6,GVQGPP,COL1A1( );COL5A1( );COL4A5( );COL4A6( );COL4A2( );COL16A1( );COL17A1( )
COL16A1, matrix metallopeptidase-2  and  matrix metallopeptidase-3 ,768,774,0.815,6,GVQGPP,COL1A1( );COL5A1( );COL4A5( );COL4A6( );COL4A2( );COL16A1( );COL17A1( )
COL16A1, matrix metallopeptidase-2  and  matrix metallopeptidase-7 ,768,774,0.75,6,GVQGPP,COL1A1( );COL5A1( );COL4A5( );COL4A6( );COL4A2( );COL16A1( );COL17A1( )
COL16A1, matrix metallopeptidase-2  and  matrix metallopeptidase-9 ,334,337,0.715,3,GPK,FRAS1( );ADIPOQ( );COL7A1( );VWF( );HSPG2( );LAMA5( );AEBP1( );COL1A2( );COL1A1( );COL2A1( );COL5A2( );COL18A1( );VCAN( );COL3A1( );COL5A1( );COL6A3( );COL6A5( );COL4A4( );COL12A1( );COL4A1( );COL4A3( );COL4A5( );LAMA2( );COL4A6( );COL14A1( );COL6A1( );COL4A2( );COL16A1( );COL6A6( );LAMB3( );COL6A2( );PCOLCE( );COLQ( );COL15A1( );COL17A1( );VWA5B1( );HSPD1( );CKAP4( );SDC1( );CCT6A( );CCT2( );HNRNPU( );HSPA9( );C1QB( );DSG1( );FAM3C( );IL1B( );FLNA( );COPA( );A1BG(Ig-like V-type 1);MMP28( );C1QC( );CREG1( );GSN( );FLNB( );SOD1( );AGTR2( );ST14( );CRIP2(Gly-rich);IL4R( );PRLR( );CTSB( );EGFR( );VEGFC( );BDNF( )
COL16A1, elastase-2  and  matrix metallopeptidase-2 ,328,334,0.895,6,VTLAPS,COL16A1( )
COL16A1, matrix metallopeptidase-9  and  matrix metallopeptidase-9 ,1237,1243,1.0699999999999998,6,GLMGPP,COL4A5( );COL16A1( )
COL16A1, matrix metallopeptidase-9  and  matrix metallopeptidase-3 ,1237,1243,1.045,6,GLMGPP,COL4A5( );COL16A1( )
COL16A1, matrix metallopeptidase-9  and  matrix metallopeptidase-9 ,1350,1356,0.965,6,GKEGPP,COL5A2( );COL5A1( );COL16A1( )
COL16A1, matrix metallopeptidase-7  and  matrix metallopeptidase-9 ,99,103,0.9400000000000001,4,EFAL,COL16A1( );LAMA4( );ERAP1( );CD109( );CP( )
COL16A1, cathepsin G  and  matrix metallopeptidase-9 ,100,103,0.99,3,FAL,HMCN2( );FBN2( );HSPG2( );MATN2( );LAMA3( );FBLN2( );FBN1( );THBS2( );COL6A3( );COL6A5( );LAMB1( );COL4A5( );COL14A1( );COL16A1( );COL6A6( );LAMB3( );LAMA4( );SDC4( );CAMP( );ENDOD1( );PMEL( );GBP1( );PZP( );CKLF( );SERPINB2( );A1BG( );KDR( );SOD3( );A2M( );CLTC( );ERAP1( );SERPINA1( );C5( );MMP9( );CD109( );APOB( );ILK( );CP( );C4B( );C4A( );TSLP( );CTSK( );HPR( );IL33( );PRKDC( );SFRP2( );CALU( );TG( );TLR9(Helical);LTF( );GDNF( );TGFA( )
COL16A1, matrix metallopeptidase-9  and  elastase-2 ,516,521,0.9850000000000001,5,GFQNF,COL16A1( )
COL16A1, matrix metallopeptidase-9  and  matrix metallopeptidase-9 ,774,777,0.875,3,GLK,HMCN2( );TNXB( );FN1( );TNC( );COL7A1( );VWF( );LGI3( );LAMA5( );AEBP1( );COL1A2( );COL2A1( );COL5A2( );COL18A1( );LUM( );COL3A1( );COL5A1( );MFGE8( );KERA( );PRELP( );COL6A5( );COL4A4( );COL12A1( );COL4A1( );COL4A3( );COL4A5( );LAMA2( );COL4A6( );COL6A1( );COL4A2( );COL16A1( );BGN(LRR 1);COL6A6( );COL6A2( );LRG1( );LAMA4( );COL15A1( );COL17A1( );EMCN( );HYOU1( );HADHA( );ITIH4( );SERPINB5( );SDCBP( );PDCD6IP( );RPL11( );EEF2( );CAPZA1( );PZP( );HNRNPU( );P4HB( );CANX( );DYNC1H1( );ADH7( );SOGA1( );SERPIND1( );IL1B( );ATP5A1( );FLNA( );PLEC( );COPA( );EPHB4( );CD14(LRR 4);A1BG( );TUBB( );KARS( );TUBB4B( );A2M( );ACTN2( );SERPINA7( );ACTN4( );SERPINA1( );PON1( );RAC1( );ALCAM( );CPA4( );MMP14( );ACTN1( );GHR( );SERPINA3( );C1QC( );MMP1( );ITIH1( );PPT1( );GSN( );MELTF( );APOB( );FLNB( );NCAM1( );ST14( );CTSK( );PENK( );KLK13( );SPINT1( );AFM( );IL20( );PRKDC( );A2ML1( );CD163( );GLA( );PAPPA( );TG( );FGFR1( );LTF( );NELL2( );PLAU( );EGFR( );INHBA( );PSAP( );TIMP3( );PLAUR( )
COL16A1, elastase-2  and  matrix metallopeptidase-9 ,769,774,0.95,5,VQGPP,HSPG2( );COL1A1( );COL5A1( );COL4A5( );COL4A6( );COL14A1(Collagen-like 4);COL4A2( );COL16A1( );COL17A1( );CDSN( );IGHA1( );IGHA2( )
COL16A1, matrix metallopeptidase-9  and  elastase-2 ,774,778,0.885,4,GLKG,COL7A1( );COL1A2( );COL2A1( );COL5A2( );COL18A1( );COL3A1( );COL5A1( );COL6A5( );COL4A4( );COL12A1( );COL4A1( );COL4A3( );COL4A5( );COL4A6( );COL6A1( );COL4A2( );COL16A1( );COL6A6( );COL6A2( );COL15A1( );SERPIND1( );ATP5A1( );INHBA( )
COL16A1, matrix metallopeptidase-9  and  matrix metallopeptidase-9 ,1207,1213,0.95,6,GIQGPA,COL16A1( )
COL16A1, matrix metallopeptidase-3  and  matrix metallopeptidase-9 ,1207,1213,0.925,6,GIQGPA,COL16A1( )
COL16A1, matrix metallopeptidase-9  and  matrix metallopeptidase-7 ,1213,1216,0.905,3,GLD,HMCN2( );TNXB( );FN1( );TNC( );COL7A1( );HSPG2( );SRPX( );LAMA5( );FBLN2( );COL1A2( );COL1A1( );COL2A1( );FBN1( );COL5A2( );THBS3( );COL6A3( );DCN(LRR 1);COL6A5( );COL4A4( );COL4A1( );COL4A3( );COL4A5( );LAMA2( );COL4A6( );COL4A2( );COL16A1( );COL6A6( );EMILIN1( );PCOLCE( );HSPA5( );DCD( );SERPINF1( );CKAP4( );CDH1( );HSPA8( );MYH9( );VCL( );CSPG4( );RPL11( );CCT2( );HSPH1( );GPC2( );ARF4( );HSPA9( );HPSE( );DYNC1H1( );DSC2( );ALDOA( );CALR( );FLNA( );COPA( );EPHB4( );SERPINA6( );S100A12( );CD8A( );NUCB1( );GANAB( );LEP( );LRPAP1( );FGFR3( );NUCB2( );CTSV( );MMP9( );ACE( );MELTF( );FLNB( );LEPROT( );C4B( );C4A( );CTSL( );LOXL1( );PRF1( );IL13RA2( );KLK10( );TLL1( );CASP4( );ADAMTS17( );TG( );IL4R( );FGFR1( );PRLR( );F2( );SPINK5( );FST( );VEGFC( );PLAUR( )
COL16A1, elastase-2  and  matrix metallopeptidase-9 ,1208,1213,1.0750000000000002,5,IQGPA,COL16A1( )
COL16A1, matrix metallopeptidase-9  and  elastase-2 ,567,574,0.94,7,HLVSSTG,COL16A1(Collagen-like 2)
COL16A1, elastase-2  and  matrix metallopeptidase-9 ,563,567,0.9199999999999999,4,VGAQ,COL16A1( );TFRC( );ERAP1( );CD209( );MUC4( )
COL16A1, elastase-2  and  matrix metallopeptidase-9 ,562,567,0.87,5,VVGAQ,COL16A1( );TFRC( )
COL16A1, matrix metallopeptidase-3  and  matrix metallopeptidase-9 ,1237,1243,0.98,6,GLMGPP,COL4A5( );COL16A1( )
COL16A1, matrix metallopeptidase-7  and  matrix metallopeptidase-9 ,1237,1243,1.005,6,GLMGPP,COL4A5( );COL16A1( )
COL16A1, matrix metallopeptidase-3  and  matrix metallopeptidase-9 ,1306,1311,1.0150000000000001,5,GISAV,COL16A1( )
COL16A1, matrix metallopeptidase-7  and  matrix metallopeptidase-9 ,1306,1311,0.985,5,GISAV,COL16A1( )
COL16A1, matrix metallopeptidase-9  and  granzyme B ({Homo sapiens}-type) ,1311,1315,1.005,4,GLKG,COL7A1( );COL1A2( );COL2A1( );COL5A2( );COL18A1( );COL3A1( );COL5A1( );COL6A5( );COL4A4( );COL12A1( );COL4A1( );COL4A3( );COL4A5( );COL4A6( );COL6A1( );COL4A2( );COL16A1( );COL6A6( );COL6A2( );COL15A1( );SERPIND1( );ATP5A1( );INHBA( )
COL16A1, elastase-2  and  matrix metallopeptidase-9 ,1307,1311,0.895,4,ISAV,TNXB( );HSPG2( );DCN(LRR 9);COL16A1( )
COL16A1, matrix metallopeptidase-3  and  matrix metallopeptidase-9 ,941,948,0.87,7,ELGSLPI,COL16A1( )
COL16A1, matrix metallopeptidase-9  and  matrix metallopeptidase-3 ,948,953,0.865,5,EQHLL,COL16A1( );IL4R(Extracellular)
COL16A1, matrix metallopeptidase-7  and  matrix metallopeptidase-9 ,941,948,0.9299999999999999,7,ELGSLPI,COL16A1( )
COL16A1, elastase-2  and  matrix metallopeptidase-9 ,943,948,0.87,5,GSLPI,COL16A1( )
COL16A1, matrix metallopeptidase-9  and  cathepsin G ,948,953,0.895,5,EQHLL,COL16A1( );IL4R(Extracellular)
COL16A1, matrix metallopeptidase-9  and  matrix metallopeptidase-9 ,432,438,0.835,6,GQKGDP,COL6A3( );COL16A1( )
COL16A1, matrix metallopeptidase-9  and  matrix metallopeptidase-7 ,432,439,0.88,7,GQKGDPG,COL6A3( );COL16A1( )
COL16A1, matrix metallopeptidase-9  and  granzyme B ({Homo sapiens}-type) ,432,436,0.8999999999999999,4,GQKG,COL7A1( );LTBP2( );COL2A1( );COL5A2( );COL18A1( );COL5A1( );COL6A3( );COL6A5( );COL4A4( );COL4A1( );COL4A3( );COL4A5( );COL4A6( );COL4A2( );COL16A1( );COL6A2( );COLQ( );COL15A1( );COL17A1( );FLNA( );C1QC( );A2ML1( )
COL16A1, elastase-2  and  matrix metallopeptidase-9 ,428,432,0.87,4,IGPK,ADIPOQ( );COL7A1( );VCAN( );COL6A3( );COL4A4( );COL12A1( );COL4A3( );COL4A6( );COL6A1( );COL16A1( )
COL16A1, elastase-2  and  matrix metallopeptidase-9 ,427,432,0.85,5,VIGPK,COL16A1( )
COL16A1, matrix metallopeptidase-9  and  matrix metallopeptidase-9 ,47,52,0.845,5,NVTGF,COL16A1(Laminin G-like)
COL16A1, matrix metallopeptidase-9  and  cathepsin G ,47,51,0.83,4,NVTG,HMCN2( );LAMA5( );ABI3BP( );IGFBP7( );COL16A1(Laminin G-like);MYH9( );YBX1(CSD);MMP8( );MUC4( )
COL16A1, matrix metallopeptidase-9  and  matrix metallopeptidase-3 ,1138,1144,0.81,6,GERGPQ,COL16A1( )
COL16A1, matrix metallopeptidase-9  and  cathepsin G ,1138,1145,0.815,7,GERGPQG,COL16A1( )
COL16A1, matrix metallopeptidase-9  and  matrix metallopeptidase-3 ,1207,1213,0.905,6,GIQGPA,COL16A1( )
COL16A1, matrix metallopeptidase-9  and  matrix metallopeptidase-7 ,1207,1213,0.9850000000000001,6,GIQGPA,COL16A1( )
COL16A1, matrix metallopeptidase-9  and  matrix metallopeptidase-7 ,640,647,0.8,7,NLQDGDV,COL16A1( )
COL16A1, matrix metallopeptidase-7  and  matrix metallopeptidase-9 ,637,640,0.7949999999999999,3,ALS,HMCN2( );FN1( );TNC( );LAMC2( );FBN2( );VWF( );LGI3( );LAMA5( );LAMA3( );LAMB2( );FBLN2( );MFAP4( );LTBP2( );COL18A1( );VCAN( );THBS3( );COL5A1( );COL6A3( );KERA(LRR 2);COL6A5( );COL12A1( );IGFBP3( );COL4A3( );NID1( );COL4A5( );COL4A6( );COL14A1(Fibronectin type-III 3);COL16A1( );BGN( );COL6A6( );LAMB3( );EMILIN1( );COL6A2( );LAMA4( );COL15A1( );LAD1( );HSPA5( );HSPD1( );SERPINF1( );HYOU1( );MYH9( );YBX1( );SDC1( );TLN1( );HSP90B1( );CCT6A( );SERPINB5( );PDCD6IP( );TFRC( );SERPINF2( );PZP( );DYNC1H1( );SOGA1( );DSC2( );VWA8( );DSG1( );ALDOA( );SBSN( );SERPINA12( );CALR( );LGALS3( );HNRNPA2B1( );FLNA( );PLEC( );GPI( );CALCA( );CD14(LRR 3);SERPINA6( );A1BG( );MMP8( );CD8A( );ANXA2P2( );DMKN( );CPQ( );ANXA2( );GANAB( );IL2( );LEP( );GPC1( );A2M( );CLTC( );PPY( );SERPINA4( );PTGDS( );SERPING1( );C5( );CHGB( );ORM1( );ADM( );ACE( );CXCL1( );MMP1( );MMP10( );GSN( );CD109( );IL1RL1( );APOB( );HSPB1( );NCAM1( );LIF( );ORM2( );PPIA( );NPC2( );C4B( );C4A( );MUC4( );PROS1( );GBA( );KLK13( );PRF1( );PRKDC( );MANF( );A2ML1( );IL10( );CD163( );TF( );PGF( );KLKB1( );ADAMTS17( );CALU( );PSAPL1( );TG( );SST( );TLR9( );NPY( );NTF3( );PRLR( );NRP1( );GDNF( );TNFRSF18( );F2( );HGFAC( );ESR2( );LOX( );TSHB( );PLAT( )
COL16A1, matrix metallopeptidase-9  and  granzyme B ({Homo sapiens}-type) ,640,645,0.9299999999999999,5,NLQDG,FRAS1( );COL16A1( )
COL16A1, matrix metallopeptidase-9  and  granzyme B ({Homo sapiens}-type) ,640,643,0.835,3,NLQ,HMCN2( );FRAS1( );FN1( );VWF( );LGI3( );LAMA3( );LAMB2( );LAMC1( );THBS4( );LTBP2( );THBS3( );FBLN5( );COL6A3( );COL12A1( );LAMA2( );COL14A1( );COL16A1( );COL6A2( );LAMA4( );COL17A1( );MYH9( );VCL( );CLCA4( );CSPG4( );ITIH3( );SERPINA5( );DYNC1H1( );SOGA1( );VWA8( );DSG1( );AGT( );C3( );FLNA( );PLEC( );COPA( );TREM1( );CPQ( );CLTC( );F13A1( );C5( );NECTIN1( );CMA1( );SLTM( );ITIH1( );CREG1( );GSN( );APOB( );FLNB( );OLFML1( );CP( );LEPROT( );ANGPT1( );RAN( );C1R( );IL20( );CXADR( );SFRP2( );KLK11( );TG( );KLK6( );EGFR( )
COL16A1, matrix metallopeptidase-9  and  granzyme B ({Homo sapiens}-type) ,182,185,0.88,3,VHV,HMCN2(Ig-like C2-type 19);FRAS1( );TNXB( );COL7A1( );HSPG2( );LTBP4( );LAMA3( );POSTN( );MFGE8( );TGFBI( );LAMA2( );COL16A1( );HSPA9( );DSC2( );DSG1( );CALR( );FLNA( );EPHB4( );CD14( );MIF( );TTR( );A2M( );TUBA4A( );IDE( );C5( );SLTM( );GSN( );C4B( );C4A( );LOXL1( );PRF1( );A2ML1( );P3H1( );PSAP( )
COL16A1, matrix metallopeptidase-9  and  elastase-2 ,182,189,0.835,7,VHVDCSS,COL16A1( )
COL16A1, matrix metallopeptidase-9  and  matrix metallopeptidase-7 ,95,99,0.815,4,GLPE,FRAS1( );ASPN( );LAMA5( );COL16A1( );SERPINF2( );HLA-C( );LCN2( )
COL16A1, matrix metallopeptidase-9  and  cathepsin G ,95,100,0.865,5,GLPEE,COL16A1( )
COL16A1, elastase-2  and  matrix metallopeptidase-9 ,1190,1195,0.9750000000000001,5,IRGPS,COL16A1( )
COL16A1, matrix metallopeptidase-9  and  matrix metallopeptidase-9 ,76,83,0.835,7,ILRLGAA,COL16A1( )
COL16A1, matrix metallopeptidase-9  and  matrix metallopeptidase-3 ,76,83,0.7749999999999999,7,ILRLGAA,COL16A1( )
COL16A1, matrix metallopeptidase-3  and  matrix metallopeptidase-9 ,76,83,0.81,7,ILRLGAA,COL16A1( )
COL16A1, matrix metallopeptidase-9  and  elastase-2 ,477,484,0.7749999999999999,7,GDKGSSG,COL16A1( )
COL16A1, matrix metallopeptidase-9  and  matrix metallopeptidase-9 ,748,754,0.7749999999999999,6,GEQGPE,COL16A1( )
COL16A1, matrix metallopeptidase-3  and  matrix metallopeptidase-9 ,165,170,0.8899999999999999,5,DLRWH,COL16A1( )
COL16A1, granzyme B ({Homo sapiens}-type)  and  matrix metallopeptidase-9 ,165,170,0.78,5,DLRWH,COL16A1( )
COL16A1, matrix metallopeptidase-9  and  cathepsin G ,170,173,0.9749999999999999,3,KLM,FBN2( );LAMA3( );COL3A1( );COL6A5( );LAMA2( );COL14A1( );COL16A1( );COL17A1( );CDH1( );MYH9( );ENDOD1( );HSPH1( );DYNC1H1( );SERPIND1( );C3( );ANXA2P2( );ANXA2( );ACTN2( );ACTN4( );ERAP1( );ACE2( );ACTN1( );TNFSF15( );ILK( );NCAM1( );LEPROT( );CRH( );TG( );KLK6( )
COL16A1, elastase-2  and  matrix metallopeptidase-9 ,385,390,0.79,5,ALGPS,FBLN2( );COL16A1( );PSAPL1( )
COL16A1, elastase-2  and  matrix metallopeptidase-9 ,1550,1555,0.77,5,ATGPM,COL16A1( )
COL16A1, matrix metallopeptidase-9  and  elastase-2 ,1555,1562,0.77,7,GQQGIPG,COL16A1( )
COL16A1, matrix metallopeptidase-9  and  elastase-2 ,1544,1550,0.77,6,GYGKMG,COL16A1( )
COL16A1, matrix metallopeptidase-9  and  granzyme B ({Homo sapiens}-type) ,1072,1079,0.9,7,GLTGLTG,COL16A1(Collagen-like 6)
COL16A1, matrix metallopeptidase-9  and  granzyme B ({Homo sapiens}-type) ,143,150,0.815,7,ELRAQGQ,COL16A1( )
COL16A1, granzyme B ({Homo sapiens}-type)  and  matrix metallopeptidase-9 ,1346,1350,0.805,4,DGAA,HSPG2( );COL2A1( );LAMA2( );COL16A1( );P4HB( );CANX( );MMP9( )
COL16A1, matrix metallopeptidase-9  and  elastase-2 ,378,385,0.785,7,GEKGESG,COL5A1( );COL16A1( )
COL16A1, matrix metallopeptidase-9  and  granzyme B ({Homo sapiens}-type) ,718,722,0.81,4,GEKG,ADIPOQ( );COL7A1( );LAMA3( );COL1A2( );COL1A1( );COL2A1( );COL5A2( );COL18A1( );COL3A1( );COL5A1( );COL6A3(Collagen-like 2);TGFBI( );COL6A5( );COL4A4( );COL12A1( );COL4A1( );COL4A3( );COL4A5( );LAMA2( );COL4A6( );COL14A1( );COL6A1( );COL4A2( );COL16A1( );COL6A6( );COL6A2( );COLQ( );CTHRC1(Collagen-like);COL15A1( );COL17A1( );YBX1( );CLCA4( );C1QB(Collagen-like 2);SERPINA7( );ITIH5( );GLG1(Cys-rich GLG1 6);PKM( );PPIA( );IL25( );C1S( )
COL16A1, matrix metallopeptidase-9  and  elastase-2 ,199,203,0.8600000000000001,4,PMRP,COL16A1( )
COL16A1, matrix metallopeptidase-9  and  elastase-2 ,199,206,0.8600000000000001,7,PMRPVGH,COL16A1( )
COL16A1, cathepsin G  and  matrix metallopeptidase-9 ,194,199,0.775,5,LGPRR,COL16A1( );MMP9( );ITIH1( )
COL16A1, matrix metallopeptidase-9  and  matrix metallopeptidase-3 ,1168,1172,0.795,4,GFPG,ADIPOQ( );COL7A1( );ELN( );COL1A2( );COL1A1( );COL2A1( );COL5A2( );COL18A1( );COL3A1( );COL5A1( );COL6A3( );COL6A5( );COL4A4( );COL12A1( );COL4A1( );COL4A3( );COL4A5( );COL4A6( );COL14A1( );COL6A1( );COL4A2( );COL16A1( );COL6A6( );COL6A2( );COLQ( );COL15A1( );COL17A1( );HSPA8( );A2M( );GLA( );C1S( )
COL16A1, matrix metallopeptidase-9  and  matrix metallopeptidase-3 ,1054,1058,0.765,4,GFPG,ADIPOQ( );COL7A1( );ELN( );COL1A2( );COL1A1( );COL2A1( );COL5A2( );COL18A1( );COL3A1( );COL5A1( );COL6A3( );COL6A5( );COL4A4( );COL12A1( );COL4A1( );COL4A3( );COL4A5( );COL4A6( );COL14A1( );COL6A1( );COL4A2( );COL16A1( );COL6A6( );COL6A2( );COLQ( );COL15A1( );COL17A1( );HSPA8( );A2M( );GLA( );C1S( )
COL16A1, matrix metallopeptidase-9  and  matrix metallopeptidase-9 ,438,444,0.75,6,GFVGPE,COL16A1( )
COL16A1, matrix metallopeptidase-7  and  matrix metallopeptidase-9 ,439,444,0.795,5,FVGPE,COL16A1( )
COL16A1, matrix metallopeptidase-9  and  granzyme B ({Homo sapiens}-type) ,679,686,0.9,7,GLKGQKG,COL18A1( );COL4A4( );COL4A3( );COL16A1( )
COL16A1, matrix metallopeptidase-9  and  cathepsin G ,894,897,0.8200000000000001,3,GLW,HMCN2( );VWF( );AEBP1( );LAMA2( );COL16A1( );EMILIN1( );LRG1( );LAMA4( );CSPG4( );OLFML3( );SERPINA6( );SOD3( );RAC1( );CD109( );OLFML1( );SERPINC1( );TSLP( );AZGP1( );PROS1( );PRF1( );PAPPA( );HPX( );ADAMTS17( );APOH( );RNASE7( );EGFR( );FOLR2( )
COL16A1, granzyme B ({Homo sapiens}-type)  and  matrix metallopeptidase-9 ,314,319,0.91,5,DECPP,COL16A1( )
COL16A1, matrix metallopeptidase-9  and  cathepsin G ,319,325,0.755,6,CVHGAR,COL16A1( )
COL16A1, matrix metallopeptidase-9  and  matrix metallopeptidase-3 ,1590,1596,0.745,6,EQQYPP,COL16A1( )
COL16A1, matrix metallopeptidase-9  and  matrix metallopeptidase-7 ,1590,1596,0.78,6,EQQYPP,COL16A1( )
COL16A1, matrix metallopeptidase-9  and  elastase-2 ,1099,1103,0.76,4,GLPG,COL7A1( );ELN( );LAMA3( );FGB( );COL1A2( );COL1A1( );COL2A1( );COL5A2( );COL18A1( );COL3A1( );COL5A1( );COL6A3( );COL6A5( );COL4A4( );COL12A1( );COL4A1( );COL4A3( );COL4A5( );COL4A6( );COL14A1( );COL6A1( );COL4A2( );COL16A1( );COL6A6( );COL6A2( );COLQ( );COL15A1( );COL17A1( );ITIH4( );HNRNPU( );C1QB( );CDSN( );MMP19(Hemopexin 1);C1QC( );PRKDC( );DEFB4A( )
COL16A1, matrix metallopeptidase-9  and  elastase-2 ,453,460,0.9400000000000001,7,GLPGPPG,COL7A1( );COL1A1( );COL2A1( );COL5A2( );COL18A1( );COL3A1( );COL5A1( );COL6A5( );COL4A4( );COL12A1( );COL4A1( );COL4A3( );COL4A5( );COL4A6( );COL4A2( );COL16A1( );COL15A1( );COL17A1( )
COL16A1, matrix metallopeptidase-9  and  matrix metallopeptidase-9 ,52,58,0.75,6,NLIHRL,COL16A1( )
COL16A1, cathepsin G  and  matrix metallopeptidase-9 ,51,58,0.735,7,FNLIHRL,COL16A1( )
COL16A1, matrix metallopeptidase-3  and  matrix metallopeptidase-9 ,47,52,0.8,5,NVTGF,COL16A1(Laminin G-like)
COL16A1, granzyme B ({Homo sapiens}-type)  and  matrix metallopeptidase-9 ,230,233,0.73,3,DPE,HMCN2( );FRAS1( );COL7A1( );VWF( );COMP( );LAMA5( );SPON1( );LAMA3( );FBLN2( );LAMC1( );THBS4( );COL18A1( );VCAN( );THBS3( );COL5A1( );TGFBI( );LAMB1( );LAMA2( );COL14A1( );COL16A1(Laminin G-like);COL6A6( );EMILIN1( );LAMA4( );COL15A1( );DCD( );CDH1( );TLN1( );ITIH4( );CHGA( );CSPG4( );DAG1( );ITIH2( );GBP1( );HSPA9( );CANX(1-1);DYNC1H1( );SOGA1( );DSC2( );NAMPT( );C3( );FLNA( );PLEC( );COPA( );GANAB( );CDSN( );CLTC( );PON1( );WDR1( );SERPING1( );C5( );NECTIN1( );AHSG( );SLTM( );IGHG4( );MELTF( );GLG1( );FLNB( );IGHG1( );MMP2( );C9( );MUC4( );PROS1( );IGHG2( );RBP4( );AFM( );KLK10( );PRKDC( );CRIP2( );IGHG3( );HBB( );PAPPA( );FLT1(Ig-like C2-type 1);IL17A( );PLG( );EFNA1( );PRLR( );C1S( );CFH( )
COL16A1, elastase-2  and  matrix metallopeptidase-9 ,289,292,0.7949999999999999,3,VDA,HMCN2( );FRAS1( );TNXB( );FN1( );VWF( );LAMA5( );LAMA3( );LAMB2( );ABI3BP( );COL1A2( );COL2A1( );THBS1( );COL5A1( );COL6A3( );VTN( );DCN( );COL6A5( );FBLN1( );NID1( );LAMA2( );IGFBP7( );COL6A1( );COL16A1( );EMILIN1( );HSPD1( );TLN1( );ITIH4( );CLCA4( );DAG1( );NAXE( );GPC2( );P4HB( );PFKP( );C3( );HNRNPA2B1( );ATP5A1( );FLNA( );PLEC( );EPHB4( );CD14( );MMP8( );LGALS3BP( );APOA1( );IDE( );ERAP1( );MMP11( );CALM1( );F13A1( );ACE( );MMP1( );MMP10( );MELTF( );FLNB( );MMP2( );KNG1( );ST14( );SEMA3A( );AFM( );PRKDC( );HPX( );ADAMTS17( );PSAPL1( );TG( );WNT5A( );IGF1( );CFB( );EGFR( );PYY( );INHBA( )
COL16A1, matrix metallopeptidase-3  and  matrix metallopeptidase-9 ,774,777,0.8200000000000001,3,GLK,HMCN2( );TNXB( );FN1( );TNC( );COL7A1( );VWF( );LGI3( );LAMA5( );AEBP1( );COL1A2( );COL2A1( );COL5A2( );COL18A1( );LUM( );COL3A1( );COL5A1( );MFGE8( );KERA( );PRELP( );COL6A5( );COL4A4( );COL12A1( );COL4A1( );COL4A3( );COL4A5( );LAMA2( );COL4A6( );COL6A1( );COL4A2( );COL16A1( );BGN(LRR 1);COL6A6( );COL6A2( );LRG1( );LAMA4( );COL15A1( );COL17A1( );EMCN( );HYOU1( );HADHA( );ITIH4( );SERPINB5( );SDCBP( );PDCD6IP( );RPL11( );EEF2( );CAPZA1( );PZP( );HNRNPU( );P4HB( );CANX( );DYNC1H1( );ADH7( );SOGA1( );SERPIND1( );IL1B( );ATP5A1( );FLNA( );PLEC( );COPA( );EPHB4( );CD14(LRR 4);A1BG( );TUBB( );KARS( );TUBB4B( );A2M( );ACTN2( );SERPINA7( );ACTN4( );SERPINA1( );PON1( );RAC1( );ALCAM( );CPA4( );MMP14( );ACTN1( );GHR( );SERPINA3( );C1QC( );MMP1( );ITIH1( );PPT1( );GSN( );MELTF( );APOB( );FLNB( );NCAM1( );ST14( );CTSK( );PENK( );KLK13( );SPINT1( );AFM( );IL20( );PRKDC( );A2ML1( );CD163( );GLA( );PAPPA( );TG( );FGFR1( );LTF( );NELL2( );PLAU( );EGFR( );INHBA( );PSAP( );TIMP3( );PLAUR( )
COL16A1, matrix metallopeptidase-7  and  matrix metallopeptidase-9 ,774,777,0.755,3,GLK,HMCN2( );TNXB( );FN1( );TNC( );COL7A1( );VWF( );LGI3( );LAMA5( );AEBP1( );COL1A2( );COL2A1( );COL5A2( );COL18A1( );LUM( );COL3A1( );COL5A1( );MFGE8( );KERA( );PRELP( );COL6A5( );COL4A4( );COL12A1( );COL4A1( );COL4A3( );COL4A5( );LAMA2( );COL4A6( );COL6A1( );COL4A2( );COL16A1( );BGN(LRR 1);COL6A6( );COL6A2( );LRG1( );LAMA4( );COL15A1( );COL17A1( );EMCN( );HYOU1( );HADHA( );ITIH4( );SERPINB5( );SDCBP( );PDCD6IP( );RPL11( );EEF2( );CAPZA1( );PZP( );HNRNPU( );P4HB( );CANX( );DYNC1H1( );ADH7( );SOGA1( );SERPIND1( );IL1B( );ATP5A1( );FLNA( );PLEC( );COPA( );EPHB4( );CD14(LRR 4);A1BG( );TUBB( );KARS( );TUBB4B( );A2M( );ACTN2( );SERPINA7( );ACTN4( );SERPINA1( );PON1( );RAC1( );ALCAM( );CPA4( );MMP14( );ACTN1( );GHR( );SERPINA3( );C1QC( );MMP1( );ITIH1( );PPT1( );GSN( );MELTF( );APOB( );FLNB( );NCAM1( );ST14( );CTSK( );PENK( );KLK13( );SPINT1( );AFM( );IL20( );PRKDC( );A2ML1( );CD163( );GLA( );PAPPA( );TG( );FGFR1( );LTF( );NELL2( );PLAU( );EGFR( );INHBA( );PSAP( );TIMP3( );PLAUR( )
COL16A1, granzyme B ({Homo sapiens}-type)  and  matrix metallopeptidase-9 ,124,129,0.735,5,DANGY,COL16A1( )
COL16A1, matrix metallopeptidase-3  and  matrix metallopeptidase-9 ,432,438,0.76,6,GQKGDP,COL6A3( );COL16A1( )
COL16A1, matrix metallopeptidase-9  and  matrix metallopeptidase-3 ,438,444,0.76,6,GFVGPE,COL16A1( )
COL16A1, matrix metallopeptidase-9  and  matrix metallopeptidase-7 ,438,444,0.9,6,GFVGPE,COL16A1( )
COL16A1, matrix metallopeptidase-9  and  cathepsin G ,438,445,0.81,7,GFVGPEG,COL16A1( )
COL16A1, matrix metallopeptidase-3  and  matrix metallopeptidase-3 ,1306,1311,0.885,5,GISAV,COL16A1( )
COL16A1, matrix metallopeptidase-3  and  matrix metallopeptidase-7 ,1306,1311,0.935,5,GISAV,COL16A1( )
COL16A1, matrix metallopeptidase-3  and  elastase-2 ,1306,1310,1.2000000000000002,4,GISA,COL16A1( );HNRNPU( );IL6( );CLTC( );C5( )
COL16A1, matrix metallopeptidase-3  and  cathepsin G ,1306,1312,0.875,6,GISAVG,COL16A1( )
COL16A1, matrix metallopeptidase-3  and  granzyme B ({Homo sapiens}-type) ,1432,1437,0.99,5,DMVNY,COL16A1( )
COL16A1, matrix metallopeptidase-3  and  cathepsin G ,1432,1436,0.86,4,DMVN,COL16A1( );APOB( )
COL16A1, matrix metallopeptidase-3  and  elastase-2 ,516,521,0.9650000000000001,5,GFQNF,COL16A1( )
COL16A1, matrix metallopeptidase-3  and  matrix metallopeptidase-3 ,1237,1243,0.955,6,GLMGPP,COL4A5( );COL16A1( )
COL16A1, matrix metallopeptidase-3  and  matrix metallopeptidase-3 ,161,165,0.915,4,PQLF,COL16A1( );ENDOD1( )
COL16A1, matrix metallopeptidase-3  and  granzyme B ({Homo sapiens}-type) ,181,185,0.925,4,SVHV,LTBP4( );LAMA2( );COL16A1( );DSG1( );TUBA4A( );IDE( );C4B( );C4A( )
COL16A1, matrix metallopeptidase-3  and  matrix metallopeptidase-3 ,1446,1449,0.835,3,EII,FRAS1( );TNC( );LAMA3( );FGB( );VCAN( );POSTN(FAS1 3);COL12A1( );FBLN1( );COL6A1( );COL16A1( );COL6A6( );VWA5B1( );HSPA5( );HSPD1( );HADHA( );HSPA8( );VCL( );PRDX1( );CXCL10( );DYNC1H1( );CXCL9( );HNRNPA2B1( );PLEC( );PRDX4( );ANXA2P2( );KDR(Helical);ANXA2( );IL1A( );CTSG(Peptidase S1);TUBA4A( );IDE( );ITIH5( );SERPINE1( );F13A1( );CMA1(Peptidase S1);SLTM( );CD109( );APOB( );GLG1( );FLNB( );OLFML1( );CP( );CRH( );PROS1( );IL4( );C1R(Sushi 1);PRKDC( );KLKB1( );FLT1( );CXCL8( );FGFR1(Helical);C4BPA( );NELL2( );NRP1( );EGFR( );INHBA( )
COL16A1, matrix metallopeptidase-3  and  granzyme B ({Homo sapiens}-type) ,1446,1452,0.885,6,EIIKMF,COL16A1( )
COL16A1, matrix metallopeptidase-7  and  matrix metallopeptidase-3 ,1237,1243,0.98,6,GLMGPP,COL4A5( );COL16A1( )
COL16A1, matrix metallopeptidase-3  and  matrix metallopeptidase-3 ,1207,1213,0.8799999999999999,6,GIQGPA,COL16A1( )
COL16A1, matrix metallopeptidase-3  and  matrix metallopeptidase-7 ,1213,1216,0.86,3,GLD,HMCN2( );TNXB( );FN1( );TNC( );COL7A1( );HSPG2( );SRPX( );LAMA5( );FBLN2( );COL1A2( );COL1A1( );COL2A1( );FBN1( );COL5A2( );THBS3( );COL6A3( );DCN(LRR 1);COL6A5( );COL4A4( );COL4A1( );COL4A3( );COL4A5( );LAMA2( );COL4A6( );COL4A2( );COL16A1( );COL6A6( );EMILIN1( );PCOLCE( );HSPA5( );DCD( );SERPINF1( );CKAP4( );CDH1( );HSPA8( );MYH9( );VCL( );CSPG4( );RPL11( );CCT2( );HSPH1( );GPC2( );ARF4( );HSPA9( );HPSE( );DYNC1H1( );DSC2( );ALDOA( );CALR( );FLNA( );COPA( );EPHB4( );SERPINA6( );S100A12( );CD8A( );NUCB1( );GANAB( );LEP( );LRPAP1( );FGFR3( );NUCB2( );CTSV( );MMP9( );ACE( );MELTF( );FLNB( );LEPROT( );C4B( );C4A( );CTSL( );LOXL1( );PRF1( );IL13RA2( );KLK10( );TLL1( );CASP4( );ADAMTS17( );TG( );IL4R( );FGFR1( );PRLR( );F2( );SPINK5( );FST( );VEGFC( );PLAUR( )
COL16A1, elastase-2  and  matrix metallopeptidase-3 ,1208,1213,1.03,5,IQGPA,COL16A1( )
COL16A1, matrix metallopeptidase-3  and  cathepsin G ,883,886,0.9950000000000001,3,DLI,FRAS1( );SPON1( );FBLN2( );THBS2( );VCAN( );COL6A3( );COL6A5( );DMBT1( );COL12A1( );LAMA2( );COL16A1( );SERPINF1( );MYH9( );TLN1( );HSP90AA1( );DAG1( );ITIH2( );EIF4A1(Helicase C-terminal);HSPA9( );HPSE( );DYNC1H1( );DSC2( );PLEC( );COPA( );MMP8( );KARS( );IL2( );ACTN2( );IDE( );ERAP1( );F13A1( );C5( );SERPINA3( );HNRNPK( );SLTM( );APOB( );CTSD( );NCAM1( );QPCT( );C4B( );C4A( );TSLP( );KNG1( );TEK( );LCN2( );A2ML1( );CD163( );TF( );RNASE3( );CALU( );TG( );FLT1( );NGFR( );IL4R( );FGFR1( );VEGFD( );HRG( )
COL16A1, elastase-2  and  matrix metallopeptidase-3 ,769,774,0.895,5,VQGPP,HSPG2( );COL1A1( );COL5A1( );COL4A5( );COL4A6( );COL14A1(Collagen-like 4);COL4A2( );COL16A1( );COL17A1( );CDSN( );IGHA1( );IGHA2( )
COL16A1, matrix metallopeptidase-3  and  elastase-2 ,774,778,0.8300000000000001,4,GLKG,COL7A1( );COL1A2( );COL2A1( );COL5A2( );COL18A1( );COL3A1( );COL5A1( );COL6A5( );COL4A4( );COL12A1( );COL4A1( );COL4A3( );COL4A5( );COL4A6( );COL6A1( );COL4A2( );COL16A1( );COL6A6( );COL6A2( );COL15A1( );SERPIND1( );ATP5A1( );INHBA( )
COL16A1, matrix metallopeptidase-3  and  elastase-2 ,565,569,0.9850000000000001,4,AQHL,COL6A5( );COL16A1( );ATP5B( );TGFB1( )
COL16A1, elastase-2  and  matrix metallopeptidase-3 ,562,565,0.825,3,VVG,HMCN2( );TNXB( );FN1( );COL7A1( );HSPG2( );ELN( );CTGF( );LAMA3( );LAMB2( );ABI3BP( );COL1A2( );COL1A1( );FGA( );THBS3( );COL5A1( );TGFBI( );DCN( );COL6A5( );COL12A1( );LAMB1( );FBLN1( );LAMA2( );COL14A1( );COL6A1( );COL16A1( );COL6A6( );LAMB3( );EMILIN1( );LAMA4( );COL15A1( );VWA5B1( );HSPA5( );SDC4( );TLN1( );LGALS7( );DAG1( );TFRC( );SERPINA5( );PMEL( );EEF2( );HSPH1( );CAPZA1( );GPC2( );PZP( );CAPZA2( );HSPA9( );CANX( );DYNC1H1( );ADH7( );SFN( );VWA8( );DSG1(Desmoglein repeat 2);PFKP( );PGLYRP2( );FAM3C( );AGT( );ALDOA( );EFTUD2( );FLNA( );PLEC( );EPHB4( );KDR( );KARS( );CDSN( );SOD3( );SERPINA7( );CLTC( );FGFR3( );ACTN4( );IDE( );ITIH5( );RAC1( );ALCAM( );WDR1( );ACE2( );F13A1( );PLSCR1( );CTSV( );NECTIN1( );MELTF( );FLNB( );QPCT( );CTSL( );ST14(Peptidase S1);PRF1( );LCN2( );CELA1(Peptidase S1);FGFR4( );PAPPA( );TG( );NGFR( );IL4R( );C4BPA( );PLG(Peptidase S1);FGFR2( );TIMP3( )
COL16A1, matrix metallopeptidase-3  and  granzyme B ({Homo sapiens}-type) ,161,165,0.8049999999999999,4,PQLF,COL16A1( );ENDOD1( )
COL16A1, matrix metallopeptidase-3  and  cathepsin G ,47,51,0.7849999999999999,4,NVTG,HMCN2( );LAMA5( );ABI3BP( );IGFBP7( );COL16A1(Laminin G-like);MYH9( );YBX1(CSD);MMP8( );MUC4( )
COL16A1, matrix metallopeptidase-3  and  granzyme B ({Homo sapiens}-type) ,535,542,0.81,7,DPVPARG,COL16A1( )
COL16A1, matrix metallopeptidase-3  and  elastase-2 ,535,539,0.84,4,DPVP,HMCN2( );COL16A1( );VIP( );DAG1( );GPC2( );NAMPT( )
COL16A1, matrix metallopeptidase-3  and  matrix metallopeptidase-7 ,1207,1213,0.96,6,GIQGPA,COL16A1( )
COL16A1, matrix metallopeptidase-3  and  matrix metallopeptidase-7 ,432,439,0.805,7,GQKGDPG,COL6A3( );COL16A1( )
COL16A1, matrix metallopeptidase-3  and  granzyme B ({Homo sapiens}-type) ,432,436,0.825,4,GQKG,COL7A1( );LTBP2( );COL2A1( );COL5A2( );COL18A1( );COL5A1( );COL6A3( );COL6A5( );COL4A4( );COL4A1( );COL4A3( );COL4A5( );COL4A6( );COL4A2( );COL16A1( );COL6A2( );COLQ( );COL15A1( );COL17A1( );FLNA( );C1QC( );A2ML1( )
COL16A1, elastase-2  and  matrix metallopeptidase-3 ,428,432,0.795,4,IGPK,ADIPOQ( );COL7A1( );VCAN( );COL6A3( );COL4A4( );COL12A1( );COL4A3( );COL4A6( );COL6A1( );COL16A1( )
COL16A1, elastase-2  and  matrix metallopeptidase-3 ,427,432,0.775,5,VIGPK,COL16A1( )
COL16A1, matrix metallopeptidase-7  and  matrix metallopeptidase-3 ,439,444,0.805,5,FVGPE,COL16A1( )
COL16A1, matrix metallopeptidase-3  and  granzyme B ({Homo sapiens}-type) ,638,645,0.905,7,LSNLQDG,COL16A1( )
COL16A1, matrix metallopeptidase-3  and  granzyme B ({Homo sapiens}-type) ,638,643,0.81,5,LSNLQ,THBS4( );COL16A1( );LAMA4( );SOGA1( )
COL16A1, matrix metallopeptidase-3  and  cathepsin G ,638,641,0.815,3,LSN,HMCN2( );FRAS1( );LAMA5( );AEBP1( );LTBP2( );THBS4( );THBS1( );THBS2( );VCAN( );TGFBI(FAS1 1);LAMB1( );NID1( );COL16A1( );LRG1( );LAMA4( );COL15A1( );COL17A1( );APOA4( );ATP5O( );MYH9( );SERPINB5( );CSPG4( );RPL9( );PDCD6IP( );KITLG( );ITIH2(VWFA);P4HB( );ARF4( );DYNC1H1( );SOGA1( );AGT( );SBSN( );C3( );COPA( );CD8A( );IL1A( );SERPINA7( );TUBA4A( );ACTN4( );SERPING1( );ACTN1( );CLU( );CHGB( );GHR( );ACE( );ITIH1( );APOB( );ILK( );NCAM1( );LIF( );TNFSF10( );MUC4( );PROS1( );GBA( );TGFB1( );PRKDC( );A2ML1( );CD8B( );KLKB1( );TG( );FLT1( );EGFR( );LOX( );TIMP3( );LYNX1( )
COL16A1, granzyme B ({Homo sapiens}-type)  and  matrix metallopeptidase-3 ,1369,1374,0.8400000000000001,5,DPGAA,LAMA3( );COL16A1( );LOX( )
COL16A1, matrix metallopeptidase-3  and  matrix metallopeptidase-3 ,1168,1172,0.75,4,GFPG,ADIPOQ( );COL7A1( );ELN( );COL1A2( );COL1A1( );COL2A1( );COL5A2( );COL18A1( );COL3A1( );COL5A1( );COL6A3( );COL6A5( );COL4A4( );COL12A1( );COL4A1( );COL4A3( );COL4A5( );COL4A6( );COL14A1( );COL6A1( );COL4A2( );COL16A1( );COL6A6( );COL6A2( );COLQ( );COL15A1( );COL17A1( );HSPA8( );A2M( );GLA( );C1S( )
COL16A1, matrix metallopeptidase-3  and  matrix metallopeptidase-3 ,76,83,0.75,7,ILRLGAA,COL16A1( )
COL16A1, granzyme B ({Homo sapiens}-type)  and  matrix metallopeptidase-3 ,542,547,0.79,5,DPGIQ,COL16A1( )
COL16A1, matrix metallopeptidase-3  and  cathepsin G ,1509,1513,0.75,4,GVRG,COL7A1( );COL1A2( );COL1A1( );COL5A2( );FGA( );COL6A5( );COL4A4( );COL4A3( );COL16A1( );TLN1( );P4HB( );ATP5A1( )
COL16A1, matrix metallopeptidase-3  and  elastase-2 ,567,574,0.8200000000000001,7,HLVSSTG,COL16A1(Collagen-like 2)
COL16A1, elastase-2  and  matrix metallopeptidase-3 ,563,567,0.8,4,VGAQ,COL16A1( );TFRC( );ERAP1( );CD209( );MUC4( )
COL16A1, elastase-2  and  matrix metallopeptidase-3 ,562,567,0.75,5,VVGAQ,COL16A1( );TFRC( )
COL16A1, matrix metallopeptidase-3  and  matrix metallopeptidase-3 ,950,953,0.745,3,HLL,HMCN2( );FRAS1( );TNXB( );NOV( );LAMC2( );VWF( );HSPG2( );LAMA3( );FGB( );MFAP4( );FGA( );LTBP2( );COL6A5( );NID1( );LAMA2( );COL16A1( );UCN( );HSPA5( );S100A13( );HYOU1( );MYH9( );CSPG4( );SHH( );SERPINF2( );RPN1( );DYNC1H1( );SOGA1( );DSC2( );VWA8( );PGLYRP2( );LGALS3( );CPE( );CPQ( );IL2( );GPC1( );CLTC( );PPY( );SERPINA4( );WDR1(WD 1);ACE2( );ORM1( );SERPINA3( );ACE( );LCN1( );CD109( );APOB( );GLG1( );AGTR2( );LEPROT( );IGHA1( );ORM2( );QPCT( );IGHA2( );CRH( );C4B( );C4A( );PENK( );IL17C( );KLK10( );IL20( );PRKDC( );SFRP2( );TG( );TAC1( );IL4R( );KLK6( );PRLR( );ESR2( );VEGFC( );PLAT( );HGF( )
COL16A1, elastase-2  and  matrix metallopeptidase-3 ,943,950,0.75,7,GSLPIEQ,COL16A1( )
COL16A1, matrix metallopeptidase-3  and  cathepsin G ,950,953,0.775,3,HLL,HMCN2( );FRAS1( );TNXB( );NOV( );LAMC2( );VWF( );HSPG2( );LAMA3( );FGB( );MFAP4( );FGA( );LTBP2( );COL6A5( );NID1( );LAMA2( );COL16A1( );UCN( );HSPA5( );S100A13( );HYOU1( );MYH9( );CSPG4( );SHH( );SERPINF2( );RPN1( );DYNC1H1( );SOGA1( );DSC2( );VWA8( );PGLYRP2( );LGALS3( );CPE( );CPQ( );IL2( );GPC1( );CLTC( );PPY( );SERPINA4( );WDR1(WD 1);ACE2( );ORM1( );SERPINA3( );ACE( );LCN1( );CD109( );APOB( );GLG1( );AGTR2( );LEPROT( );IGHA1( );ORM2( );QPCT( );IGHA2( );CRH( );C4B( );C4A( );PENK( );IL17C( );KLK10( );IL20( );PRKDC( );SFRP2( );TG( );TAC1( );IL4R( );KLK6( );PRLR( );ESR2( );VEGFC( );PLAT( );HGF( )
COL16A1, matrix metallopeptidase-3  and  elastase-2 ,424,428,0.76,4,EICV,MFAP2( );COL16A1( )
COL16A1, matrix metallopeptidase-3  and  elastase-2 ,424,427,0.74,3,EIC,FN1(Fibronectin type-I 7);TNC( );LTBP4(TB 2);LAMA5( );LAMA3( );LTBP2(TB 2);MFAP2( );FBN1( );LTBP2(TB 2);COL6A5( );COL4A5( );COL16A1( );COL6A6( );MYH9( );EEF2( );DSG1( );C3( );FLNA( );KARS( );IL1RN( );CTSV( );MMP2( );CCL2( );GBA( );CCL7( );SPINK5( );PSAP( );HGF( )
COL16A1, matrix metallopeptidase-3  and  matrix metallopeptidase-3 ,953,958,0.73,5,KSICG,POSTN( );COL16A1( )
COL16A1, matrix metallopeptidase-3  and  granzyme B ({Homo sapiens}-type) ,953,958,0.7949999999999999,5,KSICG,POSTN( );COL16A1( )
COL16A1, matrix metallopeptidase-3  and  elastase-2 ,953,960,0.885,7,KSICGDC,COL16A1( )
COL16A1, elastase-2  and  matrix metallopeptidase-3 ,950,953,0.825,3,HLL,HMCN2( );FRAS1( );TNXB( );NOV( );LAMC2( );VWF( );HSPG2( );LAMA3( );FGB( );MFAP4( );FGA( );LTBP2( );COL6A5( );NID1( );LAMA2( );COL16A1( );UCN( );HSPA5( );S100A13( );HYOU1( );MYH9( );CSPG4( );SHH( );SERPINF2( );RPN1( );DYNC1H1( );SOGA1( );DSC2( );VWA8( );PGLYRP2( );LGALS3( );CPE( );CPQ( );IL2( );GPC1( );CLTC( );PPY( );SERPINA4( );WDR1(WD 1);ACE2( );ORM1( );SERPINA3( );ACE( );LCN1( );CD109( );APOB( );GLG1( );AGTR2( );LEPROT( );IGHA1( );ORM2( );QPCT( );IGHA2( );CRH( );C4B( );C4A( );PENK( );IL17C( );KLK10( );IL20( );PRKDC( );SFRP2( );TG( );TAC1( );IL4R( );KLK6( );PRLR( );ESR2( );VEGFC( );PLAT( );HGF( )
COL16A1, matrix metallopeptidase-7  and  matrix metallopeptidase-3 ,1306,1311,0.855,5,GISAV,COL16A1( )
COL16A1, matrix metallopeptidase-3  and  granzyme B ({Homo sapiens}-type) ,1311,1315,0.875,4,GLKG,COL7A1( );COL1A2( );COL2A1( );COL5A2( );COL18A1( );COL3A1( );COL5A1( );COL6A5( );COL4A4( );COL12A1( );COL4A1( );COL4A3( );COL4A5( );COL4A6( );COL6A1( );COL4A2( );COL16A1( );COL6A6( );COL6A2( );COL15A1( );SERPIND1( );ATP5A1( );INHBA( )
COL16A1, elastase-2  and  matrix metallopeptidase-3 ,1307,1311,0.765,4,ISAV,TNXB( );HSPG2( );DCN(LRR 9);COL16A1( )
COL16A1, matrix metallopeptidase-3  and  matrix metallopeptidase-3 ,1054,1058,0.725,4,GFPG,ADIPOQ( );COL7A1( );ELN( );COL1A2( );COL1A1( );COL2A1( );COL5A2( );COL18A1( );COL3A1( );COL5A1( );COL6A3( );COL6A5( );COL4A4( );COL12A1( );COL4A1( );COL4A3( );COL4A5( );COL4A6( );COL14A1( );COL6A1( );COL4A2( );COL16A1( );COL6A6( );COL6A2( );COLQ( );COL15A1( );COL17A1( );HSPA8( );A2M( );GLA( );C1S( )
COL16A1, elastase-2  and  matrix metallopeptidase-3 ,1190,1195,0.915,5,IRGPS,COL16A1( )
COL16A1, matrix metallopeptidase-3  and  granzyme B ({Homo sapiens}-type) ,1144,1151,0.7849999999999999,7,GNSGEKG,COL16A1( )
COL16A1, cathepsin G  and  matrix metallopeptidase-3 ,953,958,0.76,5,KSICG,POSTN( );COL16A1( )
COL16A1, elastase-2  and  matrix metallopeptidase-3 ,385,390,0.745,5,ALGPS,FBLN2( );COL16A1( );PSAPL1( )
COL16A1, matrix metallopeptidase-3  and  matrix metallopeptidase-7 ,1449,1454,0.7849999999999999,5,KMFDE,COL16A1( )
COL16A1, matrix metallopeptidase-3  and  matrix metallopeptidase-7 ,1449,1456,0.725,7,KMFDERM,COL16A1( )
COL16A1, matrix metallopeptidase-3  and  granzyme B ({Homo sapiens}-type) ,1449,1452,0.77,3,KMF,VCAN( );COL16A1( );COL6A6( );LRG1( );CSPG4( );SERPINA5( );HSPH1( );EIF4A1( );DYNC1H1( );CLTC( );F13A1( );CLEC3B( );MELTF( );IL1RL1( );C9( );KLK14( );TLL1( );TIMP2( )
COL16A1, matrix metallopeptidase-3  and  cathepsin G ,1449,1455,0.765,6,KMFDER,COL16A1( )
COL16A1, cathepsin G  and  matrix metallopeptidase-3 ,1589,1596,0.78,7,MEQQYPP,COL16A1( )
COL16A1, matrix metallopeptidase-3  and  matrix metallopeptidase-7 ,95,99,0.74,4,GLPE,FRAS1( );ASPN( );LAMA5( );COL16A1( );SERPINF2( );HLA-C( );LCN2( )
COL16A1, matrix metallopeptidase-3  and  cathepsin G ,95,100,0.79,5,GLPEE,COL16A1( )
COL16A1, matrix metallopeptidase-7  and  matrix metallopeptidase-7 ,1213,1216,0.9400000000000001,3,GLD,HMCN2( );TNXB( );FN1( );TNC( );COL7A1( );HSPG2( );SRPX( );LAMA5( );FBLN2( );COL1A2( );COL1A1( );COL2A1( );FBN1( );COL5A2( );THBS3( );COL6A3( );DCN(LRR 1);COL6A5( );COL4A4( );COL4A1( );COL4A3( );COL4A5( );LAMA2( );COL4A6( );COL4A2( );COL16A1( );COL6A6( );EMILIN1( );PCOLCE( );HSPA5( );DCD( );SERPINF1( );CKAP4( );CDH1( );HSPA8( );MYH9( );VCL( );CSPG4( );RPL11( );CCT2( );HSPH1( );GPC2( );ARF4( );HSPA9( );HPSE( );DYNC1H1( );DSC2( );ALDOA( );CALR( );FLNA( );COPA( );EPHB4( );SERPINA6( );S100A12( );CD8A( );NUCB1( );GANAB( );LEP( );LRPAP1( );FGFR3( );NUCB2( );CTSV( );MMP9( );ACE( );MELTF( );FLNB( );LEPROT( );C4B( );C4A( );CTSL( );LOXL1( );PRF1( );IL13RA2( );KLK10( );TLL1( );CASP4( );ADAMTS17( );TG( );IL4R( );FGFR1( );PRLR( );F2( );SPINK5( );FST( );VEGFC( );PLAUR( )
COL16A1, elastase-2  and  matrix metallopeptidase-7 ,1208,1213,1.11,5,IQGPA,COL16A1( )
COL16A1, matrix metallopeptidase-7  and  matrix metallopeptidase-7 ,439,444,0.9450000000000001,5,FVGPE,COL16A1( )
COL16A1, matrix metallopeptidase-7  and  granzyme B ({Homo sapiens}-type) ,363,367,0.995,4,RISP,FBN2( );FBN1( );DMBT1( );COL16A1( );SDC4( );COPA( );MIF( );CLTC( )
COL16A1, elastase-2  and  matrix metallopeptidase-7 ,289,292,0.935,3,VDA,HMCN2( );FRAS1( );TNXB( );FN1( );VWF( );LAMA5( );LAMA3( );LAMB2( );ABI3BP( );COL1A2( );COL2A1( );THBS1( );COL5A1( );COL6A3( );VTN( );DCN( );COL6A5( );FBLN1( );NID1( );LAMA2( );IGFBP7( );COL6A1( );COL16A1( );EMILIN1( );HSPD1( );TLN1( );ITIH4( );CLCA4( );DAG1( );NAXE( );GPC2( );P4HB( );PFKP( );C3( );HNRNPA2B1( );ATP5A1( );FLNA( );PLEC( );EPHB4( );CD14( );MMP8( );LGALS3BP( );APOA1( );IDE( );ERAP1( );MMP11( );CALM1( );F13A1( );ACE( );MMP1( );MMP10( );MELTF( );FLNB( );MMP2( );KNG1( );ST14( );SEMA3A( );AFM( );PRKDC( );HPX( );ADAMTS17( );PSAPL1( );TG( );WNT5A( );IGF1( );CFB( );EGFR( );PYY( );INHBA( )
COL16A1, matrix metallopeptidase-7  and  matrix metallopeptidase-7 ,1306,1311,0.905,5,GISAV,COL16A1( )
COL16A1, matrix metallopeptidase-7  and  elastase-2 ,1306,1310,1.17,4,GISA,COL16A1( );HNRNPU( );IL6( );CLTC( );C5( )
COL16A1, matrix metallopeptidase-7  and  cathepsin G ,1306,1312,0.845,6,GISAVG,COL16A1( )
COL16A1, granzyme B ({Homo sapiens}-type)  and  matrix metallopeptidase-7 ,988,994,0.935,6,DNCAQC,COL16A1( )
COL16A1, elastase-2  and  matrix metallopeptidase-7 ,225,232,0.885,7,VHIYCDP,COL16A1(Laminin G-like)
COL16A1, elastase-2  and  matrix metallopeptidase-7 ,1448,1454,0.925,6,IKMFDE,COL16A1( )
COL16A1, elastase-2  and  matrix metallopeptidase-7 ,1447,1454,0.905,7,IIKMFDE,COL16A1( )
COL16A1, matrix metallopeptidase-7  and  cathepsin G ,1454,1457,0.81,3,RMA,LTBP4( );LAMA5( );LAMB2( );FBLN1( );COL16A1( );HYOU1( );MYH9( );VCL( );TLN1( );SDCBP( );ITIH2( );GPC2( );SERPINI1( );SERPINA12( );CASP14( );CPQ( );CLTC( );ACTN4( );ERAP1( );SERPINE1( );PTGDS( );ACTN1( );IGHA2( );MUC4( );TEK( );CASP4( );FLT1( )
COL16A1, matrix metallopeptidase-7  and  granzyme B ({Homo sapiens}-type) ,1311,1315,0.925,4,GLKG,COL7A1( );COL1A2( );COL2A1( );COL5A2( );COL18A1( );COL3A1( );COL5A1( );COL6A5( );COL4A4( );COL12A1( );COL4A1( );COL4A3( );COL4A5( );COL4A6( );COL6A1( );COL4A2( );COL16A1( );COL6A6( );COL6A2( );COL15A1( );SERPIND1( );ATP5A1( );INHBA( )
COL16A1, elastase-2  and  matrix metallopeptidase-7 ,1307,1311,0.815,4,ISAV,TNXB( );HSPG2( );DCN(LRR 9);COL16A1( )
COL16A1, matrix metallopeptidase-7  and  matrix metallopeptidase-7 ,99,103,0.785,4,EFAL,COL16A1( );LAMA4( );ERAP1( );CD109( );CP( )
COL16A1, cathepsin G  and  matrix metallopeptidase-7 ,100,103,0.835,3,FAL,HMCN2( );FBN2( );HSPG2( );MATN2( );LAMA3( );FBLN2( );FBN1( );THBS2( );COL6A3( );COL6A5( );LAMB1( );COL4A5( );COL14A1( );COL16A1( );COL6A6( );LAMB3( );LAMA4( );SDC4( );CAMP( );ENDOD1( );PMEL( );GBP1( );PZP( );CKLF( );SERPINB2( );A1BG( );KDR( );SOD3( );A2M( );CLTC( );ERAP1( );SERPINA1( );C5( );MMP9( );CD109( );APOB( );ILK( );CP( );C4B( );C4A( );TSLP( );CTSK( );HPR( );IL33( );PRKDC( );SFRP2( );CALU( );TG( );TLR9(Helical);LTF( );GDNF( );TGFA( )
COL16A1, granzyme B ({Homo sapiens}-type)  and  matrix metallopeptidase-7 ,436,439,0.8200000000000001,3,DPG,FRAS1( );TNXB( );ADIPOQ( );COL7A1( );COMP( );LTBP4( );LAMA3( );LAMB2( );COL1A2( );COL2A1( );LAMC1( );THBS4( );COL5A2( );THBS1( );COL18A1( );THBS2( );THBS3( );FBLN5( );COL3A1( );COL5A1( );COL6A3( );COL6A5(Collagen-like 2);COL4A4( );COL4A1( );LAMB1( );COL4A3( );COL4A5( );COL4A6( );COL6A1( );COL4A2( );COL16A1( );COL6A6( );COL6A2( );COL15A1( );COL17A1( );EMCN( );HSPD1( );DCD( );VCL( );DAG1( );RPN1( );C1QB( );DYNC1H1( );DPP7( );PGLYRP2( );IGLL5( );SERPINA12( );C3( );FLNA( );EPHB4( );CASP14( );MMP8( );ACE2( );ACE( );MMP1( );CD109( );GLG1( );MMP2( );LOXL1( );GBA( );IL13RA2( );IL33( );PRKDC( );RPL30( );KLK7( );PAPPA( );ADAMTS17( );LOX( )
COL16A1, matrix metallopeptidase-7  and  cathepsin G ,439,445,0.855,6,FVGPEG,COL16A1( )
COL16A1, elastase-2  and  matrix metallopeptidase-7 ,769,774,0.8300000000000001,5,VQGPP,HSPG2( );COL1A1( );COL5A1( );COL4A5( );COL4A6( );COL14A1(Collagen-like 4);COL4A2( );COL16A1( );COL17A1( );CDSN( );IGHA1( );IGHA2( )
COL16A1, matrix metallopeptidase-7  and  elastase-2 ,774,778,0.765,4,GLKG,COL7A1( );COL1A2( );COL2A1( );COL5A2( );COL18A1( );COL3A1( );COL5A1( );COL6A5( );COL4A4( );COL12A1( );COL4A1( );COL4A3( );COL4A5( );COL4A6( );COL6A1( );COL4A2( );COL16A1( );COL6A6( );COL6A2( );COL15A1( );SERPIND1( );ATP5A1( );INHBA( )
COL16A1, matrix metallopeptidase-7  and  matrix metallopeptidase-7 ,640,647,0.765,7,NLQDGDV,COL16A1( )
COL16A1, matrix metallopeptidase-7  and  matrix metallopeptidase-7 ,637,640,0.76,3,ALS,HMCN2( );FN1( );TNC( );LAMC2( );FBN2( );VWF( );LGI3( );LAMA5( );LAMA3( );LAMB2( );FBLN2( );MFAP4( );LTBP2( );COL18A1( );VCAN( );THBS3( );COL5A1( );COL6A3( );KERA(LRR 2);COL6A5( );COL12A1( );IGFBP3( );COL4A3( );NID1( );COL4A5( );COL4A6( );COL14A1(Fibronectin type-III 3);COL16A1( );BGN( );COL6A6( );LAMB3( );EMILIN1( );COL6A2( );LAMA4( );COL15A1( );LAD1( );HSPA5( );HSPD1( );SERPINF1( );HYOU1( );MYH9( );YBX1( );SDC1( );TLN1( );HSP90B1( );CCT6A( );SERPINB5( );PDCD6IP( );TFRC( );SERPINF2( );PZP( );DYNC1H1( );SOGA1( );DSC2( );VWA8( );DSG1( );ALDOA( );SBSN( );SERPINA12( );CALR( );LGALS3( );HNRNPA2B1( );FLNA( );PLEC( );GPI( );CALCA( );CD14(LRR 3);SERPINA6( );A1BG( );MMP8( );CD8A( );ANXA2P2( );DMKN( );CPQ( );ANXA2( );GANAB( );IL2( );LEP( );GPC1( );A2M( );CLTC( );PPY( );SERPINA4( );PTGDS( );SERPING1( );C5( );CHGB( );ORM1( );ADM( );ACE( );CXCL1( );MMP1( );MMP10( );GSN( );CD109( );IL1RL1( );APOB( );HSPB1( );NCAM1( );LIF( );ORM2( );PPIA( );NPC2( );C4B( );C4A( );MUC4( );PROS1( );GBA( );KLK13( );PRF1( );PRKDC( );MANF( );A2ML1( );IL10( );CD163( );TF( );PGF( );KLKB1( );ADAMTS17( );CALU( );PSAPL1( );TG( );SST( );TLR9( );NPY( );NTF3( );PRLR( );NRP1( );GDNF( );TNFRSF18( );F2( );HGFAC( );ESR2( );LOX( );TSHB( );PLAT( )
COL16A1, matrix metallopeptidase-7  and  granzyme B ({Homo sapiens}-type) ,640,645,0.895,5,NLQDG,FRAS1( );COL16A1( )
COL16A1, matrix metallopeptidase-7  and  granzyme B ({Homo sapiens}-type) ,640,643,0.8,3,NLQ,HMCN2( );FRAS1( );FN1( );VWF( );LGI3( );LAMA3( );LAMB2( );LAMC1( );THBS4( );LTBP2( );THBS3( );FBLN5( );COL6A3( );COL12A1( );LAMA2( );COL14A1( );COL16A1( );COL6A2( );LAMA4( );COL17A1( );MYH9( );VCL( );CLCA4( );CSPG4( );ITIH3( );SERPINA5( );DYNC1H1( );SOGA1( );VWA8( );DSG1( );AGT( );C3( );FLNA( );PLEC( );COPA( );TREM1( );CPQ( );CLTC( );F13A1( );C5( );NECTIN1( );CMA1( );SLTM( );ITIH1( );CREG1( );GSN( );APOB( );FLNB( );OLFML1( );CP( );LEPROT( );ANGPT1( );RAN( );C1R( );IL20( );CXADR( );SFRP2( );KLK11( );TG( );KLK6( );EGFR( )
COL16A1, granzyme B ({Homo sapiens}-type)  and  matrix metallopeptidase-7 ,230,233,0.76,3,DPE,HMCN2( );FRAS1( );COL7A1( );VWF( );COMP( );LAMA5( );SPON1( );LAMA3( );FBLN2( );LAMC1( );THBS4( );COL18A1( );VCAN( );THBS3( );COL5A1( );TGFBI( );LAMB1( );LAMA2( );COL14A1( );COL16A1(Laminin G-like);COL6A6( );EMILIN1( );LAMA4( );COL15A1( );DCD( );CDH1( );TLN1( );ITIH4( );CHGA( );CSPG4( );DAG1( );ITIH2( );GBP1( );HSPA9( );CANX(1-1);DYNC1H1( );SOGA1( );DSC2( );NAMPT( );C3( );FLNA( );PLEC( );COPA( );GANAB( );CDSN( );CLTC( );PON1( );WDR1( );SERPING1( );C5( );NECTIN1( );AHSG( );SLTM( );IGHG4( );MELTF( );GLG1( );FLNB( );IGHG1( );MMP2( );C9( );MUC4( );PROS1( );IGHG2( );RBP4( );AFM( );KLK10( );PRKDC( );CRIP2( );IGHG3( );HBB( );PAPPA( );FLT1(Ig-like C2-type 1);IL17A( );PLG( );EFNA1( );PRLR( );C1S( );CFH( )
COL16A1, cathepsin G  and  matrix metallopeptidase-7 ,1589,1596,0.815,7,MEQQYPP,COL16A1( )
COL16A1, matrix metallopeptidase-7  and  elastase-2 ,201,206,0.8500000000000001,5,RPVGH,COL16A1( )
COL16A1, cathepsin G  and  matrix metallopeptidase-7 ,194,201,0.765,7,LGPRRPM,COL16A1( )
COL16A1, matrix metallopeptidase-7  and  cathepsin G ,894,897,0.815,3,GLW,HMCN2( );VWF( );AEBP1( );LAMA2( );COL16A1( );EMILIN1( );LRG1( );LAMA4( );CSPG4( );OLFML3( );SERPINA6( );SOD3( );RAC1( );CD109( );OLFML1( );SERPINC1( );TSLP( );AZGP1( );PROS1( );PRF1( );PAPPA( );HPX( );ADAMTS17( );APOH( );RNASE7( );EGFR( );FOLR2( )
COL16A1, matrix metallopeptidase-7  and  elastase-2 ,241,245,0.88,4,EILP,HMCN2( );VCAN( );COL16A1( );GPX3( );ALDOA( );IDE( );PON1( );PRKDC( )
COL16A1, elastase-2  and  matrix metallopeptidase-7 ,234,241,0.77,7,VLEEGCC,COL16A1( )
COL16A1, cathepsin G  and  matrix metallopeptidase-7 ,234,241,0.76,7,VLEEGCC,COL16A1( )
COL16A1, elastase-2  and  matrix metallopeptidase-7 ,3,8,0.7849999999999999,5,VSWAP,COL16A1( )
COL16A1, cathepsin G  and  matrix metallopeptidase-7 ,1,8,0.77,7,MWVSWAP,COL16A1( )
COL16A1, matrix metallopeptidase-7  and  matrix metallopeptidase-7 ,647,650,0.74,3,RVV,TNXB( );COL7A1( );HSPG2( );ASPN( );SPON1( );LTBP2( );LAMB2( );FGA( );THBS1( );LTBP2( );VCAN( );COL6A3( );DCN( );COL6A5( );COL12A1( );COL14A1( );COL16A1( );BGN( );VWA5B1( );RPL22( );MYH9( );ITIH4( );CSPG4( );SERPINA5( );GAPDH( );PZP( );DSG1( );SERPIND1( );SBSN( );EFTUD2( );SERPINA12( );C3( );HNRNPA2B1( );ATP5A1( );FLNA(Filamin 24);PLEC( );GANAB( );GGH( );A2M( );NTF4( );CLTC( );FGFR3( );PON1( );C5( );AHSG( );HNRNPK( );GSN(Gelsolin-like 2);IGHG4( );IGHG1( );PKM( );QPCT( );C9( );ST14( );KLK14( );IGHG2( );PRKDC( );LCN2( );CELA1(Peptidase S1);IGHG3( );AMBP( );PAPPA( );ADAMTS17( );P3H1( );CXCL8( );LYZ( );LTF(Transferrin-like 2);PLG(Peptidase S1);PLAT( );HGF(Peptidase S1)
COL16A1, granzyme B ({Homo sapiens}-type)  and  matrix metallopeptidase-7 ,643,647,0.775,4,DGDV,VCAN(Link 2);COL4A5( );COL16A1( );DYNC1H1( );PLG( );EGFR( )
COL16A1, cathepsin G  and  matrix metallopeptidase-7 ,641,647,0.78,6,LQDGDV,COL16A1( )
COL16A1, matrix metallopeptidase-7  and  cathepsin G ,647,651,0.745,4,RVVA,TNXB( );VCAN( );COL16A1( );RPL22( );DSG1( );PON1( );CELA1( );AMBP( )
COL16A1, granzyme B ({Homo sapiens}-type)  and  matrix metallopeptidase-7 ,645,650,0.87,5,DVRVV,COL16A1( )
COL16A1, granzyme B ({Homo sapiens}-type)  and  matrix metallopeptidase-7 ,643,650,0.775,7,DGDVRVV,COL16A1( )
COL16A1, matrix metallopeptidase-7  and  granzyme B ({Homo sapiens}-type) ,637,643,0.77,6,ALSNLQ,COL16A1( )
COL16A1, matrix metallopeptidase-7  and  cathepsin G ,637,641,0.7749999999999999,4,ALSN,LAMA5( );NID1( );COL16A1( );SERPINB5( );CD8A( );ACE( );MUC4( );LOX( )
COL16A1, granzyme B ({Homo sapiens}-type)  and  matrix metallopeptidase-7 ,1452,1456,0.7749999999999999,4,DERM,COL16A1( );ITIH2( );EGFR( )
COL16A1, elastase-2  and  matrix metallopeptidase-7 ,385,390,0.75,5,ALGPS,FBLN2( );COL16A1( );PSAPL1( )
COL16A1, elastase-2  and  matrix metallopeptidase-7 ,1190,1195,0.905,5,IRGPS,COL16A1( )
COL16A1, elastase-2  and  granzyme B ({Homo sapiens}-type) ,574,577,0.96,3,ASG,HMCN2( );TNXB(EGF-like 2);ADIPOQ( );TNC( );COL7A1( );LAMC2( );FBN2( );VWF( );COMP( );HSPG2( );ANOS1( );LTBP4( );LAMA5(Laminin G-like 5);AEBP1( );LAMA3( );LAMB2( );ABI3BP( );FBLN2( );COL1A2( );COL1A1( );COL2A1( );FBN1( );COL18A1( );VCAN( );COL3A1( );TGFBI( );DCN( );COL4A4( );DMBT1( );COL12A1( );COL4A1( );LAMB1( );COL4A5( );COL4A6( );COL14A1( );COL16A1( );BGN( );LAMB3( );LAMA4( );COL15A1( );COL17A1( );VWA5B1( );LAD1( );ATP5B( );TLN1( );CLCA4( );CSPG4( );PDCD6IP( );HSP90AA1( );ITIH3( );SHH( );GPC2( );PZP( );DYNC1H1( );PFKP( );DPP7( );FAM3C( );SBSN( );IGLV1-47( );C3( );FLNA( );PLEC( );OLFML3( );EPHB4( );IGKV2D-40( );RNPEP( );TTR( );KDR( );KARS( );LEP( );CDSN( );IGHV3-7( );IGKV2D-28( );WDR1( );CPA4( );IGHV3-13( );SLC25A6( );ACE( );F2R( );ITIH1( );MMP10( );GSN( );SLC25A5( );CD109( );IL1RL1( );APOB( );FLNB( );CTSD( );CP( );NCAM1( );ACTG1( );IGHA1( );IGHV1-46( );IGHA2( );C4B( );C4A( );MUC4( );TEK( );PROS1( );IGHV1-2( );C1R( );KLK10( );ADAMTSL5( );PRKDC( );TLL1( );CRIP2( );C7( );A2ML1( );FGFR4( );C8B( );TG( );NGFR( );P3H1( );CD5L( );TIMP1( );IGHV3-23( );CFI( );TNFRSF18( );VEGFD( );HGFAC( );ESR2( );LOX( );DEFB1( )
COL16A1, granzyme B ({Homo sapiens}-type)  and  elastase-2 ,314,320,1.06,6,DECPPC,COL16A1( )
COL16A1, elastase-2  and  granzyme B ({Homo sapiens}-type) ,1310,1315,1.19,5,VGLKG,COL6A5( );COL4A1( );COL4A6( );COL16A1( );INHBA( )
COL16A1, cathepsin G  and  granzyme B ({Homo sapiens}-type) ,1312,1315,0.865,3,LKG,HMCN2( );FRAS1( );COL7A1( );FBN2(TB 4);VWF( );ANOS1( );MATN2( );SRPX( );LAMA3( );COL1A2( );COL2A1( );FBN1( );COL5A2( );LTBP2( );COL18A1( );COL3A1( );COL5A1( );MFGE8( );TGFBI( );DCN( );COL6A5( );COL4A4( );COL12A1( );COL4A1( );COL4A3( );COL4A5( );COL4A6( );COL14A1( );COL6A1( );COL4A2( );COL16A1( );COL6A6( );COL6A2( );LAMA4( );COL15A1( );COL17A1( );VWA5B1( );KRTDAP( );SPX( );HSPD1( );APOA4( );HYOU1( );TLN1( );CCT6A( );CSPG4(Gly/Ser-rich (glycosaminoglycan);RPL9( );ANXA1( );CCT2( );PMEL( );SERPINF2( );NAXE( );GAPDH( );RPN1( );PZP( );HNRNPU( );DYNC1H1( );SOGA1( );DSC2( );VWA8( );SERPIND1( );NAMPT( );C3( );ATP5A1( );PLEC( );EPHB4( );CASP14( );IL2( );GPC1( );ERAP1( );SERPING1( );C5( );NECTIN1( );GHR( );SERPINA3( );CLEC3B( );TNFSF15( );ANGPT2( );MELTF( );CD109( );APOB( );SOD1( );LEPROT( );TEK( );KLK13( );ANGPT1( );PRKDC( );CXADR( );HBB( );PAPPA( );TF( );C8B( );TG( );FLT1( );NGFR( );IGHV3-23( );LTF( );PLG( );CD55( );PRLR(Cytoplasmic);CFHR3( );VEGFC( );INHBA( );TGFA( );EDN1( )
COL16A1, granzyme B ({Homo sapiens}-type)  and  elastase-2 ,645,649,0.97,4,DVRV,COL6A1( );COL16A1( );ACE2( );APOB( );ST14(SEA);LOXL1( );SPINT1( )
COL16A1, granzyme B ({Homo sapiens}-type)  and  elastase-2 ,645,648,0.87,3,DVR,TNXB( );FN1( );COMP( );LAMA5( );CTGF( );LAMA3( );LAMB2( );FBN1( );COL18A1( );COL6A3( );COL6A5( );DMBT1( );COL12A1( );COL6A1( );COL16A1( );LAMB3( );COL17A1( );EMCN( );HSPA5( );APOA4( );HYOU1( );TLN1( );NAXE( );CAPZA1( );CAPZA2( );DYNC1H1( );PGLYRP2( );FLNA( );PLEC( );COPA( );GANAB( );MYDGF( );IDE( );ALCAM( );ACE2( );AHSG( );C2( );APOB( );GLG1( );AGTR2( );NCAM1( );MUC4( );ST14( );LOXL1( );SEMA3A( );SPINT1( );PRKDC( );KLK5( );HPX( );FLT1( );TPSB2( );LYZ( );RETN( );LOX( );INHBA( );TPSAB1( )
COL16A1, cathepsin G  and  granzyme B ({Homo sapiens}-type) ,638,645,1.0,7,LSNLQDG,COL16A1( )
COL16A1, cathepsin G  and  granzyme B ({Homo sapiens}-type) ,641,645,0.9099999999999999,4,LQDG,FRAS1( );VWF( );HSPG2( );COL16A1( );VWA5B1( );TIMP1( )
COL16A1, granzyme B ({Homo sapiens}-type)  and  cathepsin G ,645,651,0.875,6,DVRVVA,COL16A1( )
COL16A1, granzyme B ({Homo sapiens}-type)  and  granzyme B ({Homo sapiens}-type) ,1008,1013,0.985,5,DNSEG,COL16A1( );SOGA1( )
COL16A1, elastase-2  and  granzyme B ({Homo sapiens}-type) ,1005,1008,0.925,3,ARG,HMCN2( );TNXB( );COL7A1( );HSPG2( );LGI3( );LAMA5( );AEBP1( );LTBP2( );LAMB2( );FBLN2( );FGB( );COL1A2( );COL1A1( );COL2A1( );COL5A2( );COL18A1( );COL3A1( );COL5A1( );COL4A4( );DMBT1( );COL12A1( );COL4A1( );COL4A3( );LAMA2( );COL4A6( );IGFBP7( );COL6A1( );COL4A2( );COL16A1( );COL6A6( );EMILIN1( );COL15A1( );ATP5B( );VCL( );TLN1( );CCT6A( );CSPG4( );CAMP( );TFRC( );HSPH1( );GPC2( );EIF4A1( );HPSE( );DYNC1H1( );SOGA1( );PFKP( );FLNA( );PLEC( );COPA( );CD14( );MMP8( );DMKN( );CPQ( );GANAB( );GPC1( );FGFR3( );TUBA4A( );IDE( );ITIH5( );MMP28( );LCN1( );CREG1( );ILK( );PKM( );NCAM1( );MMP2( );IGHA1( );QPCT( );IGHA2( );C4B( );C4A( );ST14( );TEK( );LOXL1( );IL17C( );KLK10( );PRKDC( );MANF( );SFRP2( );KLK7( );FGF2( );FGFR4( );PAPPA( );ADAMTS17( );TG( );FLT1( );P3H1( );FGFR1( );NELL2( );FGFR2( );WFDC5( )
COL16A1, elastase-2  and  granzyme B ({Homo sapiens}-type) ,362,367,1.0899999999999999,5,VRISP,DMBT1( );COL16A1( )
COL16A1, elastase-2  and  granzyme B ({Homo sapiens}-type) ,1074,1079,0.9099999999999999,5,TGLTG,COL16A1(Collagen-like 6)
COL16A1, granzyme B ({Homo sapiens}-type)  and  granzyme B ({Homo sapiens}-type) ,1432,1437,0.965,5,DMVNY,COL16A1( )
COL16A1, elastase-2  and  granzyme B ({Homo sapiens}-type) ,1434,1437,1.0899999999999999,3,VNY,FN1( );LTBP2( );COL12A1( );COL16A1( );LAMA4( );SERPINA5( );DYNC1H1( );FLNA( );SERPINA6( );RNPEP( );A2M( );SERPINA7( );CLTC( );SERPINA1( );SERPINA4( );CALM1( );ACTN1( );NECTIN1( );SERPINA3( );MMP10( );FLNB(Filamin 17);CST4( );MUC4( );PROS1( );KLK13( );SEMA3A( );IFI30( );CST3( );APOH( );CTSB( )
COL16A1, cathepsin G  and  granzyme B ({Homo sapiens}-type) ,1430,1437,0.9099999999999999,7,MGDMVNY,COL16A1( )
COL16A1, granzyme B ({Homo sapiens}-type)  and  cathepsin G ,1432,1436,0.835,4,DMVN,COL16A1( );APOB( )
COL16A1, granzyme B ({Homo sapiens}-type)  and  elastase-2 ,478,484,0.825,6,DKGSSG,COL16A1( )
COL16A1, granzyme B ({Homo sapiens}-type)  and  elastase-2 ,221,225,0.915,4,DLQQ,LAMA5( );LAMA2( );COL16A1( );LAMA4( );PDCD6IP( )
COL16A1, elastase-2  and  granzyme B ({Homo sapiens}-type) ,218,221,0.895,3,VSF,HMCN2(Ig-like C2-type 40);LAMA3( );MFAP4( );FGA( );VCAN( );COL6A5( );COL12A1( );LAMA2( );COL16A1( );LAMA4( );COL15A1( );VWA5B1( );C1QBP( );TLN1( );IFNG( );CSPG4( );CAMP( );ITIH3( );TFRC( );ITIH2( );GBP1( );PZP( );DYNC1H1( );PYCARD( );RNPEP( );APOA1( );PROCR( );C2( );ACE( );SLC25A5(Solcar 1);GLG1( );LEPROT( );PPIA( );TSLP( );MUC4( );CTSK( );IL33( );PRKDC( );CD163( );PAPPA( );IL17F( );TLR9( );APOH( );FGFR1( );INHBA( )
COL16A1, elastase-2  and  granzyme B ({Homo sapiens}-type) ,981,988,0.895,7,IPGVPGL,COL16A1( )
COL16A1, granzyme B ({Homo sapiens}-type)  and  cathepsin G ,988,995,0.99,7,DNCAQCF,COL16A1( )
COL16A1, elastase-2  and  granzyme B ({Homo sapiens}-type) ,206,211,0.915,5,VFLGL,COL16A1( )
COL16A1, granzyme B ({Homo sapiens}-type)  and  elastase-2 ,211,218,0.89,7,DAEQGKP,COL16A1( )
COL16A1, granzyme B ({Homo sapiens}-type)  and  elastase-2 ,185,189,0.855,4,DCSS,COL16A1( );FLNA( );CTSV( );SLTM( );CTSL( )
COL16A1, elastase-2  and  granzyme B ({Homo sapiens}-type) ,1208,1215,1.01,7,IQGPAGL,COL16A1( )
COL16A1, granzyme B ({Homo sapiens}-type)  and  elastase-2 ,978,981,0.865,3,DQG,TNXB( );TNC( );COL7A1( );HSPG2( );LTBP4( );LTBP2( );COL1A2( );COL2A1( );COL5A2( );POSTN(EMI);COL6A5( );COL4A4( );COL12A1( );COL4A1( );COL4A3( );COL4A5( );COL4A6( );COL6A1( );COL4A2( );COL16A1( );COL6A2( );CTHRC1( );COL15A1( );COL17A1( );HSPA5( );HYOU1( );HSPA8( );MYH9( );SDC1( );CSPG4( );RPL11( );SHH( );IL18( );HNRNPU( );VWA8( );EPHB4( );MYL6(EF-hand 2);KDR( );GANAB( );CLTC( );MMP11( );MMP9( );MMP2( );KNG1(nan);LOXL1( );SEMA3A( );PRKDC( );CXADR( );PAPPA( );NELL2( );CTSB( );INHBA( );PLAT( )
COL16A1, cathepsin G  and  granzyme B ({Homo sapiens}-type) ,1145,1151,0.79,6,NSGEKG,COL16A1( )
COL16A1, cathepsin G  and  granzyme B ({Homo sapiens}-type) ,953,958,0.825,5,KSICG,POSTN( );COL16A1( )
COL16A1, granzyme B ({Homo sapiens}-type)  and  elastase-2 ,406,409,0.81,3,DGG,HMCN2( );FRAS1( );TNXB( );TNC( );LAMC2( );FBN2( );LTBP4( );LAMA3( );LTBP2( );LAMB2( );FGB( );COL1A2( );COL1A1( );COL2A1( );FBN1( );MFAP4( );THBS1(TSP type-1 2);LTBP2( );COL18A1( );THBS2(TSP type-1 2);COL3A1( );COL12A1( );COL4A5( );COL4A6( );COL4A2( );COL16A1( );EMILIN1( );CKAP4( );CDH1( );SDC1( );SERPINB5( );CSPG4( );TNXA( );PMEL( );CAPZA1( );LGALS1( );CANX( );DYNC1H1( );SOGA1( );MAP2K2( );DSG1( );PFKP( );IL1B( );COPA( );IL36G( );A1BG( );CPQ( );LGALS3BP( );ITIH5( );PTGDS( );WDR1( );CLEC3B( );LCN1( );ITIH1( );MELTF( );NCAM1( );MUC4( );RAN( );C7(TSP type-1 2);FGF2( );PAPPA( );TF( );TG( );NGFR( );P3H1( );ADM2( );IL4R( );TLR9( );LTF( );PRLR( );MDK( );PSAP(Saposin B-type 4)
COL16A1, elastase-2  and  granzyme B ({Homo sapiens}-type) ,1448,1452,0.9099999999999999,4,IKMF,VCAN( );COL16A1( );EIF4A1( );TIMP2( )
COL16A1, elastase-2  and  granzyme B ({Homo sapiens}-type) ,1447,1452,0.8899999999999999,5,IIKMF,COL16A1( )
COL16A1, granzyme B ({Homo sapiens}-type)  and  cathepsin G ,1452,1455,0.815,3,DER,FRAS1( );VWF( );HSPG2( );ANOS1( );COL6A5( );COL16A1( );COL6A2( );FGG( );ATP5B( );MYH9( );VCL( );CHGA( );CLCA4( );ITIH3( );ITIH2( );CANX(1-1);DYNC1H1( );SOGA1( );PFKP( );AGT( );SERPINA12( );CALR(1-2);PLEC(Actin-binding);ACTN2( );PPY( );MMP28( );MMP1( );ST14( );PRKDC( );C7( );CALU( );TPSB2( );HGFAC( );EGFR( );HRG( );TPSAB1( )
COL16A1, granzyme B ({Homo sapiens}-type)  and  cathepsin G ,1452,1457,0.7949999999999999,5,DERMA,COL16A1( )
COL16A1, granzyme B ({Homo sapiens}-type)  and  elastase-2 ,643,649,0.875,6,DGDVRV,COL16A1( )
COL16A1, granzyme B ({Homo sapiens}-type)  and  elastase-2 ,643,648,0.775,5,DGDVR,COL16A1( )
COL16A1, cathepsin G  and  granzyme B ({Homo sapiens}-type) ,638,643,0.905,5,LSNLQ,THBS4( );COL16A1( );LAMA4( );SOGA1( )
COL16A1, granzyme B ({Homo sapiens}-type)  and  elastase-2 ,542,548,1.01,6,DPGIQG,COL16A1( )
COL16A1, granzyme B ({Homo sapiens}-type)  and  elastase-2 ,542,545,0.965,3,DPG,FRAS1( );TNXB( );ADIPOQ( );COL7A1( );COMP( );LTBP4( );LAMA3( );LAMB2( );COL1A2( );COL2A1( );LAMC1( );THBS4( );COL5A2( );THBS1( );COL18A1( );THBS2( );THBS3( );FBLN5( );COL3A1( );COL5A1( );COL6A3( );COL6A5(Collagen-like 2);COL4A4( );COL4A1( );LAMB1( );COL4A3( );COL4A5( );COL4A6( );COL6A1( );COL4A2( );COL16A1( );COL6A6( );COL6A2( );COL15A1( );COL17A1( );EMCN( );HSPD1( );DCD( );VCL( );DAG1( );RPN1( );C1QB( );DYNC1H1( );DPP7( );PGLYRP2( );IGLL5( );SERPINA12( );C3( );FLNA( );EPHB4( );CASP14( );MMP8( );ACE2( );ACE( );MMP1( );CD109( );GLG1( );MMP2( );LOXL1( );GBA( );IL13RA2( );IL33( );PRKDC( );RPL30( );KLK7( );PAPPA( );ADAMTS17( );LOX( )
COL16A1, elastase-2  and  granzyme B ({Homo sapiens}-type) ,539,542,0.8300000000000001,3,ARG,HMCN2( );TNXB( );COL7A1( );HSPG2( );LGI3( );LAMA5( );AEBP1( );LTBP2( );LAMB2( );FBLN2( );FGB( );COL1A2( );COL1A1( );COL2A1( );COL5A2( );COL18A1( );COL3A1( );COL5A1( );COL4A4( );DMBT1( );COL12A1( );COL4A1( );COL4A3( );LAMA2( );COL4A6( );IGFBP7( );COL6A1( );COL4A2( );COL16A1( );COL6A6( );EMILIN1( );COL15A1( );ATP5B( );VCL( );TLN1( );CCT6A( );CSPG4( );CAMP( );TFRC( );HSPH1( );GPC2( );EIF4A1( );HPSE( );DYNC1H1( );SOGA1( );PFKP( );FLNA( );PLEC( );COPA( );CD14( );MMP8( );DMKN( );CPQ( );GANAB( );GPC1( );FGFR3( );TUBA4A( );IDE( );ITIH5( );MMP28( );LCN1( );CREG1( );ILK( );PKM( );NCAM1( );MMP2( );IGHA1( );QPCT( );IGHA2( );C4B( );C4A( );ST14( );TEK( );LOXL1( );IL17C( );KLK10( );PRKDC( );MANF( );SFRP2( );KLK7( );FGF2( );FGFR4( );PAPPA( );ADAMTS17( );TG( );FLT1( );P3H1( );FGFR1( );NELL2( );FGFR2( );WFDC5( )
COL16A1, elastase-2  and  granzyme B ({Homo sapiens}-type) ,537,542,0.765,5,VPARG,COL16A1( )
COL16A1, granzyme B ({Homo sapiens}-type)  and  cathepsin G ,883,886,0.925,3,DLI,FRAS1( );SPON1( );FBLN2( );THBS2( );VCAN( );COL6A3( );COL6A5( );DMBT1( );COL12A1( );LAMA2( );COL16A1( );SERPINF1( );MYH9( );TLN1( );HSP90AA1( );DAG1( );ITIH2( );EIF4A1(Helicase C-terminal);HSPA9( );HPSE( );DYNC1H1( );DSC2( );PLEC( );COPA( );MMP8( );KARS( );IL2( );ACTN2( );IDE( );ERAP1( );F13A1( );C5( );SERPINA3( );HNRNPK( );SLTM( );APOB( );CTSD( );NCAM1( );QPCT( );C4B( );C4A( );TSLP( );KNG1( );TEK( );LCN2( );A2ML1( );CD163( );TF( );RNASE3( );CALU( );TG( );FLT1( );NGFR( );IL4R( );FGFR1( );VEGFD( );HRG( )
COL16A1, granzyme B ({Homo sapiens}-type)  and  elastase-2 ,1522,1525,0.87,3,DIG,ECM1( );HMCN2( );ADIPOQ( );MATN2( );LAMA5( );AEBP1( );LAMA3( );COL1A2( );COL2A1( );VCAN( );COL3A1( );COL6A3( );COL6A5( );COL12A1( );COL4A3( );LAMA2( );COL4A6( );COL4A2( );COL16A1(Collagen-like 7);COL17A1( );HSPA5( );HADHA( );HSPA9( );PGLYRP2( );C3( );F13A1( );ACTN1( );NUCB2( );SLTM( );MMP1( );APOB( );FLNB( );HPR( );CXADR( );IL17F( );HP( );INHBA( )
COL16A1, granzyme B ({Homo sapiens}-type)  and  elastase-2 ,1522,1527,0.835,5,DIGIG,COL16A1(Collagen-like 7)
COL16A1, elastase-2  and  granzyme B ({Homo sapiens}-type) ,499,505,0.73,6,VKGEKG,COL4A3( );COL4A2( );COL16A1( );COL6A6( );COL15A1( )
COL16A1, granzyme B ({Homo sapiens}-type)  and  elastase-2 ,124,131,0.7849999999999999,7,DANGYPQ,COL16A1( )
COL16A1, cathepsin G  and  granzyme B ({Homo sapiens}-type) ,118,124,0.8300000000000001,6,YLFQVT,COL16A1( )
COL16A1, elastase-2  and  granzyme B ({Homo sapiens}-type) ,225,230,0.8200000000000001,5,VHIYC,COL16A1( )
COL16A1, granzyme B ({Homo sapiens}-type)  and  elastase-2 ,230,234,0.755,4,DPEL,LAMC1( );COL16A1(Laminin G-like);EMILIN1(C1q);CDH1( );CSPG4( );CLTC( );GLG1( );C9( );FLT1(Ig-like C2-type 1)
COL16A1, granzyme B ({Homo sapiens}-type)  and  cathepsin G ,230,234,0.745,4,DPEL,LAMC1( );COL16A1(Laminin G-like);EMILIN1(C1q);CDH1( );CSPG4( );CLTC( );GLG1( );C9( );FLT1(Ig-like C2-type 1)
COL16A1, elastase-2  and  elastase-2 ,1307,1310,1.08,3,ISA,TNXB( );TNC( );LAMC2( );HSPG2( );ANOS1( );ABI3BP( );FBN1( );COL5A2( );LTBP2( );FBLN5( );COL3A1( );COL6A3( );KERA(LRR 9);DCN(LRR 9);COL6A5( );LAMB1( );FBLN1( );COL16A1( );COL6A6( );LAMA4( );COLQ( );HSPA5( );HSPD1( );APOA4( );MYH9( );VCL( );TLN1( );CCT6A( );CLCA4( );ITIH2( );GAPDH( );PZP( );HNRNPU( );HSPA9( );CANX( );IL6( );PFKP( );EPHB4( );SERPINA7( );CLTC( );TUBA4A( );ACTN4( );SERPINA4( );ALCAM( );CALM1( );C5( );PROCR( );HNRNPK( );SLTM( );MMP10( );CD109( );APOB( );FLNB( );NCAM1( );C4B( );C4A( );MUC4( );SEMA3A( );PRF1( );RAN( );C1R( );TLL1( );KLKB1( );ADAMTS17( );TG(Type II);FLT1( );CXCL8( );NELL2( );CFHR2( );PLAU( )
COL16A1, elastase-2  and  elastase-2 ,545,548,1.1749999999999998,3,IQG,HMCN2( );TNXB( );ADIPOQ( );TNC( );HSPG2( );LAMA3( );LAMB2( );FBLN2( );COL2A1( );COL5A2( );LTBP2( );COL6A5( );COL4A4( );LAMB1( );FBLN1( );COL4A5( );COL4A6( );COL14A1( );COL6A1( );COL4A2( );COL16A1( );COL17A1( );HIST1H4A( );CSPG4( );TNXA( );TFRC( );CXCL10( );PZP( );HSPA9( );DYNC1H1( );DPP7( );NAMPT( );GPC1( );IDE( );ITIH5( );C5( );MMP14( );ACTN1( );CHGB( );MMP9( );C1QC( );MMP10( );CTSD( );C4B( );C4A( );PRKDC( );NELL2( );CD55( );NTF3( );NRP1( );PRTN3( );SPINK5( );EGFR( );ESR2( );CD59( );HGF( );DEFB1( )
COL16A1, cathepsin G  and  elastase-2 ,1430,1434,1.03,4,MGDM,COL16A1( )
COL16A1, elastase-2  and  elastase-2 ,539,545,0.9949999999999999,6,ARGDPG,COL4A2( );COL16A1( )
COL16A1, elastase-2  and  cathepsin G ,264,269,0.955,5,IEINP,COL16A1( )
COL16A1, cathepsin G  and  elastase-2 ,325,328,0.905,3,DSN,TNC( );VWF( );COMP( );LTBP2( );THBS4( );COL18A1( );VCAN( );PRELP( );NID1( );COL16A1( );SPP1( );LAMA4( );SRGN( );MYH9( );HSP90B1( );NGRN( );TFRC( );LBP( );SERPINA5( );LGALS1( );PZP( );ARF4( );DSC2( );DPP7( );MYL6( );KARS( );CLTC( );MMP10( );APOB( );C4B( );C4A( );AZGP1( );PRKDC( );A2ML1( );TG( );FLT1( );NELL2( );NRP1( );GDNF( );VEGFD( );EGFR( )
COL16A1, elastase-2  and  cathepsin G ,320,325,0.905,5,VHGAR,COL16A1( )
COL16A1, elastase-2  and  elastase-2 ,569,574,0.97,5,VSSTG,COL16A1(Collagen-like 2)
COL16A1, elastase-2  and  elastase-2 ,563,569,0.95,6,VGAQHL,COL16A1( )
COL16A1, elastase-2  and  elastase-2 ,565,569,0.9450000000000001,4,AQHL,COL6A5( );COL16A1( );ATP5B( );TGFB1( )
COL16A1, elastase-2  and  elastase-2 ,562,569,0.9,7,VVGAQHL,COL16A1( )
COL16A1, cathepsin G  and  elastase-2 ,953,960,0.915,7,KSICGDC,COL16A1( )
COL16A1, elastase-2  and  cathepsin G ,1448,1455,0.905,7,IKMFDER,COL16A1( )
COL16A1, elastase-2  and  elastase-2 ,517,521,0.8300000000000001,4,FQNF,COL16A1( );GGH( )
COL16A1, cathepsin G  and  elastase-2 ,517,521,0.8200000000000001,4,FQNF,COL16A1( );GGH( )
COL16A1, elastase-2  and  elastase-2 ,203,206,0.92,3,VGH,HMCN2( );FRAS1( );HSPG2( );LAMA5( );LAMA3( );VCAN( );COL6A3( );NID1( );COL16A1( );LAMA4( );CDH1( );PZP( );ADH7( );VWA8( );A2M( );MMP19( );MMP10( );APOB( );LIF( );IGHA1( );IGHA2( );IL17F( );GRP( );TLR9( )
COL16A1, cathepsin G  and  elastase-2 ,200,203,0.9650000000000001,3,MRP,SPON1( );LTBP2( );VCAN( );COL12A1( );COL16A1( );LAMB3( );CTHRC1( );HSPD1( );RPL9( );IGLL5( );GANAB( );SLTM( );C4B( );C4A( );CD8B( );EGFR( );PLAT(Peptidase S1)
COL16A1, cathepsin G  and  elastase-2 ,200,206,0.9650000000000001,6,MRPVGH,COL16A1( )
COL16A1, elastase-2  and  elastase-2 ,218,225,0.89,7,VSFDLQQ,COL16A1( )
COL16A1, elastase-2  and  elastase-2 ,943,950,0.8300000000000001,7,GSLPIEQ,COL16A1( )
COL16A1, elastase-2  and  cathepsin G ,950,953,0.855,3,HLL,HMCN2( );FRAS1( );TNXB( );NOV( );LAMC2( );VWF( );HSPG2( );LAMA3( );FGB( );MFAP4( );FGA( );LTBP2( );COL6A5( );NID1( );LAMA2( );COL16A1( );UCN( );HSPA5( );S100A13( );HYOU1( );MYH9( );CSPG4( );SHH( );SERPINF2( );RPN1( );DYNC1H1( );SOGA1( );DSC2( );VWA8( );PGLYRP2( );LGALS3( );CPE( );CPQ( );IL2( );GPC1( );CLTC( );PPY( );SERPINA4( );WDR1(WD 1);ACE2( );ORM1( );SERPINA3( );ACE( );LCN1( );CD109( );APOB( );GLG1( );AGTR2( );LEPROT( );IGHA1( );ORM2( );QPCT( );IGHA2( );CRH( );C4B( );C4A( );PENK( );IL17C( );KLK10( );IL20( );PRKDC( );SFRP2( );TG( );TAC1( );IL4R( );KLK6( );PRLR( );ESR2( );VEGFC( );PLAT( );HGF( )
COL16A1, cathepsin G  and  elastase-2 ,704,710,0.87,6,LSGEPG,COL16A1( )
COL16A1, elastase-2  and  elastase-2 ,562,565,0.7849999999999999,3,VVG,HMCN2( );TNXB( );FN1( );COL7A1( );HSPG2( );ELN( );CTGF( );LAMA3( );LAMB2( );ABI3BP( );COL1A2( );COL1A1( );FGA( );THBS3( );COL5A1( );TGFBI( );DCN( );COL6A5( );COL12A1( );LAMB1( );FBLN1( );LAMA2( );COL14A1( );COL6A1( );COL16A1( );COL6A6( );LAMB3( );EMILIN1( );LAMA4( );COL15A1( );VWA5B1( );HSPA5( );SDC4( );TLN1( );LGALS7( );DAG1( );TFRC( );SERPINA5( );PMEL( );EEF2( );HSPH1( );CAPZA1( );GPC2( );PZP( );CAPZA2( );HSPA9( );CANX( );DYNC1H1( );ADH7( );SFN( );VWA8( );DSG1(Desmoglein repeat 2);PFKP( );PGLYRP2( );FAM3C( );AGT( );ALDOA( );EFTUD2( );FLNA( );PLEC( );EPHB4( );KDR( );KARS( );CDSN( );SOD3( );SERPINA7( );CLTC( );FGFR3( );ACTN4( );IDE( );ITIH5( );RAC1( );ALCAM( );WDR1( );ACE2( );F13A1( );PLSCR1( );CTSV( );NECTIN1( );MELTF( );FLNB( );QPCT( );CTSL( );ST14(Peptidase S1);PRF1( );LCN2( );CELA1(Peptidase S1);FGFR4( );PAPPA( );TG( );NGFR( );IL4R( );C4BPA( );PLG(Peptidase S1);FGFR2( );TIMP3( )
COL16A1, elastase-2  and  cathepsin G ,189,194,0.78,5,ASSQP,COL16A1( )
COL16A1, elastase-2  and  cathepsin G ,1307,1312,0.755,5,ISAVG,COL16A1( )
COL16A1, elastase-2  and  cathepsin G ,1103,1109,0.75,6,IKGERG,COL16A1( )
COL16A1, cathepsin G  and  elastase-2 ,641,648,0.78,7,LQDGDVR,COL16A1( )
COL16A1, elastase-2  and  cathepsin G ,648,651,0.745,3,VVA,HMCN2( );FRAS1( );TNXB( );FN1( );TNC( );HSPG2( );LGI3( );AEBP1( );FBLN2( );EFEMP1( );LAMC1( );SPARC(Asp/Glu-rich (acidic; binds calcium));VCAN( );COL6A3( );NID1( );COL16A1( );EMILIN1( );HSPA5( );HSPD1( );RPL22( );VCL( );SDC1( );TLN1( );CD34( );ITIH4( );TNF( );CSPG4( );ENDOD1( );DAG1( );ITIH3( );KITLG( );SHH( );CSTA( );ITIH2( );EEF2( );RPN1( );GBP1( );PZP( );HSPA9( );DSG1( );PGLYRP2( );FAM3C( );SNCA( );IL1B( );EFTUD2( );C3( );FLNA( );EPHB4(Helical);PRDX4( );CPQ( );GLIPR2(SCP);LEP( );IL1A( );A2M( );FGFR3( );PON1( );PTGDS( );IGHM( );WDR1( );C5( );CTSV( );NECTIN1( );HLA-C( );ACE( );ITIH1( );MELTF( );FLNB( );NCAM1( );IGHA2( );C4B( );C4A( );KNG1( );ST14( );AZGP1( );HBEGF( );SPINT1( );TLL1( );CELA1( );A2ML1( );HBB( );AMBP( );TF( );RNASE3( );ADAMTS17( );ANG( );PSAPL1( );FLT1( );P3H1( );LTF( );PLG( );NTF3( );NRP1( );GDNF( );IL25( );CTSB( );RNASE7( );EGFR( );PSAP( );TGFA( );CFH( )
COL16A1, elastase-2  and  elastase-2 ,1550,1553,0.725,3,ATG,ECM1( );HMCN2( );FRAS1(FU 5);FN1( );TNC( );COL7A1( );FBN2( );HSPG2( );LTBP4( );LAMA5( );AEBP1( );LAMA3( );LAMB2( );COL1A2( );COL1A1( );COL2A1( );FBN1( );THBS4( );COL5A2( );THBS1( );COL18A1( );FMOD(LRR 2);COL5A1( );PRELP( );COL4A4( );COL12A1( );LAMB1( );FBLN1( );NID1( );COL4A5( );LAMA2( );COL4A6( );COL4A2( );COL16A1( );LAMB3( );COL15A1( );HSPD1( );CDH1( );ATP5B( );HIST2H3A;( );SDC1( );TLN1( );ITIH4( );SERPINA5( );PMEL( );SHH( );RPL12( );ADH7( );SFN( );VWA8( );SNCA( );EFTUD2( );SERPINI1( );LGALS3(7; approximate);HIST1H3A( );PLEC( );EPHB4( );IGKV3-15( );PI16( );CD14( );RNPEP( );FKBP1A( );MIF( );TUBB( );TUBB4B( );LGALS3BP( );IDE( );ALCAM( );MMP28( );IGHM( );WDR1( );C5( );IGHV3-13( );CTSV( );ITIH1( );CD109( );APOB( );FLNB(Filamin 5);NCAM1( );MUC4( );KNG1( );CTSL( );TEK( );LOXL1( );IGKV3-20( );PRF1( );CD40( );IGHV1-2( );C1R( );PRKDC( );TLL1( );KLK11( );CD163( );HPX( );NGFR( );NELL2( );HGFAC( );PRSS1( );EGFR( );HP( );PLAUR( )
COL16A1, elastase-2  and  cathepsin G ,1562,1569,0.845,7,IPGPPGP,COL4A5( );COL16A1( );COL17A1( )
COL16A1, cathepsin G  and  cathepsin G ,194,200,0.88,6,LGPRRP,COL16A1( )
COL16A1, cathepsin G  and  cathepsin G ,638,641,0.9099999999999999,3,LSN,HMCN2( );FRAS1( );LAMA5( );AEBP1( );LTBP2( );THBS4( );THBS1( );THBS2( );VCAN( );TGFBI(FAS1 1);LAMB1( );NID1( );COL16A1( );LRG1( );LAMA4( );COL15A1( );COL17A1( );APOA4( );ATP5O( );MYH9( );SERPINB5( );CSPG4( );RPL9( );PDCD6IP( );KITLG( );ITIH2(VWFA);P4HB( );ARF4( );DYNC1H1( );SOGA1( );AGT( );SBSN( );C3( );COPA( );CD8A( );IL1A( );SERPINA7( );TUBA4A( );ACTN4( );SERPING1( );ACTN1( );CLU( );CHGB( );GHR( );ACE( );ITIH1( );APOB( );ILK( );NCAM1( );LIF( );TNFSF10( );MUC4( );PROS1( );GBA( );TGFB1( );PRKDC( );A2ML1( );CD8B( );KLKB1( );TG( );FLT1( );EGFR( );LOX( );TIMP3( );LYNX1( )
COL16A1, cathepsin G  and  cathepsin G ,1430,1436,0.78,6,MGDMVN,COL16A1( )
COL16A1, cathepsin G  and  cathepsin G ,263,269,0.795,6,LIEINP,COL16A1( )
