GN,Enzyme,start_cleavage_site,end_cleavage_site,average_cleavage_score,length_of_peptide,peptide,peptide_proteins_domains
COL6A5, matrix metallopeptidase-9  and  cathepsin K ,320,327,1.165,7,QMRRDGF,COL6A5( )
COL6A5, cathepsin K  and  matrix metallopeptidase-9 ,2286,2289,1.0550000000000002,3,QEY,TNXB( );TNC( );LTBP4( );COL6A5( );C1QBP( );ANXA1( );GPC2( );DSC2(Cadherin 5);VWA8( );DSG1( );PLEC( );CPQ( );CASP1( );CLU( );APOB( );ACTG1( );C4B( );C4A( );MUC4( );CTSL( );POTEKP( );PRKDC( );TLL1( );P3H1( );FGFR1(Protein kinase);NELL2( );CXCL12( );VEGFA( )
COL6A5, matrix metallopeptidase-3  and  cathepsin K ,2282,2286,1.155,4,DVSL,LAMA3( );COL6A3( );COL6A5( );COL12A1( );COL6A6( );HSPA5( );C3( );C9( );A2ML1( )
COL6A5, cathepsin K  and  granzyme B ({Homo sapiens}-type) ,2286,2291,1.08,5,QEYYM,COL6A5( )
COL6A5, elastase-2  and  cathepsin K ,2283,2286,1.05,3,VSL,HMCN2( );FRAS1( );ADIPOQ( );FN1( );TNC( );VWF( );HSPG2( );ANOS1( );SRPX( );LTBP4( );LAMA5( );CTGF( );LAMA3( );FBN1( );LUM(LRR 7);THBS2( );VCAN( );COL6A3( );TGFBI( );DCN( );COL6A5( );COL12A1( );LAMB1( );COL4A5( );COL14A1( );COL6A1( );BGN( );COL6A6( );LAMB3( );PCOLCE( );COL15A1( );COL17A1( );VWA5B1( );HSPA5( );CKAP4( );CDH1( );AIMP1( );VIP( );ITIH4( );CCT6A( );TNFSF12(Extracellular);HSP90AA1( );ENDOD1( );PMEL( );ITIH2( );SERPINF2( );PZP( );EIF4A1( );PFKP( );AGT( );C3( );FLNA( );PLEC( );KDR( );IL1A( );A2M( );FGFR3( );SERPINA1( );ITIH5( );IGKV4-1( );MMP28( );IGHM( );WDR1( );CPA4( );C5( );IL1RN( );CTSV( );GHR( );HLA-C( );AHSG( );ACE( );F2R( );LCN1( );ITIH1( );GSN(Gelsolin-like 3);IGHG4( );CD109( );APOB( );GLG1( );IGHG1( );HSPB1( );NCAM1(Extracellular);LEPROT( );C9( );IL19( );C4B( );C4A( );MUC4( );ST14( );TEK( );PROS1( );GBA( );IGHG2( );AFM( );KLK10( );PRKDC( );IGHG3( );A2ML1( );CD8B( );FGFR4( );C8B( );PGF( );KLKB1( );ADAMTS17( );TPSD1( );TG( );FLT1( );NGFR( );TPSB2( );IL17A( );CFI(SRCR);PLG( );TIMP2( );WFDC12( );IL25( );RNASE7( );PRSS1( );EGFR( );CXCL12( );TPSAB1( );HGF( );DEFA1( );DEFA3( )
COL6A5, cathepsin K  and  cathepsin G ,2286,2289,1.04,3,QEY,TNXB( );TNC( );LTBP4( );COL6A5( );C1QBP( );ANXA1( );GPC2( );DSC2(Cadherin 5);VWA8( );DSG1( );PLEC( );CPQ( );CASP1( );CLU( );APOB( );ACTG1( );C4B( );C4A( );MUC4( );CTSL( );POTEKP( );PRKDC( );TLL1( );P3H1( );FGFR1(Protein kinase);NELL2( );CXCL12( );VEGFA( )
COL6A5, cathepsin K  and  matrix metallopeptidase-9 ,1457,1461,1.07,4,SGPK,COL7A1( );HSPG2( );COL5A2( );COL3A1( );COL5A1( );COL6A5( );COL4A5( );COL4A6( );COL16A1( );COL6A6( );COL6A2( );HSPA9( )
COL6A5, matrix metallopeptidase-9  and  cathepsin K ,2068,2072,0.98,4,NLFP,COL6A5( );CP( )
COL6A5, cathepsin K  and  cathepsin G ,2072,2075,1.165,3,ETP,TNXB( );FN1( );TNC(Fibronectin type-III 6);COL7A1(Fibronectin type-III 4);SRPX( );AEBP1( );LAMA3( );LAMB2( );ABI3BP( );FBN1( );LAMC1( );COL18A1( );VCAN( );MFGE8( );COL6A5( );COL12A1( );LAMB1( );COL6A1( );TNF( );DYNC1H1( );DSC2( );IGLL5( );POMC( );EFTUD2( );SERPINA12( );PLEC( );CD14( );RNPEP( );A1BG( );NUCB1( );KARS( );GANAB( );CTSG( );SERPINA7( );SERPINA4( );ACE( );SLTM( );GSN( );FLNB( );IGKV3-20( );CASP4( );IL4R( );C4BPA( );PLG( );CFHR3( );HGFAC( );CFH( )
COL6A5, cathepsin K  and  cathepsin K ,2511,2516,0.985,5,TSPNP,COL6A5( )
COL6A5, elastase-2  and  cathepsin K ,2508,2511,1.075,3,VNM,FRAS1( );FBN2( );MATN2( );VCAN( );COL6A5( );LAMA4( );HSPD1( );HSPH1( );HSPA9( );SERPINI1( );C3( );SERPINA6( );TUBB( );TUBB4B( );ACTN1( );SLTM( )
COL6A5, matrix metallopeptidase-2  and  cathepsin K ,2539,2542,1.06,3,DLF,ASPN( );LAMA5( );MFAP4( );THBS2( );TGFBI( );COL6A5( );COL12A1( );COL6A1(VWFA 1);SRGN( );HSPA5( );HYOU1( );HSPA8( );CCT6A( );SERPINB5( );PDCD6IP( );HSP90AA1( );HSD17B11( );SERPINF2( );PZP( );IL18( );HSPA9( );DYNC1H1( );DPP7( );SERPIND1( );IL1B( );PLEC( );COPA( );SERPINA6( );SERPINB2( );SERPINA7( );SERPINA4( );MMP28( );ACE2( );F13A1( );SLTM( );MELTF( );SERPINC1( );KNG1( );ACPP( );AFM( );PRKDC( );A2ML1( );PRL( );C8B( );CALU( );TG( );FLT1( );P3H1( );HRG( )
COL6A5, matrix metallopeptidase-7  and  cathepsin K ,2539,2542,0.955,3,DLF,ASPN( );LAMA5( );MFAP4( );THBS2( );TGFBI( );COL6A5( );COL12A1( );COL6A1(VWFA 1);SRGN( );HSPA5( );HYOU1( );HSPA8( );CCT6A( );SERPINB5( );PDCD6IP( );HSP90AA1( );HSD17B11( );SERPINF2( );PZP( );IL18( );HSPA9( );DYNC1H1( );DPP7( );SERPIND1( );IL1B( );PLEC( );COPA( );SERPINA6( );SERPINB2( );SERPINA7( );SERPINA4( );MMP28( );ACE2( );F13A1( );SLTM( );MELTF( );SERPINC1( );KNG1( );ACPP( );AFM( );PRKDC( );A2ML1( );PRL( );C8B( );CALU( );TG( );FLT1( );P3H1( );HRG( )
COL6A5, cathepsin K  and  granzyme B ({Homo sapiens}-type) ,2542,2545,1.01,3,DEF,FRAS1( );LAMC2( );HSPG2( );FBN1( );LAMC1( );THBS1( );THBS2( );VCAN( );COL6A3( );COL6A5( );KRTDAP( );APOA4( );NENF( );GPC2( );DYNC1H1( );EFTUD2( );CALR( );A2M( );MMP19( );C5( );LOXL1( );SEMA3A( );C1R( );PRKDC( );C7( );HPX( );TF( );CALU( );IL4R( );SPINK5( );ALB( );LOX( )
COL6A5, elastase-2  and  cathepsin K ,1344,1349,0.975,5,AHHEF,COL6A5( )
COL6A5, cathepsin K  and  cathepsin K ,2214,2218,1.01,4,NSGR,LAMC2( );COL6A5( );ANGPT1( );PLAT( );PLAUR( )
COL6A5, matrix metallopeptidase-3  and  cathepsin K ,2211,2214,0.945,3,QEL,FRAS1( );TNXB( );NOV( );TNC( );COL7A1( );FBN2( );VWF( );HSPG2( );LGI3( );LAMA5( );LAMA3( );LAMB2( );FBN1( );LAMC1( );THBS2( );THBS3( );COL3A1( );COL6A3( );DCN( );COL6A5( );COL12A1( );LAMB1( );NID1( );LAMA2( );COL6A1( );SPP1( );EMILIN1( );LRG1( );AIMP1( );MYH9( );VCL( );TLN1( );CHGA( );APOE( );SERPINA5( );EEF2( );SERPINF2( );NAXE( );RPN1( );GBP1( );P4HB( );DYNC1H1( );SOGA1( );SERPIND1( );C3( );PLEC( );COPA( );ANXA2P2( );TUBB( );NUCB1( );ANXA2( );TUBB4B( );A2M( );ACTN2( );ACTN4( );IDE( );SERPINA1( );MMP28( );ACTN1( );NUCB2( );ACE( );ITIH1( );GSN( );APOB( );GLG1( );MMP2( );IGHA1( );IGHA2( );GNLY(Saposin B-type);CD209( );MUC4( );GBA( );ACPP( );ANGPT1( );PRF1( );APOD( );PRKDC( );FGFR4( );C8B( );PSAPL1( );TG( );SST( );P3H1( );LTF( );PRTN3( );F2( );SPINK5( );HGFAC( );EGFR(Approximate);FOLR2( )
COL6A5, elastase-2  and  cathepsin K ,2209,2214,0.955,5,IGQEL,COL6A5( )
COL6A5, cathepsin G  and  cathepsin K ,2208,2214,0.955,6,FIGQEL,COL6A5( )
COL6A5, cathepsin K  and  matrix metallopeptidase-2 ,246,250,1.01,4,GTGG,HMCN2( );FBN2( );ELN( );FGA( );LTBP2( );COL3A1( );COL6A5( );PCOLCE( );VWA8( );FLNA( );EPHB4( );SERPINB2( );CDSN( );FLNB( );PPIA( );FOLR2( )
COL6A5, cathepsin K  and  matrix metallopeptidase-9 ,246,253,1.03,7,GTGGNLR,COL6A5( )
COL6A5, matrix metallopeptidase-7  and  cathepsin K ,239,246,1.0699999999999998,7,FLVDESL,COL6A5( )
COL6A5, granzyme B ({Homo sapiens}-type)  and  cathepsin K ,242,246,1.035,4,DESL,ANOS1( );COL6A5( );TLN1( );PDCD6IP( );CLU( );HLA-C( );DEFA1( );DEFA3( )
COL6A5, cathepsin G  and  cathepsin K ,239,246,0.9299999999999999,7,FLVDESL,COL6A5( )
COL6A5, cathepsin K  and  matrix metallopeptidase-9 ,772,779,0.91,7,EEISGDS,COL6A5( )
COL6A5, cathepsin K  and  granzyme B ({Homo sapiens}-type) ,772,777,1.0750000000000002,5,EEISG,COL6A5( );COL6A6( );HYOU1( )
COL6A5, cathepsin K  and  cathepsin K ,1395,1400,0.9750000000000001,5,GIPGP,COL7A1( );COL1A2( );COL2A1( );COL5A2( );COL18A1( );COL5A1( );COL6A5(Collagen-like 1);COL4A4( );COL4A1( );COL4A3( );COL4A5( );COL4A6( );COL16A1( );COL6A6( );COL17A1( )
COL6A5, cathepsin K  and  elastase-2 ,1395,1402,0.9500000000000001,7,GIPGPHG,COL6A5(Collagen-like 1)
COL6A5, cathepsin K  and  cathepsin K ,454,459,1.045,5,QEKQF,COL6A5( )
COL6A5, cathepsin K  and  cathepsin K ,447,454,0.9500000000000001,7,IDGSSSI,COL6A5( )
COL6A5, granzyme B ({Homo sapiens}-type)  and  cathepsin K ,448,454,0.9750000000000001,6,DGSSSI,COL7A1( );COL6A5( )
COL6A5, matrix metallopeptidase-9  and  cathepsin K ,2113,2117,0.9850000000000001,4,VISL,LGI3( );COL6A5( );FBLN1( );LAMA4( );SOD1( );HPR( );C7( )
COL6A5, cathepsin K  and  granzyme B ({Homo sapiens}-type) ,2117,2122,0.89,5,GSTRK,COL6A5( )
COL6A5, elastase-2  and  cathepsin K ,2114,2117,0.96,3,ISL,HMCN2( );FRAS1( );TNC( );FBN2( );HSPG2( );ASPN( );LGI3( );LAMA3( );LAMB2( );ABI3BP( );FBLN2( );COL18A1( );COL6A3( );COL6A5( );DMBT1( );COL12A1( );FBLN1( );COL4A3( );LAMA2( );COL4A6( );COL4A2( );COL16A1( );BGN( );LAMA4( );RPL23( );HSP90B1( );CLCA4( );ANXA1( );ITIH2( );EEF2( );HSPH1( );PRDX1( );NAXE( );PZP( );DYNC1H1( );SFN( );VWA8( );DSG1( );SERPIND1( );C3( );PLEC( );S100A12( );MMP8( );KARS( );GPC1( );A2M( );CLTC( );ACTN4( );IGKV4-1( );ACE2( );C5( );ACTN1( );TNFSF15( );C2( );CRTAP( );CD109( );FLNB( );SOD1( );PKM( );C9( );CRH( );C4B( );C4A( );MUC4( );KNG1( );CTSL( );HPR( );AFM( );FGF7( );PRKDC( );C7( );CELA1( );CD8B( );PAPPA( );RNASE3( );KLKB1( );TG( );P3H1( );ADM2( );LYZ( );TLR9(LRR 3);IL25( );CCL26( );PRSS1( );EGFR( );ALB( );SPINK6( );KLK8( )
COL6A5, cathepsin G  and  cathepsin K ,2112,2117,1.0,5,FVISL,COL6A5( )
COL6A5, cathepsin K  and  matrix metallopeptidase-2 ,994,1000,0.9950000000000001,6,EAPEVC,COL6A5( )
COL6A5, cathepsin K  and  matrix metallopeptidase-2 ,994,998,0.895,4,EAPE,TNXB( );COL6A5( );ATP5B( );TNXA( );KDR( );CRH( );PRL( )
COL6A5, cathepsin K  and  elastase-2 ,994,999,0.905,5,EAPEV,COL6A5( )
COL6A5, cathepsin K  and  elastase-2 ,994,998,0.89,4,EAPE,TNXB( );COL6A5( );ATP5B( );TNXA( );KDR( );CRH( );PRL( )
COL6A5, cathepsin K  and  cathepsin G ,994,1001,0.98,7,EAPEVCH,COL6A5( )
COL6A5, cathepsin G  and  cathepsin K ,991,994,0.89,3,MCT,FBN2( );FBN1( );COL6A5( );TLN1( );COPA(WD 2);ACE2( );MUC4( );ALB( )
COL6A5, matrix metallopeptidase-7  and  cathepsin K ,1336,1341,0.9,5,LVVSL,COL6A5( )
COL6A5, cathepsin K  and  elastase-2 ,1341,1344,0.925,3,NTT,TNC( );COL7A1( );FBN2( );LGI3( );LAMA5( );LAMA3( );LTBP2( );ABI3BP( );VCAN( );COL6A5( );EMILIN1( );LAMA4( );HYOU1( );HSPA8( );CLCA4( );CCT2( );PMEL( );PZP( );HSPA9( );EFTUD2( );FLNA( );GPI( );KDR(Ig-like C2-type 1);A2M( );FGFR3( );TUBA4A( );SERPINA4( );MMP19( );SERPING1( );ORM1( );SERPINA3( );PROCR( );ACE( );FLNB( );CP( );C4B( );C4A( );TEK( );IL4( );PRKDC( );IGHG3( );FGFR4( );TG( );IL4R( );FGFR1( );KLK6( );FGFR2( );CTSB( );HRG( );TSHB( );PLAUR( )
COL6A5, cathepsin K  and  matrix metallopeptidase-9 ,2125,2131,0.89,6,EELASY,COL6A5( )
COL6A5, granzyme B ({Homo sapiens}-type)  and  cathepsin K ,2122,2125,0.885,3,DDM,FN1( );AEBP1( );THBS4( );COL18A1( );VCAN( );COL6A5( );SPP1( );COL6A2( );COL15A1( );LBP( );EIF4A1( );SOGA1( );NUCB1( );NUCB2( );HNRNPK( );ACTG1( );POTEKP( );PAPPA( );TPSD1( );TPSB2( );C1S( );TPSAB1( )
COL6A5, cathepsin K  and  elastase-2 ,2125,2128,0.9650000000000001,3,EEL,HMCN2( );FRAS1( );TNXB( );TNC( );COL7A1( );HSPG2( );MATN2( );LTBP4( );LAMA5( );AEBP1( );LAMA3( );LTBP2( );LAMB2( );ABI3BP( );MFAP2( );FBN1(TB 5);LAMC1( );THBS4( );COL18A1( );THBS2( );COL5A1( );COL6A3( );VTN( );COL6A5( );COL12A1( );LAMB1( );FBLN1(Anaphylatoxin-like 1);OGN( );LAMA2( );COL4A6( );LAMB3( );SPP1( );EMILIN1( );LAMA4( );COLQ( );CTHRC1( );COL15A1( );COL17A1( );GPX3( );HSPA5( );APOA4( );HYOU1( );CKAP4( );AIMP1( );HSPA8( );MYH9( );NENF( );TLN1( );HSP90B1( );VIP( );ITIH4(VIT);NGRN( );APOE( );CSPG4( );TNFSF12( );PDCD6IP( );HSP90AA1( );ENDOD1( );ANXA1( );ITIH3(VIT);EEF2( );HSPH1( );GBP1( );EIF4A1( );HNRNPU( );P4HB( );DYNC1H1( );SOGA1( );SFN( );MAP2K2( );VWA8( );PFKP( );IGLL5( );EFTUD2(tr-type G);SERPINI1( );ATP5A1( );PLEC( );EPHB4( );CPE( );CASP14( );PI16( );PYCARD( );RNPEP( );A1BG( );KDR( );NUCB1( );KARS( );GANAB( );GGH( );LGALS3BP( );IL2( );IGLC7( );LRPAP1( );A2M( );ACTN2( );CLTC( );FGFR3( );ACTN4( );ITIH5(VIT);IGLC1( );IGLC6( );CPA4( );C5( );MMP14( );NUCB2( );CHGB( );SERPINA3( );CLEC3B( );ANGPT2( );GSN( );APOB( );GLG1( );FLNB( );PKM( );IGHA1( );IGHA2( );C4B( );C4A( );KNG1( );PROS1( );LOXL1( );SEMA3A( );ANGPT1( );IL17C( );RBP4( );C1R( );AFM( );PRKDC( );C7(TSP type-1 2);A2ML1( );FGFR4( );AMBP( );PAPPA( );KLKB1( );PSAPL1(Saposin B-type 2);IGLC3( );IGLC3( );TG( );FLT1( );TAC1( );TLR9( );FGFR1( );FGFR2( );PRLR( );PLAU( );GDNF( );IL25( );CFB( );VEGFD( );SPINK5( );PYY( );BDNF( );PLAUR( )
COL6A5, cathepsin K  and  cathepsin G ,2125,2130,0.9650000000000001,5,EELAS,COL6A5( )
COL6A5, cathepsin K  and  cathepsin G ,2125,2132,0.885,7,EELASYP,COL6A5( )
COL6A5, cathepsin K  and  cathepsin K ,2050,2053,1.05,3,QQL,FRAS1( );LAMC2( );LAMA5( );LAMA3( );ABI3BP( );LTBP2( );COL18A1( );FBLN5( );COL5A1( );COL6A3( );COL6A5( );LAMB1( );NID1( );COL6A6( );LAMB3( );EMILIN1( );COL15A1( );HSPA5( );S100A13( );APOA4( );MYH9( );TLN1( );ITIH4( );CSPG4( );HSP90AA1( );DAG1( );SERPINA5( );PZP( );DYNC1H1( );SOGA1( );AGT( );IGLV1-47( );C3( );ATP5A1( );FLNA( );PLEC( );COPA( );MIF( );A2M( );ACTN4( );ITIH5( );MMP28( );WDR1( );MMP19( );MMP14( );PROCR( );ACE( );SLTM( );ITIH1( );APOB( );GLG1( );PKM( );SERPINC1( );CRH( );CD209( );TEK( );SEMA3A( );ANGPT1( );PRKDC( );A2ML1( );CD163( );TG( );GRP( );IL4R( );TLR9( );KLK8( );EDN1( )
COL6A5, cathepsin K  and  cathepsin K ,2050,2054,0.9,4,QQLN,COL6A5( );APOA4( );PZP( );AGT( );PROCR( );SLTM( )
COL6A5, cathepsin K  and  cathepsin K ,599,603,0.9450000000000001,4,GQNF,VWF( );COL6A5( )
COL6A5, cathepsin K  and  cathepsin K ,603,606,0.92,3,DAL,HMCN2( );FRAS1( );TNC( );COL7A1( );VWF( );HSPG2( );LAMB2( );ABI3BP( );FBN1( );MFAP4( );FGA( );COL6A5( );COL12A1( );LAMB1( );FBLN1( );NID1(Nidogen G2 beta-barrel);COL14A1( );IGFBP7( );COL6A1( );COL6A6( );PCOLCE( );LAMA4( );HSPD1( );TLN1( );HSP90B1( );ITIH4( );CCT6A( );CLCA4( );SERPINB5( );HSP90AA1( );ITIH3( );CCT2( );EEF2( );RPN1(Cytoplasmic);DYNC1H1( );ADH7( );VWA8( );SERPIND1( );PGLYRP2( );LGALS3( );ATP5A1( );PLEC( );COPA( );CASP14( );PYCARD( );ANXA2P2( );DMKN( );ANXA2( );GANAB( );LGALS3BP( );IL1A( );APOA1( );CLTC( );ACTN4( );ERAP1( );ITIH5( );ALCAM( );MMP28( );SERPING1( );CLU( );CLEC3B( );ACE( );APOB( );AGTR2(Extracellular);C4B( );C4A( );ST14( );IFI30( );PRKDC( );A2ML1( );CASP4( );TG( );SST( );NGFR( );TLR9(TIR);FGFR1( );WNT5A( );PRLR( );PLAU( );IGF1( );ESR2( )
COL6A5, cathepsin G  and  cathepsin K ,598,603,0.91,5,FGQNF,COL6A5( )
COL6A5, granzyme B ({Homo sapiens}-type)  and  cathepsin K ,1310,1313,1.04,3,DGL,HMCN2( );FRAS1( );TNC( );COL7A1( );LAMC2( );FBN2( );VWF( );HSPG2( );LAMA5( );LAMA3( );LAMB2( );FBLN2( );COL1A2( );COL1A1( );COL2A1( );COL5A2( );THBS2( );THBS3( );FMOD( );COL3A1( );COL5A1( );COL6A3( );COL6A5( );COL4A4( );COL4A1( );COL4A3( );NID1( );COL4A5( );LAMA2( );COL4A6( );COL4A2( );COL16A1( );BGN( );COL6A6( );LAMA4( );COLQ( );COL15A1( );CKAP4( );HSP90B1( );CCT6A( );CSPG4( );CAMP( );ITIH3( );EEF2( );NAXE( );GPC2( );DYNC1H1( );SOGA1( );DSC2( );VWA8( );ALDOA( );EFTUD2( );NAMPT( );FLNA( );PLEC( );KDR( );NUCB1( );CPQ( );GANAB( );LRPAP1( );GPC1( );ACTN2( );ACTN4( );ITIH5( );MMP28( );MMP11( );ACTN1( );NUCB2( );MMP9( );PROCR( );C1QC( );ITIH1( );GSN( );APOB( );FLNB( );PKM( );MMP2( );LEPROT( );C4B( );C4A( );KNG1( );TEK( );LOXL1( );AFM( );ADAMTSL5( );TLL1( );A2ML1( );HBB( );PAPPA( );KLKB1( );CALU( );TG(Type II);FLT1( );TIMP1( );NELL2( );FGFR2( );SFRP5( );CFB( );F2( );HGF( )
COL6A5, cathepsin K  and  elastase-2 ,1313,1318,1.01,5,QSESN,LTBP2( );COL6A5( )
COL6A5, cathepsin G  and  cathepsin K ,1308,1313,1.07,5,FSDGL,COL6A5( );COL6A6( );C4B( );C4A( );HBB( )
COL6A5, cathepsin K  and  cathepsin G ,1313,1320,0.9,7,QSESNIM,COL6A5( )
COL6A5, cathepsin K  and  cathepsin K ,2558,2561,0.9,3,HSS,HMCN2( );FRAS1( );HSPG2( );LTBP4( );LAMA5( );LAMA3( );LAMC1( );COL18A1( );VCAN( );COL6A3( );COL6A5( );LAMA2( );COL14A1( );COL16A1( );LAMA4( );COL15A1( );COL17A1( );VWA5B1( );SERPINF1( );HYOU1( );ATP5B( );PMEL( );GAPDH( );SERPINB2( );MMP8( );CDSN( );SERPINA7( );CLTC( );ERAP1( );ITIH5( );MMP28(Hemopexin 1);MMP14( );CTSV( );MMP9( );ITIH1( );CD109( );KNG1( );ST14( );AZGP1( );TEK( );PRKDC( );CXADR( );A2ML1( );IL10( );ADAMTS17( );PSAPL1( );FLT1( );APOH( )
COL6A5, cathepsin K  and  matrix metallopeptidase-2 ,2561,2567,0.995,6,GSETAT,COL6A5( )
COL6A5, cathepsin K  and  matrix metallopeptidase-9 ,2561,2567,1.01,6,GSETAT,COL6A5( )
COL6A5, matrix metallopeptidase-3  and  cathepsin K ,2556,2561,0.91,5,NNHSS,COL6A5( )
COL6A5, cathepsin K  and  matrix metallopeptidase-7 ,2561,2567,0.915,6,GSETAT,COL6A5( )
COL6A5, matrix metallopeptidase-2  and  cathepsin K ,1093,1098,1.0150000000000001,5,NMFNL,COL6A5( )
COL6A5, matrix metallopeptidase-9  and  cathepsin K ,1093,1098,1.0750000000000002,5,NMFNL,COL6A5( )
COL6A5, cathepsin G  and  cathepsin K ,1094,1098,0.92,4,MFNL,COL6A3( );COL6A5( )
COL6A5, cathepsin K  and  cathepsin K ,1584,1587,0.9750000000000001,3,QGP,HMCN2( );FRAS1( );TNXB( );ADIPOQ( );COL7A1( );FBN2( );HSPG2( );LTBP4(Pro-rich);LAMA5( );LAMA3( );LAMB2( );COL1A2( );COL1A1( );COL2A1( );COL5A2( );COL18A1( );POSTN(EMI);COL3A1( );COL5A1( );COL6A3(Collagen-like 3);COL6A5( );COL4A4( );COL12A1( );COL4A1( );COL4A3( );NID1( );COL4A5( );COL4A6( );COL14A1( );IGFBP7(Ig-like C2-type);COL6A1( );COL4A2( );COL16A1( );COL6A6( );LAMB3( );EMILIN1( );PCOLCE( );COLQ( );CTHRC1( );COL15A1( );COL17A1( );VWA5B1( );ITIH4( );CSPG4( );PDCD6IP( );TNXA( );SERPINF2( );GPC2( );FLNA( );PLEC( );DMKN( );GPC1( );CDSN( );ACTN4( );MMP28( );IL1RN( );PLSCR1( );CHGB( );MMP9( );CD109( );GLG1( );FLNB( );OLFML1( );NCAM1( );IGHA1( );IGHA2( );SPINT1( );ADAMTSL5(TSP type-1);CXADR( );SFRP2( );HPX(Hemopexin 5);ADAMTS17( );P3H1( );EFNA3( );TLR9( );PLG( );VEGFD( );SPINK5( );HRG( );VEGFC( )
COL6A5, cathepsin K  and  cathepsin K ,1579,1584,0.9,5,GAEGL,LAMA5( );COL6A5(Collagen-like 4);COL4A1( )
COL6A5, cathepsin K  and  matrix metallopeptidase-2 ,1584,1588,0.95,4,QGPQ,COL2A1( );COL3A1( );COL6A5( );COL4A1( );COL4A5( );COL16A1( );COL17A1( );CSPG4( )
COL6A5, cathepsin K  and  matrix metallopeptidase-9 ,1584,1588,0.9,4,QGPQ,COL2A1( );COL3A1( );COL6A5( );COL4A1( );COL4A5( );COL16A1( );COL17A1( );CSPG4( )
COL6A5, cathepsin K  and  matrix metallopeptidase-3 ,1584,1588,0.865,4,QGPQ,COL2A1( );COL3A1( );COL6A5( );COL4A1( );COL4A5( );COL16A1( );COL17A1( );CSPG4( )
COL6A5, elastase-2  and  cathepsin K ,1577,1584,0.88,7,TLGAEGL,COL6A5(Collagen-like 4)
COL6A5, cathepsin K  and  cathepsin K ,1272,1277,0.895,5,LQVNV,COL6A5( )
COL6A5, granzyme B ({Homo sapiens}-type)  and  cathepsin K ,1269,1272,0.9550000000000001,3,DSL,FRAS1( );TNXB( );NOV( );LAMC2( );FBN2( );MATN2( );LAMA3( );LAMB2( );ABI3BP( );MFAP4( );THBS1( );VCAN( );TGFBI( );COL6A5( );LAMB1( );COL4A5( );LAMA2( );COL6A6( );EMILIN1( );COL6A2( );LAMA4( );COLQ( );COL15A1(2);FGG( );VWA5B1( );SPX( );HSPD1( );S100A13( );APOA4( );C1QBP( );CKAP4( );CDH1( );AIMP1( );HADHA( );HSPA8( );VCL( );TLN1( );CHGA( );CSPG4( );ITIH3( );KITLG( );EEF2( );CAPZA1( );IGLV3-19( );RPN1( );CAPZA2( );SOGA1( );VWA8( );SERPIND1( );PGLYRP2( );SERPINI1( );IGLV1-47( );C3( );ATP5A1( );FLNA( );PLEC( );RNPEP( );ANXA2P2( );ANXA2( );GANAB( );LEP( );A2M( );CLTC( );IDE( );ERAP1( );IGKV4-1( );F13A1( );SERPING1( );C5( );CFD( );NUCB2( );CLU( );SERPINA3( );IL1RL1( );APOB( );CP( );LEPROT( );QPCT( );C4B( );C4A( );MUC4( );TEK( );PENK( );APOD( );PRKDC( );PDGFA( );SFRP2( );FGFR4( );GLA( );ADAMTS17(TSP type-1 2);IL4R( );NTF3( );SFRP5( );C1S( );EGFR( )
COL6A5, cathepsin K  and  cathepsin K ,2463,2467,0.9,4,DHHL,COL6A5( );COL6A6( );C4B( );C4A( )
COL6A5, cathepsin K  and  cathepsin K ,2467,2470,0.865,3,VQL,HMCN2( );FRAS1( );FN1( );TNC( );VWF( );HSPG2( );ASPN( );ANOS1( );LAMA5( );LAMA3( );ABI3BP( );COL18A1( );COL6A5( );DMBT1( );LAMA2( );COL6A6( );LAMB3( );LAMA4( );UCN( );TLN1( );ITIH4( );CSPG4(CSPG 14);LGALS7( );SDCBP( );PDCD6IP( );KITLG( );LBP( );CAPZA1( );GBP1( );PZP( );CAPZA2( );HPSE( );DYNC1H1( );SOGA1( );VWA8( );C3( );PLEC(Spectrin 3);CDSN( );IGHV3-7( );CTSG( );A2M( );IDE( );MMP28( );IGHV3-13( );CFD( );MMP1( );GSN( );MELTF( );CD109( );IGHV1-46( );C4B( );C4A( );ST14( );TEK( );PROS1( );KLK13( );IGHV1-2( );CELA1( );PAPPA( );TPSD1( );PSAPL1( );TPSB2( );IGHV3-23( );FGFR1( );EFNA1( );NRP1( );PRTN3( );F2( );VEGFD( );HGFAC( );EGFR( );SLURP1( );TPSAB1( )
COL6A5, cathepsin K  and  cathepsin K ,109,115,0.96,6,QIGKAL,COL6A5( );COL6A6( )
COL6A5, cathepsin K  and  cathepsin G ,115,122,0.875,7,QEAHRTY,COL6A5( );COL6A6( )
COL6A5, cathepsin K  and  matrix metallopeptidase-9 ,1045,1052,0.865,7,GMAQFGS,COL6A5( )
COL6A5, cathepsin K  and  cathepsin G ,1045,1049,0.86,4,GMAQ,COL6A5( )
COL6A5, cathepsin K  and  cathepsin K ,2011,2016,0.9,5,LSYSP,COL6A5( )
COL6A5, matrix metallopeptidase-9  and  cathepsin K ,2010,2016,0.855,6,LLSYSP,COL6A5( )
COL6A5, cathepsin G  and  cathepsin K ,2011,2016,0.89,5,LSYSP,COL6A5( )
COL6A5, matrix metallopeptidase-2  and  cathepsin K ,452,459,0.905,7,SIQEKQF,COL6A5( )
COL6A5, cathepsin G  and  cathepsin K ,2385,2391,0.9199999999999999,6,FIGHAL,COL6A5( );COL6A6( )
COL6A5, elastase-2  and  cathepsin K ,1441,1446,0.895,5,IAGCP,COL6A5(Collagen-like 1)
COL6A5, cathepsin K  and  cathepsin K ,1054,1057,0.9299999999999999,3,QSI,EFEMP1( );FBN1( );COL6A3( );COL6A5( );COL4A4( );COL12A1(VWFA 2);COL4A5( );EMILIN1( );LAD1( );HSPD1( );AIMP1( );MYH9( );VCL( );CLCA4( );IFNG( );PDCD6IP( );SERPINA5( );DYNC1H1( );ADH7( );ALDOA( );PLEC( );COPA( );KDR( );IGKV1-5( );IL2( );IL1A( );ACTN2( );ITIH5( );ACE2( );C5( );ANGPT2( );CD109( );APOB( );IL33( );PRKDC( );C7( );IGKV1-39( );RNASE3( );ANG( );FGFR1( );C4BPA( );SPINK5( );ESR2( );KLK8( );CFH( )
COL6A5, cathepsin K  and  matrix metallopeptidase-9 ,1057,1062,0.85,5,IELKN,COL6A5( )
COL6A5, matrix metallopeptidase-9  and  cathepsin K ,1052,1057,0.845,5,NYQSI,COL6A5( )
COL6A5, cathepsin G  and  cathepsin K ,1053,1057,0.86,4,YQSI,COL6A5( );KDR( );C5( )
COL6A5, cathepsin K  and  matrix metallopeptidase-2 ,390,395,1.04,5,EQTIS,COL6A5( );PLEC( )
COL6A5, matrix metallopeptidase-2  and  cathepsin K ,383,390,0.845,7,EIVSYPP,COL6A5( )
COL6A5, elastase-2  and  cathepsin K ,385,390,0.89,5,VSYPP,VCAN( );COL6A5( );PLSCR1( )
COL6A5, cathepsin K  and  matrix metallopeptidase-9 ,2240,2244,0.96,4,FEPQ,COL6A5( );ITIH4( );ITIH3( );ITIH1( )
COL6A5, cathepsin K  and  matrix metallopeptidase-3 ,2240,2244,0.96,4,FEPQ,COL6A5( );ITIH4( );ITIH3( );ITIH1( )
COL6A5, cathepsin K  and  matrix metallopeptidase-7 ,2240,2244,1.04,4,FEPQ,COL6A5( );ITIH4( );ITIH3( );ITIH1( )
COL6A5, elastase-2  and  cathepsin K ,2233,2240,0.895,7,VYLPSQM,COL6A5( )
COL6A5, matrix metallopeptidase-3  and  cathepsin K ,376,382,0.89,6,ANNTQL,COL6A5( )
COL6A5, cathepsin K  and  elastase-2 ,382,385,0.89,3,EEI,HMCN2( );FRAS1( );FN1(Fibronectin type-I 7);HSPG2( );SPON1( );AEBP1(Glu-rich);LAMA3( );FGB( );LAMC1( );COL5A2(VWFC);VCAN( );POSTN( );COL5A1(Fibrillar collagen NC1);COL6A3( );MFGE8( );COL6A5( );DPT( );FBLN1( );OGN( );COL6A6( );LAMA4( );FGG( );HSPA5( );HSPD1( );APOA4(3);HYOU1( );CKAP4( );MYH9( );TLN1( );SDCBP( );PDCD6IP( );RPL11( );GBP1( );IL5( );HSPA9( );DYNC1H1( );ADH7( );SOGA1( );MAP2K2( );VWA8( );PFKP( );ALDOA( );FLNA( );PLEC( );CPQ( );IL1A( );LRPAP1( );ACTN2( );ACTN4( );SERPINE1( );CASP1( );CALM1( );ACE2( );C5( );ACTN1( );NUCB2( );CHGB( );AHSG( );LCN1( );ANGPT2( );FLNB( );CPA3( );CP( );S100B(EF-hand 1);ACTG1( );TNFSF10( );KNG1( );CTSK( );SEMA3A( );PRKDC( );TLL1( );CXADR( );A2ML1( );PGF( );CASP4( );CALU( );TG( );FLT1( );NGFR( );TAC1( );APOH( );C4BPA( );PSAP( );CFH( )
COL6A5, matrix metallopeptidase-2  and  cathepsin K ,902,906,0.9099999999999999,4,ALFT,COL6A5( );SERPINA5( );NUCB1( );ITIH5( );NUCB2( );MMP2( )
COL6A5, matrix metallopeptidase-9  and  cathepsin K ,902,906,0.925,4,ALFT,COL6A5( );SERPINA5( );NUCB1( );ITIH5( );NUCB2( );MMP2( )
COL6A5, matrix metallopeptidase-7  and  cathepsin K ,902,906,0.905,4,ALFT,COL6A5( );SERPINA5( );NUCB1( );ITIH5( );NUCB2( );MMP2( )
COL6A5, cathepsin K  and  matrix metallopeptidase-7 ,906,911,0.8999999999999999,5,EEHGS,COL6A5( )
COL6A5, cathepsin K  and  cathepsin K ,72,79,0.8999999999999999,7,AQYSDEF,COL6A5( )
COL6A5, cathepsin K  and  cathepsin K ,79,85,0.85,6,HSEFHL,COL6A5( );COL6A6( )
COL6A5, granzyme B ({Homo sapiens}-type)  and  cathepsin K ,76,79,0.875,3,DEF,FRAS1( );LAMC2( );HSPG2( );FBN1( );LAMC1( );THBS1( );THBS2( );VCAN( );COL6A3( );COL6A5( );KRTDAP( );APOA4( );NENF( );GPC2( );DYNC1H1( );EFTUD2( );CALR( );A2M( );MMP19( );C5( );LOXL1( );SEMA3A( );C1R( );PRKDC( );C7( );HPX( );TF( );CALU( );IL4R( );SPINK5( );ALB( );LOX( )
COL6A5, cathepsin K  and  cathepsin G ,79,82,0.935,3,HSE,HMCN2( );FRAS1( );HSPG2( );LAMA5( );LAMC1( );FGA( );VCAN( );COL6A5( );DMBT1( );COL6A6( );LAMB3( );EMILIN1( );CKAP4( );HADHA( );CCT6A( );DAG1( );CCT2( );SHH( );SOGA1( );VWA8( );AGT( );C3( );PLEC( );KDR( );SOD3( );SERPINA1( );ALCAM( );CASP1( );IL1RN( );CHGB( );SLTM( );CD109( );APOB( );PKM( );HPR( );PRF1( );CD163( );FLT1( );P3H1( );NGF( );PRLR( );CFHR2( );CFHR1( );VEGFD( );HP( );TGFA( );CFH( );PLAUR( )
COL6A5, cathepsin G  and  cathepsin K ,74,79,0.905,5,YSDEF,COL6A5( )
COL6A5, cathepsin K  and  cathepsin K ,1211,1218,0.9099999999999999,7,FQGHPQL,COL6A5( )
COL6A5, cathepsin K  and  cathepsin K ,1206,1211,0.87,5,QGQPL,COL6A5( )
COL6A5, cathepsin K  and  cathepsin K ,1207,1211,0.85,4,GQPL,HMCN2( );COL7A1( );HSPG2( );LAMB2( );COL6A5( );IGFBP3( );APOE( );GBP1( );IGHM( );ADM2( )
COL6A5, cathepsin K  and  matrix metallopeptidase-7 ,1211,1216,0.84,5,FQGHP,COL6A5( )
COL6A5, elastase-2  and  cathepsin K ,1205,1211,1.04,6,VQGQPL,COL6A5( )
COL6A5, cathepsin K  and  cathepsin K ,1686,1689,0.88,3,GIP,HMCN2( );FRAS1( );ADIPOQ(Collagen-like);COL7A1( );FBN2( );HSPG2( );ELN( );AEBP1( );LAMA3( );LAMB2( );ABI3BP( );COL1A2( );COL1A1( );COL2A1( );THBS4( );COL5A2( );THBS1( );LTBP2( );COL18A1( );LUM( );VCAN( );THBS3( );COL3A1( );COL5A1( );COL6A3( );VTN(Hemopexin 2);KERA( );COL6A5(Collagen-like 1);COL4A4( );COL4A1( );COL4A3( );COL4A5( );COL4A6( );COL14A1( );IGFBP7( );COL4A2( );COL16A1( );BGN( );COL6A6( );LAMB3( );CTHRC1( );COL15A1( );COL17A1( );GPX3( );HSPA5( );HSPA8( );MYH9( );VCL( );DAG1( );TFRC( );EEF2( );IGLV3-19( );PZP( );HSPA9( );C1QB( );VWA8( );IGLV3-21( );C3( );FLNA( );IGKV3-15( );PI16( );KDR( );GANAB( );A2M( );FGFR3( );MMP28(Hemopexin 3);F13A1( );C5( );MMP14(Hemopexin 3);NUCB2( );NECTIN1( );IGLV3-1( );C1QC( );ACE( );CD109( );APOB( );C4B( );C4A( );IGKV3-20( );SPINT1( );IL13RA2( );FGF7( );KLK7( );FGF2( );FGFR4( );AMBP( );HPX(Hemopexin 2);FLT1( );P3H1( );NELL2( );FGFR2( );CFB( );IGF2-AS( );CTSB( );C1S( );EGFR( );HGF( )
COL6A5, cathepsin K  and  matrix metallopeptidase-2 ,1689,1695,0.9299999999999999,6,GGPGPK,COL6A5( )
COL6A5, cathepsin K  and  matrix metallopeptidase-9 ,1689,1695,1.02,6,GGPGPK,COL6A5( )
COL6A5, cathepsin K  and  matrix metallopeptidase-3 ,1689,1695,1.0350000000000001,6,GGPGPK,COL6A5( )
COL6A5, cathepsin K  and  cathepsin K ,2375,2381,0.935,6,QDSQQL,COL6A5( )
COL6A5, granzyme B ({Homo sapiens}-type)  and  cathepsin K ,2376,2381,1.005,5,DSQQL,COL6A5( )
COL6A5, cathepsin K  and  cathepsin G ,2381,2385,0.8999999999999999,4,NGDV,COL6A5( );PSAP(Saposin B-type 2)
COL6A5, cathepsin K  and  cathepsin K ,2218,2222,0.905,4,ESPF,COL6A5( );TFRC( )
COL6A5, cathepsin K  and  granzyme B ({Homo sapiens}-type) ,2222,2226,0.845,4,VKTE,COL6A5( );LAMB3( );KITLG(Extracellular);CALU( )
COL6A5, matrix metallopeptidase-2  and  cathepsin K ,2178,2183,0.875,5,RLINL,COL6A5( )
COL6A5, matrix metallopeptidase-7  and  cathepsin K ,2178,2183,0.99,5,RLINL,COL6A5( )
COL6A5, cathepsin K  and  granzyme B ({Homo sapiens}-type) ,2183,2190,0.83,7,GGENIQN,COL6A5( )
COL6A5, cathepsin K  and  elastase-2 ,2183,2187,0.915,4,GGEN,HMCN2( );COL6A5( );TG( )
COL6A5, elastase-2  and  cathepsin K ,2180,2183,0.85,3,INL,TNXB( );FN1( );FBN2( );LAMB2( );EFEMP1( );FBN1( );LAMC1( );THBS4( );COL5A1( );COL6A3( );KERA( );PRELP( );COL6A5( );DMBT1( );COL12A1( );LAMA2( );COL4A2( );COL6A6( );ATP5O( );CDH1( );ATP5B( );HSP90AA1( );TFRC( );EEF2( );HSPA9( );HPSE( );DYNC1H1( );VWA8( );DPP7( );PGLYRP2( );ALDOA( );SBSN( );PLEC( );TREM1( );CPQ( );ACTN2( );FGFR3( );IDE( );PPY( );C2( );ACE( );PPT1( );APOB( );CP( );LEPROT( );C4B( );C4A( );TEK( );PRKDC( );A2ML1( );FGFR4( );C8B( );TG( );FGFR1( );C4BPA( );FGFR2( );NPY( );CFB( )
COL6A5, cathepsin G  and  cathepsin K ,2179,2183,0.86,4,LINL,COL6A5( );ATP5O( );EEF2( )
COL6A5, cathepsin K  and  cathepsin K ,1400,1403,0.8899999999999999,3,HGT,FRAS1( );TNXB( );TNC( );FBN2( );HSPG2( );ANOS1( );FGB( );VCAN( );COL6A5( );LAMA2( );COL4A6( );COLQ( );COL17A1( );SERPINF1( );GAPDH( );EPHB4( );IL1A( );MMP14( );ACTN1( );GHR( );SLTM( );MMP1( );PKM( );IL17C( );TG( );PRTN3( );CCL27( );BDNF( );FOLR2( );TGFA( );CFH( )
COL6A5, cathepsin K  and  matrix metallopeptidase-9 ,1403,1407,0.84,4,RGLQ,FRAS1( );VWF( );LAMA5( );COL6A5( );COL4A4( );COL6A6( );CCT6A( );ITIH2( );SOGA1( );DPP7( );FLNA( );ITIH1( );FLNB( );RARRES2( );C4B( );C4A( );F2( )
COL6A5, cathepsin K  and  matrix metallopeptidase-3 ,1403,1407,0.865,4,RGLQ,FRAS1( );VWF( );LAMA5( );COL6A5( );COL4A4( );COL6A6( );CCT6A( );ITIH2( );SOGA1( );DPP7( );FLNA( );ITIH1( );FLNB( );RARRES2( );C4B( );C4A( );F2( )
COL6A5, cathepsin K  and  matrix metallopeptidase-7 ,1403,1407,0.83,4,RGLQ,FRAS1( );VWF( );LAMA5( );COL6A5( );COL4A4( );COL6A6( );CCT6A( );ITIH2( );SOGA1( );DPP7( );FLNA( );ITIH1( );FLNB( );RARRES2( );C4B( );C4A( );F2( )
COL6A5, cathepsin K  and  cathepsin G ,1403,1408,0.87,5,RGLQA,LAMA5( );COL6A5( );DPP7( )
COL6A5, elastase-2  and  cathepsin K ,1365,1368,0.8799999999999999,3,IGM,VWF( );AEBP1( );LAMA3( );COL6A5( );COL4A3( );COL4A6( );COL6A6( );HADHA( );HSP90AA1( );C3( );HEBP1( );NUCB2( );ILK( );S100A7(EF-hand 1);NELL2( );F2( )
COL6A5, cathepsin G  and  cathepsin K ,1363,1368,0.84,5,LTIGM,COL6A5( )
COL6A5, matrix metallopeptidase-2  and  cathepsin K ,1582,1587,0.8400000000000001,5,GLQGP,COL7A1( );COL1A1( );COL2A1( );COL5A1( );COL6A5( );COL4A1( );COL4A5( );COL4A6( );EMILIN1( )
COL6A5, matrix metallopeptidase-9  and  cathepsin K ,1582,1587,0.885,5,GLQGP,COL7A1( );COL1A1( );COL2A1( );COL5A1( );COL6A5( );COL4A1( );COL4A5( );COL4A6( );EMILIN1( )
COL6A5, matrix metallopeptidase-7  and  cathepsin K ,1582,1587,0.8400000000000001,5,GLQGP,COL7A1( );COL1A1( );COL2A1( );COL5A1( );COL6A5( );COL4A1( );COL4A5( );COL4A6( );EMILIN1( )
COL6A5, matrix metallopeptidase-9  and  cathepsin K ,2369,2375,0.8400000000000001,6,QMKHHL,COL6A5( )
COL6A5, cathepsin K  and  cathepsin G ,863,867,0.8200000000000001,4,NILF,FRAS1( );COL6A5( );SERPINA5( );ITIH2( );SERPINI1( );FLNA( );FLNB( );IL33( )
COL6A5, cathepsin K  and  cathepsin K ,2199,2204,0.8600000000000001,5,QEDFL,COL6A5( )
COL6A5, matrix metallopeptidase-3  and  cathepsin K ,2201,2204,0.855,3,DFL,VWF( );LAMB2( );FBLN2( );THBS4( );FGA( );COL18A1( );VCAN( );COL6A3( );COL6A5( );LAMA2( );COL6A6( );LAMB3( );FGG( );C1QBP( );CKAP4( );TLN1( );CAMP( );ITIH3( );LBP( );SHH( );ITIH2( );SERPINF2( );HPSE( );SOGA1( );DSC2( );VWA8( );DPP7( );EFTUD2( );CALR(1-1);C3( );GPI( );RNPEP( );SERPINB2( );KDR( );ERAP1( );IGHM( );ACE2( );C5( );SLC25A6( );C2( );ITIH1( );SLC25A5( );APOB( );FLNB( );PKM( );C4B( );C4A( );MUC4( );TEK( );LOXL1( );CD8B( );PRL( );CASP4( );P3H1( );TLR9( );NELL2( );IGF1( );CTSB( );EGFR( );LOX( )
COL6A5, cathepsin K  and  matrix metallopeptidase-3 ,2204,2211,0.8300000000000001,7,GGNGFIG,COL6A5( )
COL6A5, matrix metallopeptidase-7  and  cathepsin K ,2197,2204,0.815,7,ELQEDFL,COL6A5( )
COL6A5, granzyme B ({Homo sapiens}-type)  and  cathepsin K ,2201,2204,0.95,3,DFL,VWF( );LAMB2( );FBLN2( );THBS4( );FGA( );COL18A1( );VCAN( );COL6A3( );COL6A5( );LAMA2( );COL6A6( );LAMB3( );FGG( );C1QBP( );CKAP4( );TLN1( );CAMP( );ITIH3( );LBP( );SHH( );ITIH2( );SERPINF2( );HPSE( );SOGA1( );DSC2( );VWA8( );DPP7( );EFTUD2( );CALR(1-1);C3( );GPI( );RNPEP( );SERPINB2( );KDR( );ERAP1( );IGHM( );ACE2( );C5( );SLC25A6( );C2( );ITIH1( );SLC25A5( );APOB( );FLNB( );PKM( );C4B( );C4A( );MUC4( );TEK( );LOXL1( );CD8B( );PRL( );CASP4( );P3H1( );TLR9( );NELL2( );IGF1( );CTSB( );EGFR( );LOX( )
COL6A5, cathepsin K  and  elastase-2 ,2204,2209,0.8400000000000001,5,GGNGF,FBN2( );COL6A5( )
COL6A5, cathepsin G  and  cathepsin K ,2198,2204,0.895,6,LQEDFL,COL6A5( )
COL6A5, cathepsin K  and  cathepsin G ,2204,2208,0.8400000000000001,4,GGNG,FBN2( );COL6A5( );SOGA1( );DMKN( )
COL6A5, cathepsin K  and  cathepsin K ,104,109,0.9,5,IGGSL,COL6A5( );COL6A6( )
COL6A5, cathepsin K  and  cathepsin K ,105,109,0.855,4,GGSL,HMCN2( );HSPG2( );LAMA5( );COL6A5( );COL6A6( );CSPG4( );CCT2( );MAP2K2( );ATP5A1( );IGHV3-7( );IGHV3-13( );CHGB( );PKM( );PRKDC( );KLKB1( );TPSD1( );TPSB2( );IGHV3-23( );PLAU( );PRSS1( );TPSAB1( );HGF( )
COL6A5, matrix metallopeptidase-3  and  cathepsin K ,106,109,0.8300000000000001,3,GSL,HMCN2( );FRAS1(FU 2);TNXB( );TNC( );LAMC2( );FBN2( );VWF( );HSPG2( );ASPN( );ANOS1( );LTBP4( );LGI3( );LAMA5( );SPON1( );AEBP1( );LAMA3( );LAMB2( );LAMC1( );THBS4( );FGA( );EFEMP2( );COL18A1( );VCAN( );POSTN( );COL5A1( );VTN( );DCN( );COL6A5( );DMBT1( );LAMB1( );COL4A3( );COL4A5( );LAMA2( );COL16A1( );BGN( );COL6A6( );COLQ(Collagen-like 1);CTHRC1( );COL15A1( );COL17A1( );HSPD1( );S100A13( );C1QBP( );NGRN( );APOE( );IFNG( );CSPG4( );RPL9( );PDCD6IP( );ENDOD1( );CCT2( );PMEL( );GPC2( );PZP( );HNRNPU( );DYNC1H1( );SOGA1( );MAP2K2( );VWA8( );DSG1( );PFKP( );CALR( );C3( );ATP5A1( );CALCA( );PI16( );SERPINA6( );FGF3( );LEP( );IGHV3-7( );SOD3( );A2M( );CLTC( );ACTN4( );IDE( );HEBP1( );PTGDS( );IGHV3-13( );NECTIN1( );CHGB( );C2( );ADM( );ITIH1( );APOB( );FLNB( );ILK( );CTSD( );PKM( );CP( );LEPROT( );C9( );MUC4( );AZGP1( );ANGPT1( );PTN( );PRKDC( );CXADR( );C7( );KLK5( );SFRP2( );A2ML1( );FGFR4( );CD163( );PRL( );C8B( );RNASE3( );KLKB1( );ADAMTS17( );TPSD1( );TG( );ADM2( );TPSB2( );GRP( );IGHV3-23( );TLR9(LRR 12);WNT5A( );RNASE2( );PLAU( );HGFAC( );RETN( );PRSS1( );INHBA( );TPSAB1( );HGF( )
COL6A5, matrix metallopeptidase-7  and  cathepsin K ,103,109,0.8200000000000001,6,FIGGSL,COL6A5( );COL6A6( )
COL6A5, elastase-2  and  cathepsin K ,104,109,0.99,5,IGGSL,COL6A5( );COL6A6( )
COL6A5, cathepsin G  and  cathepsin K ,103,109,0.89,6,FIGGSL,COL6A5( );COL6A6( )
COL6A5, cathepsin K  and  cathepsin K ,2325,2329,0.855,4,PTPL,TNXB(Fibronectin type-III 22);HSPG2( );LAMA3( );COL6A5( );CGA( )
COL6A5, cathepsin K  and  cathepsin K ,2319,2325,0.81,6,DYFHIA,COL6A5( )
COL6A5, cathepsin K  and  cathepsin G ,2325,2328,0.845,3,PTP,HMCN2( );FRAS1( );TNXB( );FBN2( );HSPG2( );LTBP4( );LAMA5(Laminin EGF-like 3);AEBP1( );LAMA3( );LTBP2( );MFAP2( );FBN1( );THBS4( );THBS1( );COL18A1( );VCAN( );COL5A1( );COL6A3( );PRELP( );COL6A5( );DPT(1-2);DMBT1( );COL12A1( );COL4A1( );LAMA2( );IGFBP7( );COL15A1( );CLCA4( );PDCD6IP( );DAG1( );ITIH2( );SERPINF2( );CD8A( );KDR( );FGFR3( );AHSG( );CCL11( );NCAM1( );MMP2( );IGHA1( );C4B( );C4A( );MUC4( );KNG1( );IL17C( );SPINT1( );A2ML1( );FGFR4( );AMBP( );TG(Thyroglobulin type-1 7);CFHR2( );CFHR1( );CFHR3( );ESR2( );TNFRSF1A( );INHBA( );FOLR2( );CGA( );EDN1( );CFH( )
COL6A5, cathepsin K  and  cathepsin K ,1994,2001,0.885,7,NIASDPL,COL6A5( )
COL6A5, matrix metallopeptidase-3  and  cathepsin K ,1998,2001,0.855,3,DPL,ECM1( );HMCN2( );FRAS1( );TNC( );COL7A1(Fibronectin type-III 5);LAMC2( );LAMA5( );LAMA3( );ABI3BP( );MFAP2( );COL2A1( );FBN1( );LAMC1( );COL5A2( );THBS3( );COL6A5( );COL14A1( );COL6A2( );ATP5B( );MYH9( );HPSE( );DYNC1H1( );DSG1( );EFTUD2( );PLEC( );OLFML3( );IDE( );C5( );ACTN1( );CHGB( );F2R( );SLTM( );GSN( );OLFML1( );C9( );C4B( );C4A( );TEK( );ACPP( );SEMA3A( );PRKDC( );TLL1( );FGFR4( );GLA( );IL4R( );NELL2( );CD55( )
COL6A5, granzyme B ({Homo sapiens}-type)  and  cathepsin K ,1998,2001,0.9199999999999999,3,DPL,ECM1( );HMCN2( );FRAS1( );TNC( );COL7A1(Fibronectin type-III 5);LAMC2( );LAMA5( );LAMA3( );ABI3BP( );MFAP2( );COL2A1( );FBN1( );LAMC1( );COL5A2( );THBS3( );COL6A5( );COL14A1( );COL6A2( );ATP5B( );MYH9( );HPSE( );DYNC1H1( );DSG1( );EFTUD2( );PLEC( );OLFML3( );IDE( );C5( );ACTN1( );CHGB( );F2R( );SLTM( );GSN( );OLFML1( );C9( );C4B( );C4A( );TEK( );ACPP( );SEMA3A( );PRKDC( );TLL1( );FGFR4( );GLA( );IL4R( );NELL2( );CD55( )
COL6A5, cathepsin K  and  elastase-2 ,2001,2008,0.915,7,ISDSGDR,COL6A5( )
COL6A5, cathepsin K  and  matrix metallopeptidase-2 ,104,107,0.9750000000000001,3,IGG,HMCN2( );TNXB( );COL7A1( );HSPG2( );ELN( );SRPX( );LAMA5(Laminin N-terminal);SPON1( );LAMA3(Laminin N-terminal);ABI3BP( );COL1A2( );COL2A1( );FBN1( );LTBP2( );LUM( );THBS2( );POSTN( );COL3A1( );COL5A1( );COL6A3( );COL6A5( );COL12A1( );COL4A1( );LAMA2( );COL4A2( );COL6A6( );LAMA4( );HSPA5( );CSPG4( );ITIH3( );EIF4A1( );VWA8( );PFKP( );ALDOA( );C3( );HNRNPA2B1( );FLNA( );GPI( );MIF( );MMP8( );CTSG( );CLTC( );FGFR3( );TUBA4A( );WDR1( );F13A1( );MMP14( );NECTIN1( );CMA1( );HNRNPK( );SLTM( );MMP1( );CRTAP( );FLNB( );CP( );ACTG1( );TEK( );KLK14( );C1R( );TLL1( );CRIP2( );FGFR4( );GLA( );C8B( );FGFR1( );CFI( );FGFR2( );PLAU( );HGFAC( );C1S( )
COL6A5, cathepsin K  and  elastase-2 ,1054,1057,0.835,3,QSI,EFEMP1( );FBN1( );COL6A3( );COL6A5( );COL4A4( );COL12A1(VWFA 2);COL4A5( );EMILIN1( );LAD1( );HSPD1( );AIMP1( );MYH9( );VCL( );CLCA4( );IFNG( );PDCD6IP( );SERPINA5( );DYNC1H1( );ADH7( );ALDOA( );PLEC( );COPA( );KDR( );IGKV1-5( );IL2( );IL1A( );ACTN2( );ITIH5( );ACE2( );C5( );ANGPT2( );CD109( );APOB( );IL33( );PRKDC( );C7( );IGKV1-39( );RNASE3( );ANG( );FGFR1( );C4BPA( );SPINK5( );ESR2( );KLK8( );CFH( )
COL6A5, cathepsin G  and  cathepsin K ,1049,1054,0.8,5,FGSNY,COL6A5( )
COL6A5, matrix metallopeptidase-9  and  cathepsin K ,370,374,0.905,4,ALSI,COL6A5( );LAMA4( );CALCA( );SST( )
COL6A5, matrix metallopeptidase-7  and  cathepsin K ,370,374,0.875,4,ALSI,COL6A5( );LAMA4( );CALCA( );SST( )
COL6A5, cathepsin G  and  cathepsin K ,371,374,0.9,3,LSI,FRAS1( );FN1( );VWF( );ELN( );LAMA5( );LAMB2( );LAMC1( );LUM(LRRNT);VCAN( );COL6A3( );COL6A5( );COL12A1( );FBLN1( );LAMA2( );COL14A1( );COL6A1( );COL4A2( );COL6A6( );LAMA4( );COLQ( );UCN( );APOC1( );CHGA( );CLCA4( );SERPINB5( );ENDOD1( );LBP( );PMEL( );PZP( );DYNC1H1( );DSG1( );SERPINI1( );SERPINA12( );C3( );ATP5A1( );FLNA( );PLEC( );GPI( );CALCA( );CD14( );KDR( );KARS( );GGH( );LGALS3BP( );IL1A( );HMGB1( );ERAP1( );SERPINA1( );HMGB2( );SERPINA4( );ALCAM( );F13A1( );SERPING1( );C5( );SERPINA3( );HNRNPK( );CRTAP( );APOB( );FLNB( );SERPINC1( );CP( );C4B( );C4A( );AFM( );PRKDC( );CXADR(Extracellular);IL17F( );ADAMTS17( );FLT1( );SST( );TIMP1( );TLR9( );CFI( );EGFR( );PSAP( )
COL6A5, cathepsin G  and  cathepsin K ,369,374,0.88,5,FALSI,COL6A5( )
COL6A5, cathepsin K  and  cathepsin K ,1902,1908,0.8400000000000001,6,DERVFL,COL6A5( )
COL6A5, matrix metallopeptidase-9  and  cathepsin K ,1902,1908,0.8300000000000001,6,DERVFL,COL6A5( )
COL6A5, granzyme B ({Homo sapiens}-type)  and  cathepsin K ,1902,1908,0.89,6,DERVFL,COL6A5( )
COL6A5, cathepsin K  and  granzyme B ({Homo sapiens}-type) ,1908,1913,0.89,5,EAFGF,COL6A5( )
COL6A5, matrix metallopeptidase-9  and  cathepsin K ,1702,1708,0.8,6,TVGLKG,COL6A5( )
COL6A5, matrix metallopeptidase-9  and  cathepsin K ,1704,1708,0.7949999999999999,4,GLKG,COL7A1( );COL1A2( );COL2A1( );COL5A2( );COL18A1( );COL3A1( );COL5A1( );COL6A5( );COL4A4( );COL12A1( );COL4A1( );COL4A3( );COL4A5( );COL4A6( );COL6A1( );COL4A2( );COL16A1( );COL6A6( );COL6A2( );COL15A1( );SERPIND1( );ATP5A1( );INHBA( )
COL6A5, matrix metallopeptidase-3  and  cathepsin K ,1704,1708,0.8049999999999999,4,GLKG,COL7A1( );COL1A2( );COL2A1( );COL5A2( );COL18A1( );COL3A1( );COL5A1( );COL6A5( );COL4A4( );COL12A1( );COL4A1( );COL4A3( );COL4A5( );COL4A6( );COL6A1( );COL4A2( );COL16A1( );COL6A6( );COL6A2( );COL15A1( );SERPIND1( );ATP5A1( );INHBA( )
COL6A5, elastase-2  and  cathepsin K ,1703,1708,0.96,5,VGLKG,COL6A5( );COL4A1( );COL4A6( );COL16A1( );INHBA( )
COL6A5, cathepsin G  and  cathepsin K ,1701,1708,0.925,7,LTVGLKG,COL6A5( )
COL6A5, matrix metallopeptidase-3  and  cathepsin K ,2212,2218,0.81,6,ELNSGR,COL6A5( )
COL6A5, matrix metallopeptidase-3  and  cathepsin K ,2211,2218,0.8049999999999999,7,QELNSGR,COL6A5( )
COL6A5, matrix metallopeptidase-7  and  cathepsin K ,2212,2218,0.855,6,ELNSGR,COL6A5( )
COL6A5, cathepsin G  and  cathepsin K ,2213,2218,0.8400000000000001,5,LNSGR,COL6A5( )
COL6A5, cathepsin K  and  matrix metallopeptidase-2 ,1994,1999,0.81,5,NIASD,COL6A5( )
COL6A5, matrix metallopeptidase-9  and  cathepsin K ,1989,1994,0.835,5,VIDNF,COL6A5( )
COL6A5, cathepsin K  and  matrix metallopeptidase-3 ,1994,1998,0.8400000000000001,4,NIAS,COL6A5( );COL12A1( );OGN(LRR 6)
COL6A5, cathepsin K  and  granzyme B ({Homo sapiens}-type) ,1994,1998,0.905,4,NIAS,COL6A5( );COL12A1( );OGN(LRR 6)
COL6A5, cathepsin K  and  cathepsin G ,1994,2000,0.9,6,NIASDP,COL6A5( )
COL6A5, matrix metallopeptidase-2  and  cathepsin K ,1281,1288,0.87,7,HLNAQFL,COL6A5( )
COL6A5, cathepsin K  and  cathepsin G ,1288,1294,0.865,6,RSLWDT,COL6A5( )
COL6A5, matrix metallopeptidase-2  and  cathepsin K ,998,1002,0.7949999999999999,4,VCHL,COL6A5( );IL4R( );EGFR( )
COL6A5, cathepsin K  and  granzyme B ({Homo sapiens}-type) ,1002,1005,0.89,3,QEA,ECM1( );HMCN2( );FRAS1( );FN1( );TNC( );LAMC2( );HSPG2( );LTBP4( );LAMA3( );LAMB2( );FGB( );COL2A1( );LAMC1( );SPARC(Asp/Glu-rich (acidic; binds calcium));COL3A1( );COL6A5( );DMBT1( );LAMA2( );COL6A1( );COL4A2( );COL6A6( );LAMB3( );EMILIN1( );LAMA4( );COL15A1( );LAD1( );H3F3A( );HADHA( );HSPA8( );HIST2H3A;( );VCL(3);SDC1( );TLN1( );ITIH4( );CLCA4( );CSPG4( );ITIH3( );PMEL( );HSPH1( );GBP1( );HNRNPU( );DYNC1H1( );SFN( );VWA8( );NAMPT( );C3( );HIST1H3A( );FLNA( );PLEC( );ACTN2( );ACTN4( );IDE( );MMP11( );ACE2( );MMP19( );TXN( );ACTN1( );CHGB( );MELTF( );CD109( );APOB( );GLG1( );OLFML1( );PKM( );CST4( );CRH( );IL19( );HBEGF( );AFM( );PRL( );TPSD1( );PSAPL1( );FLT1( );P3H1( );TPSB2( );CCL27( );SPINK5( );TPSAB1( )
COL6A5, elastase-2  and  cathepsin K ,999,1002,0.8049999999999999,3,CHL,ECM1( );FRAS1( );TNC( );HSPG2( );LTBP2(EGF-like 2);LAMC1( );DCN( );COL6A5( );LAMB1( );LAMA2( );BGN( );COL6A6( );LAMA4( );PRDX1( );LEP( );MELTF( );ACPP( );PAPPA( );TF( );CASP4( );ADAMTS17(Cys-rich);LYZ( );IL4R( );LTF( );WNT5A( );CCL27( );HGFAC( );FST( );EGFR( );EDN1( )
COL6A5, elastase-2  and  cathepsin K ,998,1002,0.79,4,VCHL,COL6A5( );IL4R( );EGFR( )
COL6A5, cathepsin K  and  elastase-2 ,1002,1007,0.79,5,QEADV,COL6A5(VWFA 6)
COL6A5, cathepsin K  and  cathepsin G ,1002,1009,0.9199999999999999,7,QEADVIF,COL6A5(VWFA 6)
COL6A5, cathepsin K  and  cathepsin K ,2017,2024,0.855,7,ESSRRKM,COL6A5( )
COL6A5, cathepsin K  and  cathepsin K ,2011,2017,0.835,6,LSYSPW,COL6A5( )
COL6A5, matrix metallopeptidase-9  and  cathepsin K ,2010,2017,0.79,7,LLSYSPW,COL6A5( )
COL6A5, cathepsin G  and  cathepsin K ,2011,2017,0.825,6,LSYSPW,COL6A5( )
COL6A5, elastase-2  and  cathepsin K ,2524,2529,0.825,5,VLLLP,VWF( );LTBP4( );COL6A5( );COL4A3( );CTSK( );EFNA1( )
COL6A5, matrix metallopeptidase-2  and  cathepsin K ,250,255,0.87,5,NLRHL,COL6A5( )
COL6A5, cathepsin K  and  matrix metallopeptidase-2 ,255,260,0.86,5,QTFLE,COL6A5( )
COL6A5, cathepsin K  and  matrix metallopeptidase-9 ,255,260,0.85,5,QTFLE,COL6A5( )
COL6A5, cathepsin K  and  cathepsin K ,1827,1830,0.8300000000000001,3,QQL,FRAS1( );LAMC2( );LAMA5( );LAMA3( );ABI3BP( );LTBP2( );COL18A1( );FBLN5( );COL5A1( );COL6A3( );COL6A5( );LAMB1( );NID1( );COL6A6( );LAMB3( );EMILIN1( );COL15A1( );HSPA5( );S100A13( );APOA4( );MYH9( );TLN1( );ITIH4( );CSPG4( );HSP90AA1( );DAG1( );SERPINA5( );PZP( );DYNC1H1( );SOGA1( );AGT( );IGLV1-47( );C3( );ATP5A1( );FLNA( );PLEC( );COPA( );MIF( );A2M( );ACTN4( );ITIH5( );MMP28( );WDR1( );MMP19( );MMP14( );PROCR( );ACE( );SLTM( );ITIH1( );APOB( );GLG1( );PKM( );SERPINC1( );CRH( );CD209( );TEK( );SEMA3A( );ANGPT1( );PRKDC( );A2ML1( );CD163( );TG( );GRP( );IL4R( );TLR9( );KLK8( );EDN1( )
COL6A5, cathepsin K  and  cathepsin K ,1830,1835,0.8049999999999999,5,SQIKY,COL6A5( )
COL6A5, cathepsin K  and  cathepsin K ,1212,1218,0.815,6,QGHPQL,COL6A5( )
COL6A5, cathepsin K  and  cathepsin K ,1218,1223,0.8,5,ESYLP,COL6A5( )
COL6A5, cathepsin K  and  cathepsin K ,599,606,0.825,7,GQNFDAL,COL6A5( )
COL6A5, cathepsin K  and  matrix metallopeptidase-7 ,599,604,0.81,5,GQNFD,COL6A5( )
COL6A5, cathepsin K  and  granzyme B ({Homo sapiens}-type) ,599,603,0.835,4,GQNF,VWF( );COL6A5( )
COL6A5, cathepsin K  and  elastase-2 ,123,126,0.9550000000000001,3,SAP,HMCN2( );COL7A1(Fibronectin type-III 1);HSPG2(Ig-like C2-type 3);ANOS1( );LTBP4( );LAMA5( );COL1A2( );VCAN( );FBLN5( );COL5A1( );COL6A3( );COL6A5( );COL4A4( );DMBT1( );COL12A1( );COL4A1( );FBLN1( );COL4A5( );LAMA2( );COL14A1( );COL6A6( );EMILIN1( );PCOLCE( );VWA5B1( );H3F3A( );DCD( );HIST2H3A;( );YBX1( );HSP90B1( );ITIH4( );CSPG4( );SDCBP( );TNFSF12( );PDCD6IP( );ENDOD1( );LBP( );SERPINF2( );GAPDH( );CANX( );DYNC1H1( );VWA8( );DPP7( );PGLYRP2( );HIST1H3A( );PLEC( );EPHB4( );CPE( );CD14( );A1BG( );GANAB( );IL2( );IL1A( );FGFR3( );IGHM( );C5( );CHGB( );AHSG( );C2(Sushi 1);ADM( );ACE( );SLTM( );CPA3( );NCAM1( );ST14( );KLK14( );APOD( );A2ML1( );PSAPL1( );FLT1( );NGFR( );ADM2( );GRP( );IL4R( );NGF( );C4BPA( );HGFAC( );ESR2( );CGA( )
COL6A5, elastase-2  and  cathepsin K ,117,123,0.81,6,AHRTYF,COL6A5( );COL6A6( )
COL6A5, cathepsin K  and  cathepsin K ,1512,1515,0.84,3,GDP,HMCN2( );ADIPOQ( );COL7A1( );LAMC2( );FBN2( );HSPG2( );ELN( );LAMA5( );SPON1( );LTBP2( );LAMB2( );FBLN2( );COL1A2( );COL2A1( );FBN1( );LAMC1( );COL5A2( );COL18A1( );COL3A1( );COL5A1( );COL6A3( );TGFBI( );COL6A5( );COL4A4( );COL12A1( );COL4A1( );LAMB1( );COL4A3( );COL4A5( );COL4A6( );COL14A1( );COL6A1( );COL4A2( );COL16A1( );COL6A6( );EMILIN1( );COL6A2( );COL15A1( );COL17A1( );TLN1( );ITIH4( );CSPG4( );CAMP( );DAG1( );ITIH3( );TFRC( );ITIH2( );EEF2( );C1QB( );SOGA1( );IGLL5( );EFTUD2( );FLNA( );IL36G( );GPC1( );HMGB1( );ITIH5( );HMGB2( );WDR1( );IGHV3-13( );C2( );ITIH1( );GLG1( );FLNB( );NCAM1( );MUC4( );LOXL1( );SEMA3A( );RAN( );PRKDC( );PAPPA( );TG( );ADM2( );IL4R( );CFB( );TNFRSF18( );C1S(CUB 2);DEFB4A( )
COL6A5, cathepsin K  and  cathepsin K ,1506,1512,0.8200000000000001,6,GEKGFP,COL6A5( );COL4A1( );COL4A3( );COLQ( )
COL6A5, cathepsin K  and  matrix metallopeptidase-3 ,1512,1519,0.8,7,GDPGNPG,COL6A3( );COL6A5( )
COL6A5, cathepsin G  and  cathepsin K ,1505,1512,0.9199999999999999,7,YGEKGFP,COL6A5( )
COL6A5, matrix metallopeptidase-2  and  cathepsin K ,1230,1237,0.85,7,SIKGVSC,COL6A5( )
COL6A5, cathepsin K  and  elastase-2 ,2455,2458,0.8999999999999999,3,EEL,HMCN2( );FRAS1( );TNXB( );TNC( );COL7A1( );HSPG2( );MATN2( );LTBP4( );LAMA5( );AEBP1( );LAMA3( );LTBP2( );LAMB2( );ABI3BP( );MFAP2( );FBN1(TB 5);LAMC1( );THBS4( );COL18A1( );THBS2( );COL5A1( );COL6A3( );VTN( );COL6A5( );COL12A1( );LAMB1( );FBLN1(Anaphylatoxin-like 1);OGN( );LAMA2( );COL4A6( );LAMB3( );SPP1( );EMILIN1( );LAMA4( );COLQ( );CTHRC1( );COL15A1( );COL17A1( );GPX3( );HSPA5( );APOA4( );HYOU1( );CKAP4( );AIMP1( );HSPA8( );MYH9( );NENF( );TLN1( );HSP90B1( );VIP( );ITIH4(VIT);NGRN( );APOE( );CSPG4( );TNFSF12( );PDCD6IP( );HSP90AA1( );ENDOD1( );ANXA1( );ITIH3(VIT);EEF2( );HSPH1( );GBP1( );EIF4A1( );HNRNPU( );P4HB( );DYNC1H1( );SOGA1( );SFN( );MAP2K2( );VWA8( );PFKP( );IGLL5( );EFTUD2(tr-type G);SERPINI1( );ATP5A1( );PLEC( );EPHB4( );CPE( );CASP14( );PI16( );PYCARD( );RNPEP( );A1BG( );KDR( );NUCB1( );KARS( );GANAB( );GGH( );LGALS3BP( );IL2( );IGLC7( );LRPAP1( );A2M( );ACTN2( );CLTC( );FGFR3( );ACTN4( );ITIH5(VIT);IGLC1( );IGLC6( );CPA4( );C5( );MMP14( );NUCB2( );CHGB( );SERPINA3( );CLEC3B( );ANGPT2( );GSN( );APOB( );GLG1( );FLNB( );PKM( );IGHA1( );IGHA2( );C4B( );C4A( );KNG1( );PROS1( );LOXL1( );SEMA3A( );ANGPT1( );IL17C( );RBP4( );C1R( );AFM( );PRKDC( );C7(TSP type-1 2);A2ML1( );FGFR4( );AMBP( );PAPPA( );KLKB1( );PSAPL1(Saposin B-type 2);IGLC3( );IGLC3( );TG( );FLT1( );TAC1( );TLR9( );FGFR1( );FGFR2( );PRLR( );PLAU( );GDNF( );IL25( );CFB( );VEGFD( );SPINK5( );PYY( );BDNF( );PLAUR( )
COL6A5, cathepsin K  and  granzyme B ({Homo sapiens}-type) ,72,76,0.815,4,AQYS,COL6A3( );COL6A5( );COL12A1( );COL14A1( );COL6A6( );ITIH4( );TNFRSF1A( )
COL6A5, elastase-2  and  cathepsin K ,69,72,0.8049999999999999,3,VAL,ECM1( );HMCN2( );FN1( );FBN2( );VWF( );HSPG2( );SRPX( );LAMA5( );COL18A1( );COL6A3( );MFGE8(EGF-like);VTN( );COL6A5( );COL12A1( );NID1( );COL14A1( );COL6A1( );COL16A1( );COL6A6( );LAMB3( );COL6A2( );LAMA4( );COL15A1( );VWA5B1( );H3F3A( );HYOU1( );ATP5B( );HIST2H3A;( );TLN1( );CCT6A( );SERPINB5( );CSPG4(Laminin G-like 2);ANXA1(Annexin 4);CCT2( );SHH( );SERPINF2( );HSPH1( );IGLV3-19( );RPN1( );PZP( );CANX( );DYNC1H1( );SOGA1( );DSC2( );FAM3C( );IL1B( );HIST1H3A( );FLNA( );PLEC( );COPA( );GPI( );SERPINA6( );A1BG( );ANXA2P2(Annexin 2);KDR( );ANXA2(Annexin 2);GANAB( );LEP( );CTSG( );A2M( );CLTC( );MYDGF( );IGHM( );C5( );NECTIN1( );CLEC3B( );C2( );ADM( );ACE( );CXCL1( );PPT1( );CD109( );IL1RL1( );APOB( );FLNB( );ILK( );OLFML1( );PKM( );S100B( );ACTG1( );RARRES2( );CRH( );C4B( );C4A( );MUC4( );B2M( );KLK14( );POTEKP( );IL17C( );SPINT1( );FGF7( );PRKDC( );CST3( );MANF( );A2ML1( );KLK7( );FGF2( );FGFR4( );CD163( );PAPPA( );HPX( );CXCL8( );TAC1( );TLR9( );FGFR1( );WNT5A( );NELL2( );PRLR(Helical);PRTN3( );CFB( );WFDC5( );EGFR( );TSHB( );TGFA( );DEFA1( );CFH( );DEFA3( )
COL6A5, cathepsin K  and  cathepsin G ,72,79,0.8,7,AQYSDEF,COL6A5( )
COL6A5, cathepsin K  and  cathepsin G ,72,78,0.7949999999999999,6,AQYSDE,COL6A5( )
COL6A5, cathepsin K  and  granzyme B ({Homo sapiens}-type) ,2024,2031,0.8049999999999999,7,GTVKTEF,COL6A5( )
COL6A5, matrix metallopeptidase-9  and  cathepsin K ,1137,1141,0.86,4,VLVL,LAMB2( );COL6A3( );COL6A5( );ITIH4( );RPL27( );PZP( );P4HB( );EPHB4( );GANAB( );CFD( );MMP9( );SLC25A6( );SLC25A5( );SERPINC1( );GBA( );CD8B( );CXCL12( )
COL6A5, cathepsin K  and  matrix metallopeptidase-3 ,1141,1144,0.835,3,GIG,FN1( );TNC( );COL7A1( );FBN2( );VWF( );COMP( );HSPG2( );ELN( );THBS4( );COL5A2( );FGA( );THBS1( );COL18A1( );THBS2( );COL3A1( );COL5A1( );COL6A3( );TGFBI( );DCN( );COL6A5( );COL4A4( );COL4A1( );COL4A3( );COL4A5( );COL4A6( );COL16A1( );COL6A6( );COL6A2( );CTHRC1( );VWA5B1( );VCL( );HSP90AA1( );HSD17B11( );HNRNPU(Poly-Gly);IL5( );DSG1( );SBSN( );NAMPT( );FLNA( );GPI( );MMP8( );ITIH5( );HEBP1( );MMP1( );FLNB( );CTSD( );ST14( );C1R( );IL13RA2( );PRKDC( );C8B( );NELL2( );EGFR( );DEFB4A( )
COL6A5, cathepsin K  and  granzyme B ({Homo sapiens}-type) ,1141,1144,0.81,3,GIG,FN1( );TNC( );COL7A1( );FBN2( );VWF( );COMP( );HSPG2( );ELN( );THBS4( );COL5A2( );FGA( );THBS1( );COL18A1( );THBS2( );COL3A1( );COL5A1( );COL6A3( );TGFBI( );DCN( );COL6A5( );COL4A4( );COL4A1( );COL4A3( );COL4A5( );COL4A6( );COL16A1( );COL6A6( );COL6A2( );CTHRC1( );VWA5B1( );VCL( );HSP90AA1( );HSD17B11( );HNRNPU(Poly-Gly);IL5( );DSG1( );SBSN( );NAMPT( );FLNA( );GPI( );MMP8( );ITIH5( );HEBP1( );MMP1( );FLNB( );CTSD( );ST14( );C1R( );IL13RA2( );PRKDC( );C8B( );NELL2( );EGFR( );DEFB4A( )
COL6A5, cathepsin K  and  cathepsin G ,1141,1146,0.865,5,GIGDV,COL6A5( );COL6A6( )
COL6A5, cathepsin G  and  cathepsin K ,1138,1141,0.8049999999999999,3,LVL,ECM1( );HMCN2( );FRAS1( );TNXB( );COL7A1( );LAMC2( );VWF(VWFA 2);HSPG2( );LTBP4( );LAMA5( );CTGF( );LAMA3( );LAMB2( );EFEMP1( );COL2A1( );LAMC1( );THBS4( );FGA( );EFEMP2( );COL18A1( );THBS2( );VCAN( );COL6A3( );TGFBI( );PRELP( );COL6A5( );COL4A4( );IGFBP3( );LAMB1( );COL4A3( );COL16A1( );BGN( );COL6A6( );LAMB3( );LRG1( );LAMA4( );SRGN( );KRTDAP( );HSPA5( );HSPD1( );SERPINF1( );C1QBP( );CKAP4( );ATP5B( );MYH9( );NENF( );TLN1( );CD34( );HSP90B1( );VIP( );ITIH4( );CCT6A( );CLCA4( );CSPG4( );CAMP( );HSD17B11( );DAG1( );SERPINA5( );PMEL( );SHH( );CSTA( );ITIH2( );SERPINF2( );RPL27( );RPN1( );GBP1( );PZP( );EIF4A1( );P4HB( );CANX( );DYNC1H1( );SOGA1( );VWA8( );IL6( );DSG1( );CXCL9( );PFKP( );PGLYRP2( );AGT( );SERPINI1( );C3( );PLEC( );COPA( );CALCA( );EPHB4( );PI16( );CD14( );SERPINA6( );KDR( );CPQ( );GANAB( );A2M( );SERPINA7( );CLTC( );ITIH5( );SERPINE1( );PIP( );SERPING1( );MMP14( );CFD( );CTSV( );NECTIN1( );MMP9( );SERPINA3( );TNFSF15( );PROCR(Helical);SLC25A6( );AHSG( );C2( );SLTM( );ITIH1( );MMP10( );ANGPT2( );SLC25A5( );APOB( );OLFML1( );SERPINC1( );LIF( );QPCT( );CD209( );TSLP( );ST14( );TEK( );PROS1( );GBA( );IL17C( );SPINT1( );RAN( );CD40( );IL33( );TGFB1( );CELA1( );IL10( );CD8B( );FGFR4(Protein kinase);AMBP( );HPX( );CASP4( );ADAMTS17( );TG( );FLT1( );GRP( );LYZ( );IL4R( );IL17A( );TLR9( );FGFR1(Protein kinase);LTF( );CD55( );PRLR( );NRP1( );GDNF( );WFDC12( );SFRP5( );CFB( );IGF2-AS( );CTSB( );HGFAC( );ALB( );ESR2( );HRG( );CXCL12( );TNFRSF1A( );INHBA( );PI3( );CD59( );HGF( )
COL6A5, matrix metallopeptidase-3  and  cathepsin K ,716,723,0.865,7,QYFTHSK,COL6A5( )
COL6A5, cathepsin K  and  matrix metallopeptidase-3 ,723,728,0.8049999999999999,5,GARLG,COL6A5( )
COL6A5, cathepsin K  and  matrix metallopeptidase-9 ,1400,1404,0.8,4,HGTR,ANOS1( );COL6A5( );MMP1( );TG( )
COL6A5, cathepsin K  and  matrix metallopeptidase-9 ,1400,1407,0.79,7,HGTRGLQ,COL6A5( )
COL6A5, cathepsin K  and  matrix metallopeptidase-3 ,1400,1407,0.815,7,HGTRGLQ,COL6A5( )
COL6A5, cathepsin K  and  matrix metallopeptidase-7 ,1400,1407,0.78,7,HGTRGLQ,COL6A5( )
COL6A5, cathepsin K  and  cathepsin K ,1890,1893,0.7849999999999999,3,SAL,HMCN2( );FRAS1( );TNXB( );COL7A1( );VWF( );ANOS1( );LGI3( );LAMA5( );LAMA3( );LAMB2( );ABI3BP( );COL18A1( );VCAN( );POSTN( );FMOD(LRR 6);COL5A1( );COL6A3( );TGFBI( );PRELP( );COL6A5( );DMBT1( );LAMB1( );LAMA2( );COL6A6( );EMILIN1( );COL6A2( );LAMA4( );CTHRC1( );VWA5B1( );LAD1( );APOC1( );SERPINF1( );HYOU1( );CDH1( );ATP5B( );HADHA( );MYH9( );VCL( );TLN1( );VIP( );ITIH4( );PDCD6IP( );ITIH3( );LBP( );ITIH2( );CAPZA1( );GPC2( );GBP1( );RPL12( );HNRNPU( );IL5( );DYNC1H1( );SOGA1( );VWA8( );IL6( );PFKP( );FAM3C( );AGT( );ALDOA( );PLEC( );CALCA( );EPHB4( );CPE( );CD14(LRR 8);RNPEP( );CD8A( );ANXA2P2( );KDR( );ANXA2( );LGALS3BP( );APOA1( );CDSN( );ACTN2( );ERAP1( );SERPINE1( );RAC1( );SERPINA4( );MMP28( );ACE2( );MMP19( );C5( );MMP14( );SERPINA3( );SLTM( );ITIH1( );APOB( );GLG1( );CTSD( );OLFML1( );CPA3( );LIF( );QPCT( );C4B( );C4A( );MUC4( );GBA( );PRF1( );HBEGF(Extracellular);APOD( );PRKDC( );IL10( );CD163( );PAPPA( );HPX( );CASP4( );TG( );LYZ( );IL4R( );TLR9( );NPY( );PRLR( );NRP1( );HGFAC( );ALB( );HRG(Cystatin 1);HP( );PSAP( );TGFA( );PLAT( )
COL6A5, matrix metallopeptidase-9  and  cathepsin K ,1886,1890,0.77,4,TMEF,COL6A5( )
COL6A5, cathepsin K  and  matrix metallopeptidase-3 ,1890,1893,0.7949999999999999,3,SAL,HMCN2( );FRAS1( );TNXB( );COL7A1( );VWF( );ANOS1( );LGI3( );LAMA5( );LAMA3( );LAMB2( );ABI3BP( );COL18A1( );VCAN( );POSTN( );FMOD(LRR 6);COL5A1( );COL6A3( );TGFBI( );PRELP( );COL6A5( );DMBT1( );LAMB1( );LAMA2( );COL6A6( );EMILIN1( );COL6A2( );LAMA4( );CTHRC1( );VWA5B1( );LAD1( );APOC1( );SERPINF1( );HYOU1( );CDH1( );ATP5B( );HADHA( );MYH9( );VCL( );TLN1( );VIP( );ITIH4( );PDCD6IP( );ITIH3( );LBP( );ITIH2( );CAPZA1( );GPC2( );GBP1( );RPL12( );HNRNPU( );IL5( );DYNC1H1( );SOGA1( );VWA8( );IL6( );PFKP( );FAM3C( );AGT( );ALDOA( );PLEC( );CALCA( );EPHB4( );CPE( );CD14(LRR 8);RNPEP( );CD8A( );ANXA2P2( );KDR( );ANXA2( );LGALS3BP( );APOA1( );CDSN( );ACTN2( );ERAP1( );SERPINE1( );RAC1( );SERPINA4( );MMP28( );ACE2( );MMP19( );C5( );MMP14( );SERPINA3( );SLTM( );ITIH1( );APOB( );GLG1( );CTSD( );OLFML1( );CPA3( );LIF( );QPCT( );C4B( );C4A( );MUC4( );GBA( );PRF1( );HBEGF(Extracellular);APOD( );PRKDC( );IL10( );CD163( );PAPPA( );HPX( );CASP4( );TG( );LYZ( );IL4R( );TLR9( );NPY( );PRLR( );NRP1( );HGFAC( );ALB( );HRG(Cystatin 1);HP( );PSAP( );TGFA( );PLAT( )
COL6A5, cathepsin K  and  matrix metallopeptidase-3 ,1515,1519,0.79,4,GNPG,COL7A1( );COL1A2( );COL1A1( );COL2A1( );COL5A2( );COL3A1( );COL5A1( );COL6A3( );COL6A5( );COL4A4( );COL4A1( );COL4A3( );COL4A5( );LAMA2( );COL4A6( );COL14A1(Collagen-like 4);COL6A1( );COL4A2( );COL16A1( );COL15A1( );C1QB(Collagen-like 1);DMKN( );KARS( );GNLY( );MUC4( );PRTN3( )
COL6A5, cathepsin K  and  cathepsin K ,1257,1264,0.8049999999999999,7,PAKFQIY,COL6A5( )
COL6A5, granzyme B ({Homo sapiens}-type)  and  cathepsin K ,1253,1257,0.905,4,DQGF,LTBP2( );COL6A5( );COL4A3( );COL16A1( );HNRNPU( );GANAB( );LOXL1( )
COL6A5, cathepsin K  and  cathepsin K ,1835,1838,0.79,3,QDT,FN1( );LAMC2( );LAMA5( );AEBP1( );LAMA3( );EFEMP1( );COL5A2( );LTBP2( );COL18A1( );VCAN( );THBS3( );COL5A1( );COL6A3( );COL6A5( );LAMB3( );COL6A2( );HSPA5( );APOA4( );MYH9( );ENDOD1( );DAG1( );SERPINA5( );ITIH2( );RPN1( );PZP( );DYNC1H1( );PGLYRP2( );ANXA2P2( );ANXA2( );A2M( );FGFR3( );IGHM( );C5( );ACTN1( );CLU( );CHGB( );HLA-C( );SERPINA3( );C2( );CD109( );APOB( );CTSD( );C4B( );C4A( );MUC4( );AZGP1( );IL20( );PRKDC(HEAT 2);A2ML1( );TG( );PRLR( );IL25( );TNFRSF1A( );PI3( );FOLR2( )
COL6A5, matrix metallopeptidase-2  and  cathepsin K ,1831,1838,1.055,7,QIKYQDT,COL6A5( )
COL6A5, cathepsin K  and  matrix metallopeptidase-2 ,2138,2141,0.865,3,QLG,HMCN2( );FRAS1( );TNC(Fibronectin type-III 8);FBN2( );HSPG2( );ASPN( );SRPX( );LAMA5( );CTGF( );LAMA3( );COL2A1( );LAMC1( );EFEMP2( );POSTN( );COL6A3( );DCN( );COL6A5( );DMBT1( );COL12A1( );COL6A6( );LAMB3( );EMILIN1( );COL15A1( );MYH9( );TLN1( );ITIH4( );CCT6A( );CSPG4( );DAG1( );EEF2( );SERPINF2( );HSPH1( );PZP( );HPSE( );DYNC1H1( );VWA8( );PFKP( );SNCA( );C3( );PLEC( );GANAB( );APOA1(1);CDSN( );IDE( );SERPINA1( );PIP( );WDR1( );C5( );ORM1( );SERPINA3( );APOB( );HSPB1( );ORM2( );CD209( );LOXL1( );ACPP( );C1R( );CELA1( );AMBP( );CD163( );ADAMTS17( );TG( );CD5L( );TLR9( );CFI( );PLG( );PRLR( );PLAU( );TNFRSF18(Cytoplasmic);EGFR( );ALB( )
COL6A5, matrix metallopeptidase-9  and  cathepsin K ,2135,2138,0.81,3,HLI,HSPG2(Laminin IV type A 3);LAMA3( );LAMB2( );ABI3BP( );POSTN( );TGFBI( );COL6A5( );LAMB1( );FGG( );TLN1( );DYNC1H1( );SFN( );IL6( );NAMPT( );C3( );PLEC( );PTHLH( );KDR( );GANAB( );SERPINA7( );IDE( );ITIH5( );SERPINA4( );IL1RN( );MMP10( );APOB( );PKM( );TNFSF10( );QPCT( );MUC4( );SEMA3A( );ADAMTS17( );HGFAC( );SLURP1( )
COL6A5, matrix metallopeptidase-9  and  cathepsin K ,2131,2138,0.7749999999999999,7,PLDQHLI,COL6A5( )
COL6A5, cathepsin K  and  matrix metallopeptidase-3 ,2138,2141,0.885,3,QLG,HMCN2( );FRAS1( );TNC(Fibronectin type-III 8);FBN2( );HSPG2( );ASPN( );SRPX( );LAMA5( );CTGF( );LAMA3( );COL2A1( );LAMC1( );EFEMP2( );POSTN( );COL6A3( );DCN( );COL6A5( );DMBT1( );COL12A1( );COL6A6( );LAMB3( );EMILIN1( );COL15A1( );MYH9( );TLN1( );ITIH4( );CCT6A( );CSPG4( );DAG1( );EEF2( );SERPINF2( );HSPH1( );PZP( );HPSE( );DYNC1H1( );VWA8( );PFKP( );SNCA( );C3( );PLEC( );GANAB( );APOA1(1);CDSN( );IDE( );SERPINA1( );PIP( );WDR1( );C5( );ORM1( );SERPINA3( );APOB( );HSPB1( );ORM2( );CD209( );LOXL1( );ACPP( );C1R( );CELA1( );AMBP( );CD163( );ADAMTS17( );TG( );CD5L( );TLR9( );CFI( );PLG( );PRLR( );PLAU( );TNFRSF18(Cytoplasmic);EGFR( );ALB( )
COL6A5, cathepsin G  and  cathepsin K ,2132,2138,0.77,6,LDQHLI,COL6A5( )
COL6A5, cathepsin K  and  matrix metallopeptidase-9 ,1697,1702,0.7749999999999999,5,RGLAL,COL6A5( )
COL6A5, cathepsin K  and  matrix metallopeptidase-9 ,1697,1704,0.77,7,RGLALTV,COL6A5( )
COL6A5, cathepsin K  and  matrix metallopeptidase-3 ,1697,1704,0.78,7,RGLALTV,COL6A5( )
COL6A5, cathepsin K  and  matrix metallopeptidase-7 ,1697,1700,0.935,3,RGL,HMCN2( );FRAS1( );TNXB( );TNC( );COL7A1( );FBN2( );VWF( );LTBP4( );LGI3(LRR 2);LAMA5( );AEBP1( );LAMA3( );LTBP2( );LAMB2( );FBLN2( );COL1A2( );COL1A1( );COL2A1( );COL5A2( );THBS1( );LTBP2( );COL18A1( );THBS2( );POSTN( );FMOD(LRR 5);COL3A1( );COL5A1( );KERA( );PRELP( );DCN( );COL6A5( );COL4A4( );COL12A1(Fibronectin type-III 14);IGFBP3( );COL4A1( );COL4A5( );LAMA2( );COL4A6( );COL14A1( );COL4A2( );COL16A1( );COL6A6( );LAMB3( );EMILIN1( );COL6A2( );CTHRC1( );COL15A1( );COL17A1( );LAD1( );CDH1( );VCL( );HSP90B1( );CCT6A( );APOE(6);CSPG4( );LGALS7( );ITIH2( );PRDX1( );GPC2( );HPSE( );SOGA1( );MAP2K2( );PFKP( );DPP7( );SBSN( );FLNA( );PLEC( );EPHB4( );CD14( );SERPINA6( );RNPEP( );FGF3( );PRDX4( );CD8A( );TUBB( );TUBB4B( );GANAB( );LRPAP1( );IDE( );RAC1( );IGHM( );MMP14(Hemopexin 1);IL1RN( );CHGB( );RPL35A( );SLC25A6( );LCN1( );ITIH1( );SLC25A5( );APOB( );FLNB( );LIF( );RARRES2( );C4B( );C4A( );CD209( );TEK( );LOXL1( );PENK( );PRF1( );HBEGF( );C1R( );PRKDC( );SFRP2( );KLK11( );ADAMTS17( );ANG( );TG( );TLR9(LRR 9);CFI( );KLK6( );NRP1( );CFB( );IGF2-AS( );F2( );INHBA( );BDNF( );PLAT( );HGF( )
COL6A5, cathepsin K  and  elastase-2 ,1697,1703,0.935,6,RGLALT,COL6A5( )
COL6A5, cathepsin K  and  cathepsin G ,1697,1701,0.8999999999999999,4,RGLA,FRAS1( );TNXB( );COL7A1(Fibronectin type-III 9);FBN2(TB 4);COL3A1( );COL6A5( );COL12A1(Fibronectin type-III 14);LAMA2( );COL16A1( );LAMB3( );COL6A2( );MAP2K2( );SERPINA6( );PRF1( );HBEGF( );TG( )
COL6A5, cathepsin K  and  cathepsin K ,555,560,0.7749999999999999,5,STDRV,COL6A5( );HNRNPK( )
COL6A5, granzyme B ({Homo sapiens}-type)  and  cathepsin K ,552,555,0.895,3,DGM,FRAS1( );HSPG2( );LTBP2( );COL5A1( );COL6A5( );FBLN1( );LAMA2( );COL4A2( );ITIH4( );EIF4A1( );DSG1( );C3( );FLNA( );F13A1( );HNRNPK( );LOX( );KLK8( )
COL6A5, cathepsin K  and  matrix metallopeptidase-7 ,1630,1637,0.845,7,GEPGLPG,COL7A1( );COL2A1( );COL5A2( );COL5A1( );COL6A5( );COL12A1( );COL4A1( );COL4A3( );COL4A5( );COL4A6( );C1QC( )
COL6A5, matrix metallopeptidase-7  and  cathepsin K ,1625,1630,0.7949999999999999,5,LLGKK,TNXB( );COL6A5(Collagen-like 5);CLCA4( );RPL9( );INHBA( )
COL6A5, cathepsin K  and  cathepsin K ,1771,1775,0.815,4,EESF,COL6A5( );LAMA2( );NGRN( );EPHB4( );IL19( );FLT1( );CD55( )
COL6A5, granzyme B ({Homo sapiens}-type)  and  cathepsin K ,1764,1771,0.9099999999999999,7,DNSYDVT,COL6A5( )
COL6A5, granzyme B ({Homo sapiens}-type)  and  cathepsin K ,1768,1771,0.78,3,DVT,HMCN2( );FRAS1( );TNXB( );TNC( );COL7A1( );HSPG2( );MATN2( );LAMA5( );LAMC1( );THBS4( );THBS1( );THBS2( );VCAN( );COL6A5(VWFA 1);COL12A1( );LAMB1( );FBLN1( );LAMA2( );COL14A1( );COL6A6(VWFA 5);COL6A2( );COL17A1( );VWA5B1(VIT);HSPD1( );HSPA8( );NENF( );TNXA( );KITLG( );ITIH2( );EEF2( );HSPA9( );DYNC1H1( );VWA8( );DPP7( );PGLYRP2( );FLNA( );CPE( );A1BG( );GANAB( );LGALS3BP( );CLTC( );IDE( );ERAP1( );ITIH5( );MMP11( );ACE2( );F13A1( );ACE( );MELTF( );CD109( );APOB( );GLG1( );FLNB( );MMP2( );LIF( );IGHA1(Ig-like 1);C9( );IGHA2(Ig-like 1);C4B( );C4A( );MUC4( );TEK( );HPR( );PRF1( );RAN( );TGFB1( );MANF( );KLK7( );FGF2( );HPX( );C8B( );FLT1( );LTF( );PRLR( );HGFAC( );HP( );INHBA( );CD59( )
COL6A5, cathepsin G  and  cathepsin K ,698,702,0.855,4,MSLI,THBS3( );COL6A5( );HSP90AA1( )
COL6A5, cathepsin K  and  matrix metallopeptidase-3 ,1775,1779,0.77,4,NKTR,COL6A5( );SERPINB5( );RPL35A( );RNASE2( )
COL6A5, granzyme B ({Homo sapiens}-type)  and  cathepsin K ,1768,1775,0.775,7,DVTEESF,COL6A5( )
COL6A5, granzyme B ({Homo sapiens}-type)  and  cathepsin K ,1681,1686,0.835,5,DIGNP,COL6A5( )
COL6A5, cathepsin K  and  matrix metallopeptidase-2 ,1827,1831,1.04,4,QQLS,COL6A5( );NID1( );DYNC1H1( );ITIH5( )
COL6A5, cathepsin K  and  matrix metallopeptidase-2 ,447,452,0.81,5,IDGSS,COL6A5( )
COL6A5, granzyme B ({Homo sapiens}-type)  and  cathepsin K ,603,606,0.81,3,DAL,HMCN2( );FRAS1( );TNC( );COL7A1( );VWF( );HSPG2( );LAMB2( );ABI3BP( );FBN1( );MFAP4( );FGA( );COL6A5( );COL12A1( );LAMB1( );FBLN1( );NID1(Nidogen G2 beta-barrel);COL14A1( );IGFBP7( );COL6A1( );COL6A6( );PCOLCE( );LAMA4( );HSPD1( );TLN1( );HSP90B1( );ITIH4( );CCT6A( );CLCA4( );SERPINB5( );HSP90AA1( );ITIH3( );CCT2( );EEF2( );RPN1(Cytoplasmic);DYNC1H1( );ADH7( );VWA8( );SERPIND1( );PGLYRP2( );LGALS3( );ATP5A1( );PLEC( );COPA( );CASP14( );PYCARD( );ANXA2P2( );DMKN( );ANXA2( );GANAB( );LGALS3BP( );IL1A( );APOA1( );CLTC( );ACTN4( );ERAP1( );ITIH5( );ALCAM( );MMP28( );SERPING1( );CLU( );CLEC3B( );ACE( );APOB( );AGTR2(Extracellular);C4B( );C4A( );ST14( );IFI30( );PRKDC( );A2ML1( );CASP4( );TG( );SST( );NGFR( );TLR9(TIR);FGFR1( );WNT5A( );PRLR( );PLAU( );IGF1( );ESR2( )
COL6A5, cathepsin K  and  matrix metallopeptidase-7 ,1902,1906,0.775,4,DERV,ANOS1( );COL6A5( );PRKDC( )
COL6A5, cathepsin G  and  cathepsin K ,1899,1902,0.815,3,FAF,FRAS1( );FBN1( );VTN( );COL6A5( );HSP90B1( );CLCA4( );CSPG4( );HSP90AA1( );DAG1( );KITLG( );HNRNPU( );SERPIND1( );FAM3C( );SERPINA6( );CPQ( );SERPINA7( );SERPINA1( );SERPINA4( );CPA4( );IL1RN( );SERPINA3( );SLC25A6( );SLC25A5( );CPA3( );RARRES2( );C9( );ANGPT1( );IL17C( );AFM( );IL33( );PRKDC( )
COL6A5, elastase-2  and  cathepsin K ,2008,2011,0.865,3,IAL,FRAS1(Calx-beta 2);FN1( );COL7A1( );ASPN( );SPON1( );LAMA3( );FBLN2( );FBN1( );SPARC( );FMOD( );COL5A1( );MFGE8( );COL6A5( );DMBT1( );COL12A1( );COL6A1( );PCOLCE( );COL17A1(Helical; Signal-anchor for type II);EMCN( );CD34( );TNF(Extracellular);CLCA4( );CSPG4( );ENDOD1( );DAG1( );PMEL( );GAPDH( );RPN1( );PZP( );DYNC1H1( );DSC2( );VWA8( );PFKP( );SERPINI1( );LGALS3( );FLNA( );PLEC( );COPA( );GPI( );RNPEP( );S100A12( );IL2( );A2M( );CLTC( );ERAP1( );PON1( );NUCB2( );GHR( );HLA-C( );C2( );ACE( );APOB( );FLNB( );AGTR2( );C4B( );C4A( );MUC4( );ST14( );PROS1( );C1R( );TLL1( );CELA1( );KLKB1( );TPSD1( );TG( );P3H1( );TPSB2( );CFI( );LTF( );PLG( );NELL2( );PLAU( );CFHR1( );IGF2-AS( );F2( );C1S( );EGFR( );HP( );TPSAB1( );PLAT( );CFH( )
COL6A5, cathepsin K  and  matrix metallopeptidase-2 ,935,940,0.775,5,NDTAL,COL6A5( )
COL6A5, cathepsin K  and  matrix metallopeptidase-9 ,935,940,0.985,5,NDTAL,COL6A5( )
COL6A5, cathepsin K  and  matrix metallopeptidase-3 ,935,940,0.77,5,NDTAL,COL6A5( )
COL6A5, cathepsin K  and  matrix metallopeptidase-7 ,935,940,0.8500000000000001,5,NDTAL,COL6A5( )
COL6A5, granzyme B ({Homo sapiens}-type)  and  cathepsin K ,932,935,0.8600000000000001,3,DQL,LAMC2( );LAMA5( );LAMA3( );ABI3BP( );LAMC1( );THBS1(TSP type-3 5);VCAN( );POSTN( );TGFBI( );COL6A5( );COL6A1( );LAMB3( );LAMA4( );APOA4( );HADHA( );MYH9( );VCL( );CHGA( );CSPG4( );PDCD6IP( );NAXE( );GBP1( );HSPA9( );DYNC1H1( );ADH7( );VWA8( );SERPIND1( );PGLYRP2( );AGT( );SNCA( );C3( );PLEC( );MIF( );ANXA2P2( );ACTN2(Spectrin 3);CLTC( );ACTN4(Spectrin 3);SERPINE1( );CALM1( );C5( );ACTN1(Spectrin 3);NUCB2( );CHGB( );GHR( );CLEC3B( );ACE( );SLTM( );ANGPT2( );APOB( );IL19( );MUC4( );ACPP( );HBEGF( );C1R( );ADAMTSL5( );PRKDC( );IL10( );CALU( );TPSD1( );TIMP1( );TPSB2( );NRP1( );WFDC5( );TIMP3( );TPSAB1( )
COL6A5, cathepsin K  and  cathepsin K ,2199,2203,0.795,4,QEDF,THBS2(TSP type-3 2);COL6A5( );RNPEP( );VEGFC( )
COL6A5, cathepsin K  and  cathepsin K ,2196,2199,0.795,3,TEL,HMCN2( );FRAS1( );TNXB( );FN1( );TNC( );COL7A1( );LAMC2( );ANOS1( );ABI3BP( );FGB( );SPARC( );VCAN( );COL6A3( );PRELP(LRR 2);DCN( );COL6A5(VWFA 8);COL12A1( );NID1( );LAMA2( );COL14A1( );IGFBP7( );COL6A6(VWFA 8);EMILIN1( );COL6A2( );COL17A1( );LAD1( );S100A13( );H3F3A( );APOA4( );CKAP4( );HIST2H3A;( );MYH9( );TLN1( );CD34(Cytoplasmic);PDCD6IP( );HSP90AA1( );GBP1( );APOA2( );DYNC1H1( );SOGA1( );SFN( );DPP7( );PGLYRP2( );AGT( );C3( );HIST1H3A( );ATP5A1( );PLEC( );KDR( );KARS( );GGH( );IL2( );LRPAP1( );CLTC( );MYDGF( );SERPINA4( );MMP28( );PIP( );MMP11( );CASP1( );MMP19(Poly-Glu);HLA-C( );CXCL1( );MMP10( );APOB( );GLG1( );S100A8( );MUC4( );ACPP( );IL4( );PRKDC( );HPX(Hemopexin 7);TG( );FLT1( );P3H1( );IL4R( );TLR9(LRR 17);PLG( );NTF3( );SPINK5( );FST( )
COL6A5, matrix metallopeptidase-7  and  cathepsin K ,2193,2199,0.8,6,QFVTEL,COL6A5( )
COL6A5, matrix metallopeptidase-7  and  cathepsin K ,2194,2199,0.775,5,FVTEL,COL6A5( )
COL6A5, elastase-2  and  cathepsin K ,2195,2199,0.9500000000000001,4,VTEL,COL6A5( );TLN1( );PDCD6IP( );GBP1( );APOB( );PRKDC( );P3H1( )
COL6A5, elastase-2  and  cathepsin K ,2192,2199,0.8200000000000001,7,FQFVTEL,COL6A5( )
COL6A5, cathepsin K  and  cathepsin G ,2199,2203,0.8400000000000001,4,QEDF,THBS2(TSP type-3 2);COL6A5( );RNPEP( );VEGFC( )
COL6A5, cathepsin K  and  matrix metallopeptidase-2 ,539,546,0.915,7,RMSKVPC,COL6A5( )
COL6A5, cathepsin K  and  matrix metallopeptidase-9 ,539,546,0.99,7,RMSKVPC,COL6A5( )
COL6A5, cathepsin K  and  matrix metallopeptidase-3 ,539,546,0.76,7,RMSKVPC,COL6A5( )
COL6A5, elastase-2  and  cathepsin K ,532,539,0.865,7,IKNGMKD,COL6A5( )
COL6A5, cathepsin K  and  cathepsin G ,539,546,0.795,7,RMSKVPC,COL6A5( )
COL6A5, cathepsin G  and  cathepsin K ,536,539,0.785,3,MKD,HMCN2( );FRAS1( );ADIPOQ( );VWF( );LAMC1( );COL6A5( );COL4A2( );COL6A6( );LAMB3( );MYH9( );HSP90B1( );PDCD6IP( );HSP90AA1( );DYNC1H1( );SOGA1( );CALR( );GANAB( );ALCAM( );CALM1( );CLU( );SLTM( );MMP1( );GLG1( );OLFML1( );IL10( );PAPPA( );CALU(EF-hand 4)
COL6A5, cathepsin K  and  granzyme B ({Homo sapiens}-type) ,2329,2334,0.76,5,TSTLG,COL6A5( )
COL6A5, elastase-2  and  cathepsin K ,2326,2329,0.795,3,TPL,ECM1( );FRAS1( );TNXB( );FN1(Fibronectin type-III 6);TNC( );COL7A1( );HSPG2( );LAMA5( );LAMA3( );LTBP2( );ABI3BP(Pro-rich);FBN1( );COL18A1( );VCAN( );COL6A3( );DCN( );COL6A5( );COL12A1( );OGN( );COL14A1( );COL6A1( );COL15A1( );AIMP1( );HSPA8( );ITIH4( );DAG1( );ITIH3( );SHH( );ITIH2( );IGLV3-19( );APOA2( );HSPA9( );DYNC1H1( );POMC( );SBSN( );SERPINA12( );GPI( );OLFML3( );IGKV2D-40( );GPC1( );APCS( );CTSG( );FGFR3( );ITIH5( );PON1( );MMP11( );C5( );MMP14( );MMP9( );MMP1( );ITIH1( );MMP10( );GSN( );CD109( );IL1RL1( );ILK( );NCAM1( );MMP2( );IGHA1( );IGHA2( );C4B( );C4A( );MUC4( );PROS1( );TGFB1( );PRKDC( );C7( );IGHG3( );A2ML1( );PAPPA( );HPX( );PSAPL1(Saposin A-type 2);TG( );FLT1( );P3H1( );IL4R( );FGFR2( );NTF3( );EGFR( );CGA( );LYNX1( )
COL6A5, cathepsin K  and  cathepsin K ,1503,1506,0.79,3,GQY,HMCN2( );TNC( );FBN2( );HSPG2( );LAMA5( );FGB( );MFAP2( );LUM( );VTN( );TGFBI( );COL6A5( );DPT( );LAMA2( );GPX3( );ITIH4( );CSPG4( );PDCD6IP( );PMEL( );DSG1( );ATP5A1( );EPHB4( );C4B( );C4A( );SEMA3A( );PRKDC( );C7( );FGF2( );TG( );NELL2(VWFC 3)
COL6A5, cathepsin K  and  cathepsin K ,1497,1503,0.79,6,GSRGAP,COL3A1( );COL6A5( )
COL6A5, cathepsin K  and  cathepsin K ,2196,2203,0.79,7,TELQEDF,COL6A5( )
COL6A5, matrix metallopeptidase-7  and  cathepsin K ,2197,2203,0.75,6,ELQEDF,COL6A5( )
COL6A5, cathepsin K  and  elastase-2 ,2203,2209,0.775,6,LGGNGF,COL6A5( )
COL6A5, cathepsin G  and  cathepsin K ,2198,2203,0.8300000000000001,5,LQEDF,COL6A5( )
COL6A5, cathepsin K  and  cathepsin G ,2203,2208,0.775,5,LGGNG,COL6A5( );SOGA1( )
COL6A5, cathepsin K  and  granzyme B ({Homo sapiens}-type) ,203,208,0.78,5,TQIIK,COL6A5( )
COL6A5, cathepsin G  and  cathepsin K ,510,516,0.785,6,FNIKQL,COL6A5( )
COL6A5, cathepsin K  and  cathepsin K ,1491,1497,0.785,6,GSQGSP,COL6A5( );COL6A6( )
COL6A5, cathepsin K  and  cathepsin K ,15,20,0.785,5,ETLAD,COL6A5( )
COL6A5, matrix metallopeptidase-9  and  cathepsin K ,9,15,0.89,6,VLIIWT,COL6A5( )
COL6A5, cathepsin K  and  granzyme B ({Homo sapiens}-type) ,15,19,0.855,4,ETLA,ABI3BP( );COL6A5( );ITIH2( );IL5( );GPC1( )
COL6A5, cathepsin G  and  cathepsin K ,8,15,0.755,7,FVLIIWT,COL6A5( )
COL6A5, cathepsin K  and  matrix metallopeptidase-3 ,2196,2201,0.79,5,TELQE,COL6A5( )
COL6A5, matrix metallopeptidase-7  and  cathepsin K ,2193,2196,0.795,3,QFV,FRAS1( );FN1( );MATN2( );LGI3( );ABI3BP( );COL5A2( );MFGE8( );COL6A5( );COL6A2( );PCOLCE( );CDH1( );TLN1( );TFRC( );RPN1( );DYNC1H1( );SOGA1( );IL1B( );SERPINB2( );TUBA4A( );PPY( );HLA-C( );MMP1( );APOB( );KNG1( );ST14( );PRKDC( );CALU( );WNT5A( );IGF1( );IGF2-AS( );HGFAC( );PSAP( )
COL6A5, cathepsin K  and  granzyme B ({Homo sapiens}-type) ,2196,2201,0.885,5,TELQE,COL6A5( )
COL6A5, granzyme B ({Homo sapiens}-type)  and  cathepsin K ,2190,2196,0.755,6,DGFQFV,COL6A5( )
COL6A5, elastase-2  and  cathepsin K ,2192,2196,0.815,4,FQFV,COL6A5( )
COL6A5, cathepsin K  and  cathepsin G ,2196,2203,0.835,7,TELQEDF,COL6A5( )
COL6A5, cathepsin K  and  cathepsin K ,2463,2470,0.755,7,DHHLVQL,COL6A5( );COL6A6( )
COL6A5, matrix metallopeptidase-7  and  cathepsin K ,2456,2463,0.905,7,ELASHPL,COL6A5( )
COL6A5, cathepsin K  and  matrix metallopeptidase-7 ,2463,2468,0.785,5,DHHLV,COL6A5( );COL6A6( )
COL6A5, cathepsin K  and  elastase-2 ,2463,2467,1.005,4,DHHL,COL6A5( );COL6A6( );C4B( );C4A( )
COL6A5, elastase-2  and  cathepsin K ,2458,2463,0.875,5,ASHPL,COL6A5( );COL6A6( );EPHB4(Protein kinase)
COL6A5, cathepsin G  and  cathepsin K ,698,701,0.8400000000000001,3,MSL,FRAS1( );LUM( );VCAN( );THBS3( );COL6A5( );LAMB1( );COL14A1( );LAMA4( );EMCN( );SCGB1D2( );HYOU1( );NENF( );CD34(Extracellular);CSPG4( );SDCBP( );HSP90AA1( );LBP( );SERPINA5( );ITIH2( );SERPINF2( );ATP5A1( );PLEC( );PI16( );CPQ( );MYDGF( );ACTN4( );ACE2( );MMP9( );SERPINA3( );ITIH1( );GSN( );FLNB( );CST4( );KLK14( );C7( );CD163(SRCR 8);GLA( );TF( );FLT1( );LTF( );ESR2( )
COL6A5, cathepsin K  and  cathepsin K ,1206,1212,0.775,6,QGQPLF,COL6A5( )
COL6A5, cathepsin K  and  matrix metallopeptidase-2 ,1206,1209,0.81,3,QGQ,HMCN2( );FRAS1( );TNXB( );FN1( );TNC( );COL7A1( );FBN2( );COMP( );HSPG2( );LAMA5( );LAMA3( );LTBP2( );MFAP2( );COL2A1( );FBN1( );COL5A2( );THBS2( );VCAN( );PRELP( );COL6A5( );DPT( );COL4A1( );FBLN1( );COL4A5( );LAMA2( );COL14A1( );IGFBP7( );COL16A1( );PCOLCE( );COLQ( );ATP5O( );C1QBP( );YBX1( );SDCBP( );HNRNPU( );IL1B( );EFTUD2( );ATP5A1( );OLFML3( );IL36G( );RNPEP( );DMKN( );CLTC( );MMP9( );MMP1( );GSN( );GLG1( );CTSL( );CTSK( );PAPPA(Sushi 5);TG( );WNT5A( );KLK8( );HGF( );VEGFA( )
COL6A5, matrix metallopeptidase-3  and  cathepsin K ,1199,1206,0.76,7,FDISTHV,COL6A5( )
COL6A5, cathepsin K  and  matrix metallopeptidase-7 ,1206,1209,0.755,3,QGQ,HMCN2( );FRAS1( );TNXB( );FN1( );TNC( );COL7A1( );FBN2( );COMP( );HSPG2( );LAMA5( );LAMA3( );LTBP2( );MFAP2( );COL2A1( );FBN1( );COL5A2( );THBS2( );VCAN( );PRELP( );COL6A5( );DPT( );COL4A1( );FBLN1( );COL4A5( );LAMA2( );COL14A1( );IGFBP7( );COL16A1( );PCOLCE( );COLQ( );ATP5O( );C1QBP( );YBX1( );SDCBP( );HNRNPU( );IL1B( );EFTUD2( );ATP5A1( );OLFML3( );IL36G( );RNPEP( );DMKN( );CLTC( );MMP9( );MMP1( );GSN( );GLG1( );CTSL( );CTSK( );PAPPA(Sushi 5);TG( );WNT5A( );KLK8( );HGF( );VEGFA( )
COL6A5, granzyme B ({Homo sapiens}-type)  and  cathepsin K ,1200,1206,0.835,6,DISTHV,COL6A5( )
COL6A5, elastase-2  and  cathepsin K ,1203,1206,0.79,3,THV,LAMA5( );AEBP1( );COL18A1( );COL6A5( );COL12A1( );COL4A1( );COL14A1( );COL17A1( );TNF( );RPN1( );DYNC1H1( );ADH7( );PI16( );F13A1( );HLA-C( );SERPINA3( );PROCR( );CREG1( );IGHA1( );ADAMTSL5( );KLK7( );CASP4( );ADAMTS17( );F2( )
COL6A5, cathepsin K  and  cathepsin G ,1206,1210,0.825,4,QGQP,FRAS1( );TNXB( );COL7A1( );HSPG2( );PRELP( );COL6A5( );COL4A1( );COL4A5( );COL16A1( )
COL6A5, cathepsin K  and  matrix metallopeptidase-2 ,1754,1758,0.875,4,AYPT,LAMA5( );COL6A5( );DMKN( );CGA( )
COL6A5, cathepsin K  and  matrix metallopeptidase-3 ,1754,1758,0.76,4,AYPT,LAMA5( );COL6A5( );DMKN( );CGA( )
COL6A5, cathepsin K  and  matrix metallopeptidase-7 ,1754,1758,0.8049999999999999,4,AYPT,LAMA5( );COL6A5( );DMKN( );CGA( )
COL6A5, cathepsin K  and  elastase-2 ,1754,1760,0.8,6,AYPTEL,COL6A5(VWFA 8)
COL6A5, cathepsin K  and  elastase-2 ,1754,1757,0.79,3,AYP,HSPG2( );LAMA5( );COL6A5( );NAXE( );LGALS3(2);ATP5A1( );DMKN( );ACE2( );MMP10( );CTSD( );CP( );NCAM1( );LEPROT( );IGHA1( );MUC4( );PROS1( );LOXL1( );KLK14( );CTSK( );PRKDC( );KLK5( );KLK11( );KLK6( );NPY( );C1S( );PYY( );KLK8( );BDNF( );CGA( )
COL6A5, matrix metallopeptidase-2  and  cathepsin K ,1576,1579,0.78,3,GTL,HMCN2( );FRAS1( );TNXB( );COL7A1( );VWF( );HSPG2( );LAMA5( );LTBP2( );LAMB2( );ABI3BP( );LAMC1( );FGA( );THBS1( );COL18A1( );THBS2( );VCAN( );POSTN( );TGFBI( );COL6A5( );COL4A3( );COL4A5( );COL4A6( );EMILIN1( );PCOLCE( );LAMA4( );COL15A1( );VWA5B1( );EMCN( );CDH1( );HSPA8( );TLN1( );ITIH4( );IFNG( );CSPG4( );RPL9( );PDCD6IP( );TNXA( );ENDOD1( );PMEL( );PZP( );IL5( );CANX( );DYNC1H1( );DSC2( );VWA8( );DSG1( );PGLYRP2( );AGT( );ALDOA( );C3( );FLNA( );PLEC( );OLFML3( );CD14( );TUBB( );NUCB1( );TUBB4B( );LEP( );GPC1( );CDSN( );CTSG( );A2M( );ACTN2( );ACTN4( );CASP1( );ACE2( );C5( );ACTN1( );CFD( );CLEC3B( );CMA1( );SLTM( );SLC25A5( );APOB( );FLNB( );ILK( );OLFML1( );HSPB1( );LEPROT( );QPCT( );C4B( );C4A( );MUC4( );TEK( );IGKV3-20( );PRF1( );PRKDC( );TLL1( );CXADR( );CELA1( );KLK7( );KLKB1( );TG( );TLR9( );LTF( );PLG( );CD55( );NRP1( );PRTN3( );CCL27( );MDK( );SPINK5( );PI3( );BDNF( );TIMP3( );PLAUR( )
COL6A5, cathepsin K  and  matrix metallopeptidase-2 ,1579,1582,0.765,3,GAE,HMCN2( );FRAS1( );ADIPOQ( );TNC( );LAMA5( );AEBP1( );LAMB2( );FBLN2( );COL1A1( );COL2A1( );COL5A2( );FGA( );SPARC( );COL18A1( );THBS2( );VCAN( );COL5A1( );COL6A5(Collagen-like 4);COL4A4( );COL4A1( );NID1( );COL4A5( );COL4A6( );IGFBP7( );COL16A1( );LAMB3( );CTHRC1( );COL15A1( );SERPINF1( );HYOU1( );AIMP1( );HSPA8( );MYH9( );YBX1( );TLN1( );CHGA( );TNF( );APOE(5);CSPG4( );ENDOD1( );HSPH1( );GAPDH( );POMC( );PLEC( );COPA( );EPHB4( );CPE( );PI16( );PYCARD( );MYL6( );TUBB( );TUBB4B( );CTSG( );ACTN2( );CLTC( );MYDGF( );ACTN4( );CASP1( );MMP14( );ACTN1( );GHR( );AHSG( );ITIH1( );SLC25A5( );CRTAP( );GLG1( );C9( );IGHV1-46( );C4B( );C4A( );MUC4( );PTN( );IGHV1-2( );TLL1( );A2ML1( );ADAMTS17( );CALU( );EFNA3( );FGFR2( );IGF1( );EGFR( );TIMP3( );PLAT( );EDN1( );HGF( )
COL6A5, cathepsin K  and  matrix metallopeptidase-9 ,1579,1582,0.81,3,GAE,HMCN2( );FRAS1( );ADIPOQ( );TNC( );LAMA5( );AEBP1( );LAMB2( );FBLN2( );COL1A1( );COL2A1( );COL5A2( );FGA( );SPARC( );COL18A1( );THBS2( );VCAN( );COL5A1( );COL6A5(Collagen-like 4);COL4A4( );COL4A1( );NID1( );COL4A5( );COL4A6( );IGFBP7( );COL16A1( );LAMB3( );CTHRC1( );COL15A1( );SERPINF1( );HYOU1( );AIMP1( );HSPA8( );MYH9( );YBX1( );TLN1( );CHGA( );TNF( );APOE(5);CSPG4( );ENDOD1( );HSPH1( );GAPDH( );POMC( );PLEC( );COPA( );EPHB4( );CPE( );PI16( );PYCARD( );MYL6( );TUBB( );TUBB4B( );CTSG( );ACTN2( );CLTC( );MYDGF( );ACTN4( );CASP1( );MMP14( );ACTN1( );GHR( );AHSG( );ITIH1( );SLC25A5( );CRTAP( );GLG1( );C9( );IGHV1-46( );C4B( );C4A( );MUC4( );PTN( );IGHV1-2( );TLL1( );A2ML1( );ADAMTS17( );CALU( );EFNA3( );FGFR2( );IGF1( );EGFR( );TIMP3( );PLAT( );EDN1( );HGF( )
COL6A5, cathepsin K  and  matrix metallopeptidase-7 ,1579,1582,0.765,3,GAE,HMCN2( );FRAS1( );ADIPOQ( );TNC( );LAMA5( );AEBP1( );LAMB2( );FBLN2( );COL1A1( );COL2A1( );COL5A2( );FGA( );SPARC( );COL18A1( );THBS2( );VCAN( );COL5A1( );COL6A5(Collagen-like 4);COL4A4( );COL4A1( );NID1( );COL4A5( );COL4A6( );IGFBP7( );COL16A1( );LAMB3( );CTHRC1( );COL15A1( );SERPINF1( );HYOU1( );AIMP1( );HSPA8( );MYH9( );YBX1( );TLN1( );CHGA( );TNF( );APOE(5);CSPG4( );ENDOD1( );HSPH1( );GAPDH( );POMC( );PLEC( );COPA( );EPHB4( );CPE( );PI16( );PYCARD( );MYL6( );TUBB( );TUBB4B( );CTSG( );ACTN2( );CLTC( );MYDGF( );ACTN4( );CASP1( );MMP14( );ACTN1( );GHR( );AHSG( );ITIH1( );SLC25A5( );CRTAP( );GLG1( );C9( );IGHV1-46( );C4B( );C4A( );MUC4( );PTN( );IGHV1-2( );TLL1( );A2ML1( );ADAMTS17( );CALU( );EFNA3( );FGFR2( );IGF1( );EGFR( );TIMP3( );PLAT( );EDN1( );HGF( )
COL6A5, cathepsin K  and  matrix metallopeptidase-2 ,1264,1270,0.8049999999999999,6,QKAVFD,COL6A5( )
COL6A5, matrix metallopeptidase-9  and  cathepsin K ,1259,1264,0.835,5,KFQIY,COL6A5( )
COL6A5, matrix metallopeptidase-3  and  cathepsin K ,1259,1264,0.93,5,KFQIY,COL6A5( )
COL6A5, cathepsin K  and  granzyme B ({Homo sapiens}-type) ,1264,1269,0.835,5,QKAVF,COL6A5( )
COL6A5, matrix metallopeptidase-9  and  cathepsin K ,2084,2088,0.78,4,VVSA,COL6A5( );ATP5O( );VCL( );ATP5A1( );COPA( );EPHB4( );SLTM( );PRKDC( );NGFR( );IL4R( );HGFAC( );PRSS1( )
COL6A5, cathepsin G  and  cathepsin K ,2083,2088,0.885,5,FVVSA,COL6A5( )
COL6A5, cathepsin K  and  matrix metallopeptidase-2 ,20,26,0.77,6,QSPGPG,COL6A5( )
COL6A5, cathepsin K  and  matrix metallopeptidase-3 ,20,26,0.8500000000000001,6,QSPGPG,COL6A5( )
COL6A5, cathepsin K  and  elastase-2 ,20,27,0.75,7,QSPGPGP,COL6A5( )
COL6A5, cathepsin K  and  cathepsin K ,1804,1807,0.74,3,VSY,HMCN2( );FRAS1( );TNXB( );COL7A1( );LAMC2( );VWF( );LAMA5( );AEBP1( );ABI3BP( );FBLN2( );THBS4( );VCAN( );COL6A5( );LAMA2( );PCOLCE( );COL17A1( );CD34( );ITIH4( );TNF( );TNXA( );EEF2( );VWA8( );FLNA( );EPHB4( );RNPEP( );CPQ( );IL1A( );CDSN( );CTSG( );A2M( );ERAP1( );ITIH5( );C5( );PLSCR1( );CMA1( );SLC25A6( );CRTAP( );GLG1( );FLNB( );MUC4( );GBA( );SEMA3A( );C8B( );FLT1( );NELL2( )
COL6A5, cathepsin K  and  matrix metallopeptidase-2 ,1807,1812,0.76,5,NSGTS,COL6A5( )
COL6A5, matrix metallopeptidase-9  and  cathepsin K ,1804,1807,0.81,3,VSY,HMCN2( );FRAS1( );TNXB( );COL7A1( );LAMC2( );VWF( );LAMA5( );AEBP1( );ABI3BP( );FBLN2( );THBS4( );VCAN( );COL6A5( );LAMA2( );PCOLCE( );COL17A1( );CD34( );ITIH4( );TNF( );TNXA( );EEF2( );VWA8( );FLNA( );EPHB4( );RNPEP( );CPQ( );IL1A( );CDSN( );CTSG( );A2M( );ERAP1( );ITIH5( );C5( );PLSCR1( );CMA1( );SLC25A6( );CRTAP( );GLG1( );FLNB( );MUC4( );GBA( );SEMA3A( );C8B( );FLT1( );NELL2( )
COL6A5, matrix metallopeptidase-3  and  cathepsin K ,1803,1807,0.8049999999999999,4,MVSY,COL6A5( );FLT1( )
COL6A5, cathepsin K  and  elastase-2 ,1807,1814,0.755,7,NSGTSYL,COL6A5( )
COL6A5, cathepsin K  and  matrix metallopeptidase-2 ,1277,1281,0.8200000000000001,4,SGPT,FRAS1( );COMP( );COL5A1( );COL6A5( );HSPA8( );NAXE( );HNRNPU( );IGHM( );IL1RN( );TG( );PLG( )
COL6A5, matrix metallopeptidase-2  and  cathepsin K ,1270,1277,0.8,7,SLLQVNV,COL6A5( )
COL6A5, cathepsin K  and  elastase-2 ,1277,1280,0.86,3,SGP,HMCN2( );FRAS1( );TNXB( );FN1( );COL7A1( );COMP( );HSPG2( );LTBP4( );LAMA5( );CTGF( );LAMA3( );LAMB2( );ABI3BP( );EFEMP1( );COL1A2( );COL1A1( );COL2A1( );FBN1( );MFAP4( );COL5A2( );FGA( );THBS1( );LTBP2( );THBS2( );VCAN( );THBS3( );FBLN5( );COL3A1( );COL5A1( );COL6A3( );COL6A5( );COL4A4( );DMBT1( );COL12A1( );COL4A1( );COL4A3( );COL4A5( );COL4A6( );COL14A1(Fibronectin type-III 7);COL6A1( );COL4A2( );COL16A1( );COL6A6( );LAMB3( );COL6A2( );CTHRC1( );COL15A1( );COL17A1( );HSPA8( );TLN1( );CD34( );CSPG4( );SHH( );EEF2( );SERPINF2( );NAXE( );GPC2( );PZP( );HNRNPU( );HSPA9( );DSG1( );PGLYRP2( );IL1B( );LGALS3( );C3( );FLNA( );OLFML3( );PI16(Extracellular);CKLF( );TTR( );MMP8( );TUBB( );NUCB1( );TUBB4B( );LGALS3BP( );CDSN( );ACTN2( );IDE( );ITIH5( );IGHM( );MMP19( );IL1RN( );PLSCR1( );NUCB2( );HNRNPK( );SLTM( );MMP1( );CD109( );FLNB( );CTSD( );OLFML1( );ACTG1( );MUC4( );CTSL( );POTEKP( );KLK10( );TLL1( );CRIP2( );A2ML1( );FGFR4( );CD163( );C8B( );PSAPL1( );TG( );FLT1( );CD5L( );CXCL8( );ADM2( );PLG( );CD55( );NRP1( );HGFAC( );HGF( )
COL6A5, cathepsin K  and  matrix metallopeptidase-2 ,2484,2489,0.76,5,VKPFV,COL6A5(VWFA 10);HYOU1( )
COL6A5, cathepsin K  and  matrix metallopeptidase-3 ,2484,2490,0.76,6,VKPFVH,COL6A5(VWFA 10)
COL6A5, cathepsin K  and  elastase-2 ,2484,2488,0.865,4,VKPF,COL6A5(VWFA 10);HYOU1( );IL36G( )
COL6A5, elastase-2  and  cathepsin K ,2481,2484,0.785,3,IKF,LAMA5( );CTGF( );LAMA3( );POSTN( );COL6A5( );LAMB1( );HSPA5( );P4HB( );RAB8A( );DSG1( );FLNA( );PLEC( );OLFML3( );IDE( );ERAP1( );SERPINA4( );CPA4( );APOB( );FLNB( );MMP2( );TEK(Protein kinase);RAN( );MANF( );CD163( );CALU( );EFNA3( );NRP1( );VEGFC( )
COL6A5, cathepsin K  and  cathepsin G ,2484,2487,0.79,3,VKP,HMCN2( );ELN( );LTBP4( );AEBP1( );ABI3BP( );FBLN2( );FGB( );COL6A3( );COL6A5(VWFA 10);COL12A1(Fibronectin type-III 18);COL15A1( );COL17A1(Extracellular);HYOU1( );MYH9( );CSTA( );CANX( );DYNC1H1( );ADH7( );DSC2( );MAP2K2( );DSG1( );PGLYRP2( );LGALS3( );IL36G( );CDSN( );CLTC( );IDE( );ITIH1( );CPA3( );LEPROT( );TEK( );IL13RA2( );CXADR(Ig-like C2-type 2);A2ML1( );CD8B( );FLT1(Ig-like C2-type 5);ADM2( );IL4R( );APOH( );RNASE2( );CFB( );CFHR3(Sushi 1);LOX( );KLK8( )
COL6A5, cathepsin G  and  cathepsin K ,2479,2484,0.76,5,YIIKF,COL6A5( )
COL6A5, cathepsin K  and  matrix metallopeptidase-3 ,1187,1194,0.74,7,GKTNCFM,COL6A5( )
COL6A5, cathepsin K  and  cathepsin K ,1207,1212,0.755,5,GQPLF,COL6A5( )
COL6A5, matrix metallopeptidase-2  and  cathepsin K ,1209,1212,0.8049999999999999,3,PLF,FRAS1( );COL7A1( );VWF( );ANOS1( );LTBP4( );FBN1( );COL5A1( );COL6A3( );COL6A5( );LAMA4( );COLQ( );SCGB1D2( );SERPINF2( );NAXE( );RPN1( );IL18( );HNRNPU( );DYNC1H1( );ADH7( );DSC2( );COPA( );GANAB( );IDE( );SERPINA1( );ACE2( );MMP19( );C5( );CTSV( );IGLV3-1( );GSN( );APOB( );MUC4( );CTSL( );ST14( );PROS1( );IL4( );C1R( );GLA( );TG( );IL4R( );F2( )
COL6A5, matrix metallopeptidase-7  and  cathepsin K ,1209,1212,0.75,3,PLF,FRAS1( );COL7A1( );VWF( );ANOS1( );LTBP4( );FBN1( );COL5A1( );COL6A3( );COL6A5( );LAMA4( );COLQ( );SCGB1D2( );SERPINF2( );NAXE( );RPN1( );IL18( );HNRNPU( );DYNC1H1( );ADH7( );DSC2( );COPA( );GANAB( );IDE( );SERPINA1( );ACE2( );MMP19( );C5( );CTSV( );IGLV3-1( );GSN( );APOB( );MUC4( );CTSL( );ST14( );PROS1( );IL4( );C1R( );GLA( );TG( );IL4R( );F2( )
COL6A5, cathepsin K  and  matrix metallopeptidase-7 ,1212,1216,0.745,4,QGHP,COL6A5( );COL4A2( )
COL6A5, elastase-2  and  cathepsin K ,1205,1212,0.9450000000000001,7,VQGQPLF,COL6A5( )
COL6A5, cathepsin K  and  cathepsin K ,2553,2558,0.75,5,VLGNN,COL6A5( )
COL6A5, matrix metallopeptidase-7  and  cathepsin K ,2553,2558,0.74,5,VLGNN,COL6A5( )
COL6A5, matrix metallopeptidase-7  and  cathepsin K ,514,517,0.8,3,QLT,HMCN2( );FN1( );LAMC2( );FBN2( );HSPG2( );ANOS1( );LAMA3( );ABI3BP( );FGB( );COL1A1( );LUM( );THBS3( );COL6A3( );KERA( );COL6A5( );COL12A1( );LAMA2( );COL16A1( );COLQ( );COL15A1( );FGG( );HSPA5( );APOA4(5);MYH9(IQ);VCL( );TLN1( );APOE(1);RPL11( );SERPINF2( );GBP1( );PZP( );APOA2( );DYNC1H1( );SERPIND1( );C3( );PLEC(Plectin 11);COPA( );EPHB4(Eph LBD);TUBB( );KDR(Ig-like C2-type 6);TUBB4B( );A2M( );FGFR3( );SERPINA1( );SERPINE1( );CALM1( );ITIH1( );ANGPT2( );CD109( );APOB( );NCAM1( );IGHA1( );IGHA2( );ACPP( );KLK13( );SPINT1( );A2ML1( );CD8B( );CALU( );NRP1( );TIMP3( )
COL6A5, cathepsin G  and  cathepsin K ,510,517,0.775,7,FNIKQLT,COL6A5( )
COL6A5, matrix metallopeptidase-9  and  cathepsin K ,2068,2071,0.735,3,NLF,COL6A3( );MFGE8( );COL6A5( );LAMB1( );LAMA2( );VWA5B1( );ITIH3( );TFRC( );LBP( );DYNC1H1( );DSC2( );PFKP( );SERPIND1( );FAM3C( );COPA( );CASP14( );PI16( );SERPINB2( );MMP8( );KARS( );GANAB( );IL1A( );CLTC( );MMP28( );C2( );MMP10( );APOB( );OLFML1( );CP( );MMP2( );LEPROT( );TEK( );HPR( );IL13RA2( );PRKDC( );C8B( );TG( );CFB( );HP( );TNFRSF1A( )
COL6A5, cathepsin K  and  cathepsin G ,2071,2075,0.92,4,PETP,COL7A1(Fibronectin type-III 4);LAMA3( );LAMB2( );COL6A5( );COL12A1( );COL6A1( );PLEC( )
COL6A5, cathepsin K  and  matrix metallopeptidase-3 ,577,581,0.745,4,GIGA,TGFBI( );COL6A5( );COL4A4( );COL4A6( );CTHRC1( );NAMPT( )
COL6A5, cathepsin K  and  matrix metallopeptidase-3 ,577,582,0.74,5,GIGAA,COL6A5( )
COL6A5, matrix metallopeptidase-2  and  cathepsin K ,301,308,0.79,7,QIKNLSI,COL6A5( )
COL6A5, matrix metallopeptidase-2  and  cathepsin K ,304,308,0.79,4,NLSI,COL6A5( );GGH( )
COL6A5, matrix metallopeptidase-9  and  cathepsin K ,304,308,0.77,4,NLSI,COL6A5( );GGH( )
COL6A5, cathepsin K  and  matrix metallopeptidase-3 ,308,311,0.765,3,QVG,HMCN2( );COL7A1( );VWF( );COMP( );LAMA3( );FBLN2( );THBS4( );COL5A2( );THBS3( );COL5A1( );COL6A3( );VTN( );COL6A5( );COL12A1( );COL4A3( );COL4A6( );COL14A1( );TLN1( );SERPINB5( );CSPG4( );DYNC1H1( );SOGA1( );PFKP( );IGLL5( );SBSN( );SERPINA12( );C3( );COPA( );TREM1( );CDSN( );CLTC( );ITIH5( );IGHM( );CPA4( );MMP9( );C2( );C1QC( );FLNB(Filamin 2);C4B( );C4A( );PRKDC( );PAPPA( );TG( );NELL2( );PLAU( );CFB( )
COL6A5, cathepsin G  and  cathepsin K ,1146,1152,0.825,6,YKEHLL,COL6A5( )
COL6A5, matrix metallopeptidase-9  and  cathepsin K ,779,783,0.735,4,SLVF,COL6A3( );COL6A5( );PZP( );TREM1( );A2M( );LEPROT(Helical);PRKDC( );C1S( )
COL6A5, granzyme B ({Homo sapiens}-type)  and  cathepsin K ,777,783,0.9,6,DSSLVF,COL6A3( );COL6A5( )
COL6A5, cathepsin G  and  cathepsin K ,780,783,0.815,3,LVF,FRAS1( );TNXB( );VWF( );HSPG2( );MATN2( );LAMA5( );LAMA3( );THBS2( );COL6A3( );PRELP( );COL6A5( );COL12A1( );COL14A1( );COL6A6( );SPX( );HSPA5( );CDH1( );SERPINA5( );ITIH2( );PZP( );DYNC1H1( );VWA8( );DPP7( );TREM1( );FKBP1A( );PRDX4( );TTR( );A2M( );ACTN2( );CLTC( );FGFR3( );TUBA4A( );SERPINE1( );PPY( );CASP1( );SERPING1( );PPT1( );CD109( );SERPINC1( );CP( );LEPROT(Helical);GNLY( );ACPP( );RAN( );CD40(Helical);C1R( );AFM( );PRKDC( );A2ML1( );ANG( );TG( );NGFR( );IL4R( );LTF( );C1S( )
COL6A5, cathepsin K  and  cathepsin G ,783,787,0.745,4,HVEN,LAMC1( );COL6A5( )
COL6A5, cathepsin K  and  matrix metallopeptidase-9 ,173,176,0.79,3,SEE,TNXB( );FN1( );TNC( );FBN2( );VWF( );HSPG2( );LTBP4( );LAMA3( );FBLN2( );MFAP2(Gln/Glu-rich);FBN1( );EFEMP2( );LTBP2( );COL18A1(Laminin G-like);VCAN( );POSTN( );COL6A3( );VTN( );COL6A5( );COL4A4( );IGFBP3( );LAMB1( );LAMA2( );COL14A1( );COL6A6( );SPP1( );EMILIN1( );CKAP4( );ATP5B( );MYH9( );VCL( );TLN1( );CLCA4( );CSPG4( );TNXA( );SHH( );ITIH2( );EEF2( );HSPH1( );P4HB( );DYNC1H1( );SOGA1( );SFN( );VWA8( );IL6( );PFKP( );IGLL5( );SNCA( );ALDOA( );C3( );PLEC( );CASP14( );RNPEP( );KDR( );KARS( );GGH( );IGLC7( );IL1A( );A2M( );CLTC( );ERAP1( );IGLC1( );IGLC6( );IGHM( );CALM1( );C5( );CTSV( );CHGB( );SLTM( );MMP1( );PPT1( );ANGPT2( );GSN( );APOB( );OLFML1( );NCAM1( );IGHA1( );TNFSF10( );IGHA2( );CRH( );MUC4( );KNG1( );CTSL( );CTSK( );ACPP( );AFM( );PRKDC( );CXADR( );A2ML1( );FGFR4( );CD163( );PAPPA( );IGLC3( );IGLC3( );TG( );P3H1( );TIMP1( );FGFR1( );LTF( );PLG( );NELL2( );PRLR( );IL25( );CFB( );SPINK5( );WFDC5( );VEGFC( );PSAP( );EDN1( );CFH( );PLAUR( )
COL6A5, cathepsin K  and  matrix metallopeptidase-9 ,173,179,0.75,6,SEENLK,COL6A5( );COL6A6( )
COL6A5, cathepsin K  and  matrix metallopeptidase-7 ,173,179,0.755,6,SEENLK,COL6A5( );COL6A6( )
COL6A5, granzyme B ({Homo sapiens}-type)  and  cathepsin K ,1652,1657,0.8049999999999999,5,DSGIP,LUM( );COL6A5( )
COL6A5, cathepsin K  and  cathepsin K ,637,640,0.755,3,WSI,HMCN2( );COL6A5( );COL12A1( );COL14A1( );NAMPT( );SERPINB2( );GANAB( );CD109( );IL13RA2( );PRKDC( );FGFR1( )
COL6A5, cathepsin K  and  matrix metallopeptidase-9 ,640,646,0.815,6,GNENFR,COL6A5( )
COL6A5, granzyme B ({Homo sapiens}-type)  and  cathepsin K ,634,640,0.875,6,DSSWSI,COL6A5( )
COL6A5, cathepsin K  and  cathepsin K ,2577,2582,0.74,5,STEKL,COL6A5( )
COL6A5, cathepsin K  and  cathepsin K ,2570,2577,0.735,7,QKLYLLF,COL6A5( )
COL6A5, matrix metallopeptidase-9  and  cathepsin K ,631,637,0.765,6,FLVDSS,COL6A3( );COL6A5( );COL6A6( )
COL6A5, matrix metallopeptidase-7  and  cathepsin K ,631,637,0.875,6,FLVDSS,COL6A3( );COL6A5( );COL6A6( )
COL6A5, granzyme B ({Homo sapiens}-type)  and  cathepsin K ,634,637,0.87,3,DSS,ECM1( );FRAS1( );FN1( );NOV( );VWF( );COMP( );HSPG2(EGF-like 3);MATN2( );LTBP4( );LGI3( );AEBP1( );LAMA3( );FGB( );THBS4( );SPARC( );LTBP2( );VCAN( );COL3A1( );COL6A3( );COL6A5( );COL12A1( );FBLN1( );NID1( );LAMA2( );COL6A1( );COL6A6( );LAMB3( );COL6A2( );LAMA4( );FGG( );LAD1( );ITIH4( );CHGA( );SDCBP( );DAG1( );KITLG( );LBP( );PMEL( );IGLV3-19( );HSPA9( );DYNC1H1( );SOGA1( );DSG1( );IGLV3-21( );OLFML3( );CPE( );FKBP1A( );LGALS3BP( );IL1A( );GPC1( );CDSN(Ser-rich);SERPINA7( );ITIH5( );SERPINE1( );HMGB2( );C5( );IGLV3-1( );CHGB( );AHSG( );ADM( );HNRNPK( );MELTF( );CD109( );APOB( );FLNB( );NCAM1( );C4A( );MUC4( );ST14( );IL33( );PRKDC( );KLK5( );PAPPA( );TF( );IGLC3( );IGLC3( );FLT1( );GRP( );TAC1( );TLR9( );FGFR1( );PLG( );IL25( );CFB( );F2( );ESR2( );PLAT( )
COL6A5, cathepsin G  and  cathepsin K ,631,637,0.945,6,FLVDSS,COL6A3( );COL6A5( );COL6A6( )
COL6A5, cathepsin G  and  cathepsin K ,632,637,0.775,5,LVDSS,COL6A3( );COL6A5( );COL6A6( )
COL6A5, matrix metallopeptidase-2  and  cathepsin K ,1831,1835,1.0150000000000001,4,QIKY,COL6A5( );C5( )
COL6A5, matrix metallopeptidase-7  and  cathepsin K ,1828,1835,0.74,7,QLSQIKY,COL6A5( )
COL6A5, elastase-2  and  cathepsin K ,2259,2262,1.045,3,ASL,HMCN2( );FRAS1( );LAMC2( );HSPG2( );LAMA5( );LAMA3( );ABI3BP( );LAMC1( );THBS4( );THBS1( );COL18A1( );VCAN( );FMOD( );TGFBI( );DCN( );COL6A5( );DMBT1( );FBLN1( );COL4A3( );NID1( );COL6A1( );LAMB3( );PCOLCE( );LRG1(LRR 8);COL17A1( );VWA5B1( );SPX( );HSPD1( );APOA4(6);CKAP4( );CDH1( );ATP5B( );HADHA( );MYH9( );TLN1( );CHGA( );CCT6A( );CSPG4( );SDCBP( );TNFSF12( );PDCD6IP( );CCT2( );LBP( );SERPINA5( );PMEL( );IGLV3-19( );GPC2( );PZP( );HSPA9( );DYNC1H1( );SFN( );VWA8( );IL6( );PGLYRP2( );FAM3C( );AGT( );IGLV1-47( );C3( );FLNA( );PLEC( );COPA( );OLFML3( );EPHB4( );KDR( );CPQ( );GANAB( );GGH( );LGALS3BP( );SOD3( );A2M( );ACTN2( );MYDGF( );TUBA4A( );ERAP1( );SERPINA1( );ITIH5( );WDR1( );ACE2( );F13A1( );SERPING1( );MMP14( );CHGB( );PROCR( );CMA1( );C2( );SLTM( );CD109( );APOB( );FLNB(Filamin 9);ACTG1( );C9( );C4B( );C4A( );TSLP( );MUC4( );ST14( );TEK( );KLK14( );CTSK( );ACPP( );KLK13( );SEMA3A( );POTEKP( );C1R( );IL33( );PRKDC( );CD163( );GLA( );PAPPA( );CASP4( );TG( );FLT1( );IL4R( );TLR9( );PLG( );CD55( );PRTN3( );IGF1( );CCL26( );CTSB( );F2( );ALB( );PYY( );KLK8( );INHBA( );PSAP( )
COL6A5, matrix metallopeptidase-3  and  cathepsin K ,581,587,0.74,6,ANKIEL,COL6A5( )
COL6A5, matrix metallopeptidase-3  and  cathepsin K ,582,587,0.735,5,NKIEL,COL6A5( )
COL6A5, matrix metallopeptidase-9  and  cathepsin K ,409,416,0.76,7,FLKKLQN,COL6A5(VWFA 2)
COL6A5, cathepsin K  and  matrix metallopeptidase-9 ,1986,1989,0.775,3,VSS,HMCN2( );FRAS1( );TNXB( );FN1( );TNC( );FBN2( );VWF( );HSPG2( );ANOS1( );MATN2( );LGI3( );LAMA5( );LAMA3( );EFEMP1( );FBN1( );FGA( );LUM(LRR 9);VCAN( );COL6A3( );KERA(LRR 9);COL6A5( );COL12A1( );IGFBP3( );LAMA2( );COL14A1( );COL16A1( );SPP1( );LAMA4( );APOC1( );CDH1( );AIMP1( );HADHA( );HSPA8( );MYH9( );TLN1( );VIP( );ITIH4( );DAG1( );KITLG( );LBP( );SHH( );IGLV3-19( );GAPDH( );PZP( );DYNC1H1( );SOGA1( );VWA8( );PFKP( );IL1B( );NAMPT( );FLNA( );PLEC( );EPHB4( );IGKV3-15( );FGF3( );MMP8( );GANAB( );LEP( );CDSN( );CTSG( );A2M( );TUBA4A( );ACTN4( );ERAP1( );PON1( );WDR1( );SERPING1( );ACTN1( );MMP9( );ADM( );F2R( );CD109( );APOB( );GLG1( );AGTR2(Cytoplasmic);HSPB1( );NCAM1( );IGHA1( );IGHA2( );C4B( );C4A( );MUC4( );PROS1( );IGKV3-20( );PRF1( );IL17C( );RBP4( );CD40( );AFM( );PRKDC( );CRIP2( );KLK5( );CELA1( );CD163( );C8B( );KLKB1( );PSAPL1( );FLT1( );TPSB2( );NELL2( );NRP1( );RETN( );EGFR( );HRG( );VEGFC( );INHBA( );TPSAB1( );CFH( );DEFB1( )
COL6A5, cathepsin K  and  cathepsin G ,1986,1993,0.815,7,VSSVIDN,COL6A5( )
COL6A5, matrix metallopeptidase-2  and  cathepsin K ,1758,1762,0.855,4,ELVF,COL6A5(VWFA 8);COL6A6(VWFA 8);CLTC( )
COL6A5, matrix metallopeptidase-3  and  cathepsin K ,1758,1762,0.74,4,ELVF,COL6A5(VWFA 8);COL6A6(VWFA 8);CLTC( )
COL6A5, matrix metallopeptidase-7  and  cathepsin K ,1758,1762,0.7849999999999999,4,ELVF,COL6A5(VWFA 8);COL6A6(VWFA 8);CLTC( )
COL6A5, cathepsin K  and  granzyme B ({Homo sapiens}-type) ,1762,1768,0.74,6,ALDNSY,COL6A5( )
COL6A5, elastase-2  and  cathepsin K ,1757,1762,0.77,5,TELVF,COL6A5(VWFA 8);COL6A6(VWFA 8)
COL6A5, matrix metallopeptidase-9  and  cathepsin K ,1886,1893,0.725,7,TMEFSAL,COL6A5( )
COL6A5, elastase-2  and  cathepsin K ,1890,1893,0.73,3,SAL,HMCN2( );FRAS1( );TNXB( );COL7A1( );VWF( );ANOS1( );LGI3( );LAMA5( );LAMA3( );LAMB2( );ABI3BP( );COL18A1( );VCAN( );POSTN( );FMOD(LRR 6);COL5A1( );COL6A3( );TGFBI( );PRELP( );COL6A5( );DMBT1( );LAMB1( );LAMA2( );COL6A6( );EMILIN1( );COL6A2( );LAMA4( );CTHRC1( );VWA5B1( );LAD1( );APOC1( );SERPINF1( );HYOU1( );CDH1( );ATP5B( );HADHA( );MYH9( );VCL( );TLN1( );VIP( );ITIH4( );PDCD6IP( );ITIH3( );LBP( );ITIH2( );CAPZA1( );GPC2( );GBP1( );RPL12( );HNRNPU( );IL5( );DYNC1H1( );SOGA1( );VWA8( );IL6( );PFKP( );FAM3C( );AGT( );ALDOA( );PLEC( );CALCA( );EPHB4( );CPE( );CD14(LRR 8);RNPEP( );CD8A( );ANXA2P2( );KDR( );ANXA2( );LGALS3BP( );APOA1( );CDSN( );ACTN2( );ERAP1( );SERPINE1( );RAC1( );SERPINA4( );MMP28( );ACE2( );MMP19( );C5( );MMP14( );SERPINA3( );SLTM( );ITIH1( );APOB( );GLG1( );CTSD( );OLFML1( );CPA3( );LIF( );QPCT( );C4B( );C4A( );MUC4( );GBA( );PRF1( );HBEGF(Extracellular);APOD( );PRKDC( );IL10( );CD163( );PAPPA( );HPX( );CASP4( );TG( );LYZ( );IL4R( );TLR9( );NPY( );PRLR( );NRP1( );HGFAC( );ALB( );HRG(Cystatin 1);HP( );PSAP( );TGFA( );PLAT( )
COL6A5, cathepsin K  and  cathepsin G ,1893,1899,0.7849999999999999,6,DISPTV,COL6A5( )
COL6A5, cathepsin K  and  elastase-2 ,63,69,0.755,6,EANKYR,COL6A5( )
COL6A5, granzyme B ({Homo sapiens}-type)  and  cathepsin K ,1913,1916,0.8200000000000001,3,DNT,FRAS1( );LAMC2( );LTBP4( );LTBP2( );LAMC1( );FGA( );VCAN( );THBS3( );COL6A5( );COL12A1( );LAMB1( );NID1( );COL17A1( );LAD1( );HYOU1( );C1QBP( );MYH9( );RPL23( );CLCA4( );IL18( );CALR( );FLNA( );PLEC( );KDR( );GANAB( );IDE( );PIP( );MELTF( );SOD1( );ILK( );OLFML1( );CP( );PROS1( );TGFB1( );PRKDC( );TLL1( );PAPPA( );TF( );FGFR1( );LTF( );WNT5A( );FST( );HGF( )
COL6A5, cathepsin G  and  cathepsin K ,1910,1916,0.765,6,FGFDNT,COL6A5( )
COL6A5, granzyme B ({Homo sapiens}-type)  and  cathepsin K ,1200,1207,0.815,7,DISTHVQ,COL6A5( )
COL6A5, elastase-2  and  cathepsin K ,1203,1207,0.77,4,THVQ,COL6A5( )
COL6A5, cathepsin K  and  cathepsin G ,1207,1210,0.8049999999999999,3,GQP,HMCN2( );FRAS1( );TNXB( );FN1( );COL7A1( );FBN2( );HSPG2( );LAMB2( );COL1A2( );COL1A1( );COL2A1( );FBN1(EGF-like 3);LAMC1( );COL5A2( );COL18A1( );VCAN( );COL3A1( );COL5A1( );COL6A3( );PRELP( );COL6A5( );COL4A4( );IGFBP3( );COL4A1( );COL4A3( );COL4A5( );LAMA2( );COL4A6( );COL14A1( );COL6A1( );COL4A2( );COL16A1( );COL6A6( );EMILIN1( );COL6A2( );LRG1( );COLQ( );COL15A1( );COL17A1( );APOE( );CSPG4( );LGALS7( );TNXA( );PMEL( );GBP1( );C1QB( );HPSE( );IGLL5( );EFTUD2( );LGALS3( );FLNA( );IL36G( );IGLC7( );CLTC( );ITIH5( );IGKV4-1( );ALCAM( );IGLC1( );IGLC6( );MMP11( );IGHM( );CHGB( );IGKV2-30( );ACE( );IGHG4( );APOB( );IGHG1( );MMP2( );IGHG2( );KLK13( );C1R( );PRKDC( );CRIP2( );C7( );SFRP2( );IGHG3( );A2ML1( );KLK7( );FGFR4( );PAPPA( );IGLC3( );IGLC3( );TG( );ADM2( );NELL2( );F2( );HGF( )
COL6A5, cathepsin G  and  cathepsin K ,82,85,0.825,3,FHL,HMCN2( );FRAS1( );HSPG2( );LAMA5( );LAMA3( );VCAN( );COL6A5( );COL6A6( );UCN( );SERPINF2( );AGT( );PLEC( );OLFML3( );A1BG( );IL2( );PPY( );C5( );MMP10( );APOB( );GLG1( );CRH( );C4B( );C4A( );APOD( );TLR9( );CFI( );RNASE7( )
COL6A5, cathepsin G  and  cathepsin K ,79,85,0.75,6,HSEFHL,COL6A5( );COL6A6( )
COL6A5, cathepsin G  and  cathepsin K ,78,85,0.745,7,FHSEFHL,COL6A5( )
COL6A5, cathepsin K  and  matrix metallopeptidase-2 ,188,194,0.73,6,NLRTIR,COL6A5( )
COL6A5, cathepsin K  and  matrix metallopeptidase-7 ,188,194,0.75,6,NLRTIR,COL6A5( )
COL6A5, elastase-2  and  cathepsin K ,182,188,0.9,6,TSHFHF,COL6A5( )
COL6A5, cathepsin G  and  cathepsin K ,185,188,0.755,3,FHF,FRAS1( );LAMA5( );LAMB2( );COL2A1( );VCAN( );COL6A3( );COL6A5( );DMBT1( );LAMB1( );COL6A6( );CSPG4( );LGALS3( );SERPING1( );MUC4( );PLAUR( )
COL6A5, cathepsin K  and  granzyme B ({Homo sapiens}-type) ,470,477,0.75,7,EMFSIGP,COL6A5( )
COL6A5, cathepsin K  and  matrix metallopeptidase-2 ,1223,1230,0.8,7,GILEDIS,COL6A5( )
COL6A5, cathepsin K  and  matrix metallopeptidase-3 ,1223,1227,0.755,4,GILE,COL6A5( );VCL( );SNCA( );C2( );CASP4( );APOH( );ESR2( )
COL6A5, matrix metallopeptidase-7  and  cathepsin K ,1216,1223,0.73,7,QLESYLP,COL6A5( )
COL6A5, cathepsin K  and  granzyme B ({Homo sapiens}-type) ,1223,1227,0.745,4,GILE,COL6A5( );VCL( );SNCA( );C2( );CASP4( );APOH( );ESR2( )
COL6A5, cathepsin K  and  elastase-2 ,1223,1228,0.7949999999999999,5,GILED,COL6A5( );SNCA( )
COL6A5, cathepsin K  and  cathepsin K ,2576,2582,0.735,6,FSTEKL,COL6A5( )
COL6A5, cathepsin K  and  cathepsin K ,2570,2576,0.73,6,QKLYLL,COL6A5( )
COL6A5, matrix metallopeptidase-2  and  cathepsin K ,2550,2553,0.84,3,HLL,HMCN2( );FRAS1( );TNXB( );NOV( );LAMC2( );VWF( );HSPG2( );LAMA3( );FGB( );MFAP4( );FGA( );LTBP2( );COL6A5( );NID1( );LAMA2( );COL16A1( );UCN( );HSPA5( );S100A13( );HYOU1( );MYH9( );CSPG4( );SHH( );SERPINF2( );RPN1( );DYNC1H1( );SOGA1( );DSC2( );VWA8( );PGLYRP2( );LGALS3( );CPE( );CPQ( );IL2( );GPC1( );CLTC( );PPY( );SERPINA4( );WDR1(WD 1);ACE2( );ORM1( );SERPINA3( );ACE( );LCN1( );CD109( );APOB( );GLG1( );AGTR2( );LEPROT( );IGHA1( );ORM2( );QPCT( );IGHA2( );CRH( );C4B( );C4A( );PENK( );IL17C( );KLK10( );IL20( );PRKDC( );SFRP2( );TG( );TAC1( );IL4R( );KLK6( );PRLR( );ESR2( );VEGFC( );PLAT( );HGF( )
COL6A5, cathepsin K  and  matrix metallopeptidase-3 ,2553,2556,0.76,3,VLG,HMCN2( );FRAS1(Calx-beta 5);TNXB( );COL7A1( );HSPG2( );ELN( );LAMA5( );AEBP1(F5/8 type C);LAMA3( );LTBP2( );LAMB2( );FBLN2( );VCAN( );COL6A3( );COL6A5( );DMBT1( );COL12A1( );OGN( );COL14A1( );COL4A2( );LRG1( );VWA5B1( );HSPD1( );HYOU1( );C1QBP( );CDH1( );HADHA( );YBX1(CSD);SDC1(Extracellular);TLN1( );CD34( );HSP90B1( );CLCA4( );IFNG( );CSPG4( );RPL11( );TFRC( );PMEL( );EEF2( );HSPH1( );GPC2( );PZP( );CANX( );DYNC1H1( );SOGA1( );SFN( );DSG1( );PFKP( );IGLL5( );EFTUD2( );CALR( );EPO( );MYL6( );KDR( );GGH( );LGALS3BP( );APCS( );A2M( );NTF4( );SERPINA7( );FGFR3( );IDE( );SERPINA1( );SERPINE1( );PTGDS( );MMP11( );F13A1( );MMP19( );SERPING1( );C5( );CLU( );MMP9( );HLA-C( );PROCR( );ACE( );SLTM( );GSN( );MELTF( );CD109( );APOB( );FLNB( );ILK( );PKM( );RARRES2( );PROS1( );KLK14( );KLK10( );ADAMTSL5( );PRKDC( );RPL30( );A2ML1( );HBB( );FGFR4( );AMBP( );PAPPA( );HPX( );TF( );C8B( );ADAMTS17( );ANG( );TG( );ADM2( );LYZ( );NGF( );FGFR1( );C4BPA( );NELL2( );NTF3( );PRTN3( );SPINK5( );HGFAC( );RETN( );C1S( );EGFR( );KLK8(Peptidase S1);PSAP( );EDN1( );HGF( )
COL6A5, cathepsin K  and  granzyme B ({Homo sapiens}-type) ,2582,2585,0.79,3,AMK,TNC( );COL7A1( );LAMC2( );HSPG2( );COL2A1( );COL6A5( );COL12A1( );HSPD1( );MYH9( );VCL( );TLN1( );ANXA1( );SERPINA5( );ITIH2( );IL18( );DYNC1H1( );ATP5A1( );PLEC( );KARS( );SERPING1( );ACE( );MELTF( );TSLP( );PROS1( );IL20( );PRKDC( );A2ML1( );FGF2( );RNASE7( );FST( );PLAT( )
COL6A5, cathepsin K  and  elastase-2 ,2582,2589,0.835,7,AMKDKEK,COL6A5( )
COL6A5, cathepsin G  and  cathepsin K ,2576,2582,0.72,6,FSTEKL,COL6A5( )
COL6A5, cathepsin K  and  cathepsin K ,151,158,0.725,7,EEASKAL,COL6A5( );COL6A6( )
COL6A5, cathepsin K  and  cathepsin K ,978,985,0.72,7,DKLKDVF,COL6A5( )
COL6A5, cathepsin K  and  matrix metallopeptidase-2 ,978,985,0.735,7,DKLKDVF,COL6A5( )
COL6A5, cathepsin K  and  matrix metallopeptidase-9 ,978,985,0.72,7,DKLKDVF,COL6A5( )
COL6A5, granzyme B ({Homo sapiens}-type)  and  cathepsin K ,975,978,0.815,3,DNF,TNC( );THBS1( );COL6A5( );COL12A1( );OGN( );SDC1( );NGRN( );CLCA4( );PDCD6IP( );EEF2( );GAPDH( );CANX( );SOGA1( );AGT( );CALR( );LGALS3( );PLEC( );GPI( );TUBB( );TUBB4B( );CLTC( );C5( );PLSCR1( );CHGB( );HPR( );CD163( );GLA( );PAPPA( );IGF2-AS( )
COL6A5, cathepsin G  and  cathepsin K ,973,978,0.765,5,YVDNF,COL6A5( )
COL6A5, matrix metallopeptidase-9  and  cathepsin K ,2465,2470,0.725,5,HLVQL,HMCN2( );COL6A5( );COL6A6( )
COL6A5, cathepsin K  and  granzyme B ({Homo sapiens}-type) ,2470,2476,0.765,6,GRTHKP,COL6A5( )
COL6A5, elastase-2  and  cathepsin K ,2467,2470,0.97,3,VQL,HMCN2( );FRAS1( );FN1( );TNC( );VWF( );HSPG2( );ASPN( );ANOS1( );LAMA5( );LAMA3( );ABI3BP( );COL18A1( );COL6A5( );DMBT1( );LAMA2( );COL6A6( );LAMB3( );LAMA4( );UCN( );TLN1( );ITIH4( );CSPG4(CSPG 14);LGALS7( );SDCBP( );PDCD6IP( );KITLG( );LBP( );CAPZA1( );GBP1( );PZP( );CAPZA2( );HPSE( );DYNC1H1( );SOGA1( );VWA8( );C3( );PLEC(Spectrin 3);CDSN( );IGHV3-7( );CTSG( );A2M( );IDE( );MMP28( );IGHV3-13( );CFD( );MMP1( );GSN( );MELTF( );CD109( );IGHV1-46( );C4B( );C4A( );ST14( );TEK( );PROS1( );KLK13( );IGHV1-2( );CELA1( );PAPPA( );TPSD1( );PSAPL1( );TPSB2( );IGHV3-23( );FGFR1( );EFNA1( );NRP1( );PRTN3( );F2( );VEGFD( );HGFAC( );EGFR( );SLURP1( );TPSAB1( )
COL6A5, cathepsin K  and  matrix metallopeptidase-7 ,2033,2038,0.74,5,ITYDN,COL6A5( );C5( )
COL6A5, cathepsin K  and  matrix metallopeptidase-7 ,2033,2039,0.725,6,ITYDNQ,COL6A5( )
COL6A5, cathepsin K  and  granzyme B ({Homo sapiens}-type) ,2033,2036,0.905,3,ITY,FN1( );TNC( );ANOS1( );EFEMP1(EGF-like 1; atypical);COL1A2( );COL1A1( );COL2A1( );LAMC1( );COL5A2( );COL3A1( );COL6A5( );COL12A1( );LAMA2( );CDH1( );ITIH3( );HNRNPU( );DYNC1H1( );FLNA( );PLEC( );SERPINB2( );KARS( );A2M( );RAC1( );CASP1( );WDR1(WD 11);C5( );MMP9( );CD109( );APOB( );FLNB( );CP( );NCAM1( );MMP2( );TSLP( );KNG1( );SFRP2( );APOH( );CD55( );EGFR( );CFH( )
COL6A5, cathepsin K  and  cathepsin G ,985,991,0.715,6,TLVQER,COL6A5(VWFA 5)
COL6A5, cathepsin K  and  matrix metallopeptidase-2 ,2592,2596,0.88,4,EEIS,MFGE8( );COL6A5( );COL6A6( );HSPA5( );HYOU1( );HSPA9( );DYNC1H1( );AHSG( )
COL6A5, cathepsin K  and  matrix metallopeptidase-3 ,2592,2596,0.77,4,EEIS,MFGE8( );COL6A5( );COL6A6( );HSPA5( );HYOU1( );HSPA9( );DYNC1H1( );AHSG( )
COL6A5, cathepsin K  and  matrix metallopeptidase-7 ,2592,2596,0.8,4,EEIS,MFGE8( );COL6A5( );COL6A6( );HSPA5( );HYOU1( );HSPA9( );DYNC1H1( );AHSG( )
COL6A5, granzyme B ({Homo sapiens}-type)  and  cathepsin K ,2585,2592,0.7849999999999999,7,DKEKAHL,COL6A5( )
COL6A5, elastase-2  and  cathepsin K ,2589,2592,0.83,3,AHL,HMCN2( );VWF( );HSPG2( );AEBP1( );FBN1( );VCAN( );KERA(LRR 10);COL6A5( );LAMA4( );COL15A1( );SERPINF1( );ATP5B( );MYH9( );CLCA4( );CSPG4( );TNFSF12( );TFRC( );SHH( );GAPDH( );RPN1( );PZP( );NAMPT( );LGALS3( );PLEC( );RNPEP( );A1BG( );GANAB( );A2M( );CLTC( );SERPINE1( );ACE2( );CFD( );ORM1( );TNFSF15( );ACE( );GSN( );CD109( );APOB( );PKM( );ORM2( );C9( );GNLY( );LOXL1( );SEMA3A( );PRKDC( );HBB( );TG(Type IIIA);P3H1( );TLR9(LRR 1);PRLR( );ESR2( );HRG( );SLURP1( );HGF( );PLAUR( )
COL6A5, cathepsin K  and  cathepsin G ,2592,2597,0.7749999999999999,5,EEISA,COL6A5( );HSPA5( )
COL6A5, cathepsin K  and  matrix metallopeptidase-9 ,560,565,0.8200000000000001,5,VEPAK,COL6A5( )
COL6A5, cathepsin K  and  matrix metallopeptidase-7 ,560,565,0.8200000000000001,5,VEPAK,COL6A5( )
COL6A5, matrix metallopeptidase-2  and  cathepsin K ,2567,2570,0.84,3,DLM,TNXB( );VCAN( );PRELP( );COL6A5( );LAMA2( );COL14A1( );COL17A1( );MYH9( );CSPG4( );CCT2( );GAPDH( );APOA2( );VWA8( );EFTUD2( );C3( );KARS( );TUBA4A( );HNRNPK( );ANGPT2( );GLG1( );TEK( );KLK14( );KLK10( );KLK7( );CD163( );C8B( );KLK8( )
COL6A5, matrix metallopeptidase-9  and  cathepsin K ,2567,2570,0.855,3,DLM,TNXB( );VCAN( );PRELP( );COL6A5( );LAMA2( );COL14A1( );COL17A1( );MYH9( );CSPG4( );CCT2( );GAPDH( );APOA2( );VWA8( );EFTUD2( );C3( );KARS( );TUBA4A( );HNRNPK( );ANGPT2( );GLG1( );TEK( );KLK14( );KLK10( );KLK7( );CD163( );C8B( );KLK8( )
COL6A5, matrix metallopeptidase-7  and  cathepsin K ,2567,2570,0.76,3,DLM,TNXB( );VCAN( );PRELP( );COL6A5( );LAMA2( );COL14A1( );COL17A1( );MYH9( );CSPG4( );CCT2( );GAPDH( );APOA2( );VWA8( );EFTUD2( );C3( );KARS( );TUBA4A( );HNRNPK( );ANGPT2( );GLG1( );TEK( );KLK14( );KLK10( );KLK7( );CD163( );C8B( );KLK8( )
COL6A5, cathepsin K  and  cathepsin G ,2570,2576,0.715,6,QKLYLL,COL6A5( )
COL6A5, cathepsin K  and  cathepsin K ,661,666,0.715,5,GADKT,COL6A5( )
COL6A5, matrix metallopeptidase-2  and  cathepsin K ,1030,1036,0.945,6,DLIDNF,COL6A5( )
COL6A5, matrix metallopeptidase-9  and  cathepsin K ,1030,1036,0.8200000000000001,6,DLIDNF,COL6A5( )
COL6A5, matrix metallopeptidase-3  and  cathepsin K ,1030,1036,0.73,6,DLIDNF,COL6A5( )
COL6A5, granzyme B ({Homo sapiens}-type)  and  cathepsin K ,1030,1036,0.75,6,DLIDNF,COL6A5( )
COL6A5, granzyme B ({Homo sapiens}-type)  and  cathepsin K ,1432,1436,0.875,4,DTGP,COL7A1( );COL1A1( );COL5A2( );COL18A1( );COL3A1( );COL6A5(Collagen-like 2);COL4A1( );COL4A5( );ADAMTSL5( )
COL6A5, elastase-2  and  cathepsin K ,1429,1436,0.855,7,VRGDTGP,COL6A5(Collagen-like 2)
COL6A5, cathepsin K  and  elastase-2 ,1436,1441,0.755,5,QGDKG,COL6A5( );COL4A3( )
COL6A5, cathepsin G  and  cathepsin K ,1408,1415,0.755,7,MKGSQGL,COL6A5( )
COL6A5, cathepsin K  and  matrix metallopeptidase-9 ,666,669,0.8049999999999999,3,QIG,FN1( );NOV( );FBN2( );VWF( );FBN1( );POSTN(FAS1 2);COL5A1( );COL6A5( );COL12A1( );COL4A1( );COL16A1( );COL6A6( );HSPA5( );TLN1( );TNFSF12( );SHH( );HSPA9( );SOGA1( );FLNA( );TUBB( );KDR( );TUBB4B( );SERPINA7( );ALCAM( );F13A1( );SLTM( );TPSB2( );WNT5A( );SPINK5( );HRG( );DEFB4A( );TPSAB1( )
COL6A5, granzyme B ({Homo sapiens}-type)  and  cathepsin K ,663,666,0.7749999999999999,3,DKT,LAMC2( );THBS1( );THBS2( );THBS3( );COL6A5( );LAD1( );APOA4( );MYH9( );TLN1( );HSP90B1( );ITIH4( );CSPG4( );RPL27( );CANX( );DYNC1H1( );SOGA1( );C3( );PI16( );KDR( );SERPINA7( );TUBA4A( );CASP1( );WDR1( );C5( );NUCB2( );TNFSF15( );FLNB( );OLFML1( );IGHG1( );NPC2( );C4B( );C4A( );IGHG2( );AFM( );TLL1( );CRIP2( );A2ML1( );TF( );TLR9( );NGF( );CFI( );KLK6( );F2( );C1S( )
COL6A5, cathepsin K  and  cathepsin G ,666,672,1.0,6,QIGVVQ,COL6A5( );COL6A6( )
COL6A5, matrix metallopeptidase-9  and  cathepsin K ,2098,2103,0.81,5,KMMAL,COL6A5( );HYOU1( )
COL6A5, matrix metallopeptidase-9  and  cathepsin K ,2099,2103,0.75,4,MMAL,COL6A5( );HYOU1( );CDSN( );CLU( )
COL6A5, matrix metallopeptidase-7  and  cathepsin K ,2099,2103,0.72,4,MMAL,COL6A5( );HYOU1( );CDSN( );CLU( )
COL6A5, elastase-2  and  cathepsin K ,2097,2103,0.74,6,VKMMAL,COL6A5( )
COL6A5, cathepsin K  and  cathepsin G ,2103,2109,0.71,6,RAKCQG,COL6A5( );COL6A6( )
COL6A5, matrix metallopeptidase-2  and  cathepsin K ,2312,2319,0.75,7,AFITSVL,COL6A5( )
COL6A5, cathepsin K  and  elastase-2 ,2319,2326,0.75,7,DYFHIAP,COL6A5( )
COL6A5, matrix metallopeptidase-3  and  cathepsin K ,1798,1804,0.735,6,GARVAM,COL6A5( )
COL6A5, elastase-2  and  cathepsin K ,1797,1804,0.85,7,VGARVAM,COL6A5( )
COL6A5, cathepsin K  and  matrix metallopeptidase-2 ,1731,1736,0.715,5,VYSQC,COL6A5( )
COL6A5, matrix metallopeptidase-9  and  cathepsin K ,1725,1731,0.7949999999999999,6,GMAGQP,COL6A5(Collagen-like 6)
COL6A5, cathepsin K  and  matrix metallopeptidase-9 ,1731,1736,0.73,5,VYSQC,COL6A5( )
COL6A5, matrix metallopeptidase-7  and  matrix metallopeptidase-2 ,1828,1831,1.005,3,QLS,HMCN2( );FRAS1( );TNXB( );LAMC2( );VWF( );HSPG2( );ASPN( );LAMA5( );LAMA3( );LTBP2( );COL1A1( );FBN1( );LAMC1( );THBS2( );COL5A1( );KERA( );COL6A5( );LAMB1( );FBLN1( );NID1( );COL6A6( );EMILIN1( );APOA4( );HADHA( );TLN1( );VIP( );CSPG4(CSPG 11);TNXA( );KITLG( );SERPINA5( );PZP( );CAPZA2( );C1QB( );DYNC1H1( );SOGA1( );VWA8( );DSG1( );PGLYRP2( );C3( );PLEC( );A1BG( );MMP8( );KARS( );CTSG( );CLTC( );TUBA4A( );ACTN4( );ITIH5( );SERPING1( );ACTN1( );CFD( );GHR( );MMP9( );SERPINA3( );ACE( );PPT1( );CREG1( );CD109( );APOB( );GLG1(Cys-rich GLG1 12);HSPB1( );NPC2( );C4B( );C4A( );S100A9( );PENK( );AFM( );TGFB1( );PRKDC( );CXADR( );CD8B(Ig-like V-type);PAPPA( );CALU( );TG( );IL4R( );TLR9(LRR 16);FGFR1( );PRTN3( );HGFAC( );ESR2( );CFH( )
COL6A5, matrix metallopeptidase-9  and  matrix metallopeptidase-2 ,1023,1030,0.95,7,TMTTFLS,COL6A5( )
COL6A5, matrix metallopeptidase-2  and  matrix metallopeptidase-3 ,1949,1954,0.9849999999999999,5,ACIRE,COL6A5( )
COL6A5, granzyme B ({Homo sapiens}-type)  and  matrix metallopeptidase-2 ,1943,1949,0.99,6,DKCFPN,COL6A5( )
COL6A5, matrix metallopeptidase-2  and  elastase-2 ,1949,1954,0.945,5,ACIRE,COL6A5( )
COL6A5, matrix metallopeptidase-2  and  matrix metallopeptidase-7 ,236,239,1.0550000000000002,3,DLV,FRAS1( );TNXB( );TNC( );COL7A1( );VWF(VWFA 1; binding site for platelet);MATN2(VWFA 1);LTBP4( );LAMC1( );THBS4( );FGA( );SPARC( );THBS1( );THBS2( );POSTN( );THBS3( );PRELP( );COL6A5(VWFA 2);DMBT1( );COL12A1(VWFA 1);NID1( );COL14A1(VWFA 2);COL6A6(VWFA 4);LAMB3( );EMILIN1( );COL6A2( );LAMA4( );COL15A1( );HSPA5( );VCL( );TLN1( );CSPG4( );PDCD6IP( );HSP90AA1( );CCT2( );KITLG( );SERPINA5( );PMEL( );CSTA( );ITIH2( );SERPINF2( );HSPH1( );PZP( );DYNC1H1( );SERPINI1( );C3( );FLNA( );COPA( );EPHB4( );CPE( );RNPEP( );TUBB( );TUBB4B( );A2M( );CLTC( );FGFR3( );SERPINA1( );SERPINA4( );C5( );NUCB2( );ACE( );MMP1( );ITIH1( );ANGPT2( );GSN( );APOB( );GLG1(Cys-rich GLG1 9);FLNB( );ILK( );MUC4( );ST14( );LOXL1( );SEMA3A( );RAN( );CD40( );AFM( );PRKDC( );A2ML1( );FGFR4( );PAPPA( );C8B( );TG( );NGFR( );P3H1( );TIMP1( );FGFR1( );CFI( );WNT5A( );FGFR2( );HGFAC( );ESR2( );LOX( );HGF( )
COL6A5, matrix metallopeptidase-2  and  granzyme B ({Homo sapiens}-type) ,236,242,1.02,6,DLVFLV,COL6A5(VWFA 2);COL12A1(VWFA 1)
COL6A5, granzyme B ({Homo sapiens}-type)  and  matrix metallopeptidase-2 ,232,236,0.9850000000000001,4,DSLA,VCAN( );COL6A5( );COL6A2( );VWA5B1( );VWA8( );IGKV4-1( );C4B( );C4A( );TEK( );PENK( );SFRP5( )
COL6A5, matrix metallopeptidase-2  and  cathepsin G ,236,239,0.915,3,DLV,FRAS1( );TNXB( );TNC( );COL7A1( );VWF(VWFA 1; binding site for platelet);MATN2(VWFA 1);LTBP4( );LAMC1( );THBS4( );FGA( );SPARC( );THBS1( );THBS2( );POSTN( );THBS3( );PRELP( );COL6A5(VWFA 2);DMBT1( );COL12A1(VWFA 1);NID1( );COL14A1(VWFA 2);COL6A6(VWFA 4);LAMB3( );EMILIN1( );COL6A2( );LAMA4( );COL15A1( );HSPA5( );VCL( );TLN1( );CSPG4( );PDCD6IP( );HSP90AA1( );CCT2( );KITLG( );SERPINA5( );PMEL( );CSTA( );ITIH2( );SERPINF2( );HSPH1( );PZP( );DYNC1H1( );SERPINI1( );C3( );FLNA( );COPA( );EPHB4( );CPE( );RNPEP( );TUBB( );TUBB4B( );A2M( );CLTC( );FGFR3( );SERPINA1( );SERPINA4( );C5( );NUCB2( );ACE( );MMP1( );ITIH1( );ANGPT2( );GSN( );APOB( );GLG1(Cys-rich GLG1 9);FLNB( );ILK( );MUC4( );ST14( );LOXL1( );SEMA3A( );RAN( );CD40( );AFM( );PRKDC( );A2ML1( );FGFR4( );PAPPA( );C8B( );TG( );NGFR( );P3H1( );TIMP1( );FGFR1( );CFI( );WNT5A( );FGFR2( );HGFAC( );ESR2( );LOX( );HGF( )
COL6A5, matrix metallopeptidase-2  and  matrix metallopeptidase-9 ,395,401,0.91,6,TLKSYA,COL6A5( )
COL6A5, matrix metallopeptidase-2  and  matrix metallopeptidase-7 ,395,401,0.9600000000000001,6,TLKSYA,COL6A5( )
COL6A5, matrix metallopeptidase-7  and  matrix metallopeptidase-2 ,103,107,0.895,4,FIGG,COL6A5( );COL6A6( );HNRNPA2B1( );C1S( )
COL6A5, elastase-2  and  matrix metallopeptidase-2 ,104,107,1.065,3,IGG,HMCN2( );TNXB( );COL7A1( );HSPG2( );ELN( );SRPX( );LAMA5(Laminin N-terminal);SPON1( );LAMA3(Laminin N-terminal);ABI3BP( );COL1A2( );COL2A1( );FBN1( );LTBP2( );LUM( );THBS2( );POSTN( );COL3A1( );COL5A1( );COL6A3( );COL6A5( );COL12A1( );COL4A1( );LAMA2( );COL4A2( );COL6A6( );LAMA4( );HSPA5( );CSPG4( );ITIH3( );EIF4A1( );VWA8( );PFKP( );ALDOA( );C3( );HNRNPA2B1( );FLNA( );GPI( );MIF( );MMP8( );CTSG( );CLTC( );FGFR3( );TUBA4A( );WDR1( );F13A1( );MMP14( );NECTIN1( );CMA1( );HNRNPK( );SLTM( );MMP1( );CRTAP( );FLNB( );CP( );ACTG1( );TEK( );KLK14( );C1R( );TLL1( );CRIP2( );FGFR4( );GLA( );C8B( );FGFR1( );CFI( );FGFR2( );PLAU( );HGFAC( );C1S( )
COL6A5, cathepsin G  and  matrix metallopeptidase-2 ,103,107,0.9650000000000001,4,FIGG,COL6A5( );COL6A6( );HNRNPA2B1( );C1S( )
COL6A5, matrix metallopeptidase-2  and  matrix metallopeptidase-9 ,2596,2601,0.885,5,ALVVD,COL6A5( );SLTM( )
COL6A5, matrix metallopeptidase-7  and  matrix metallopeptidase-2 ,2593,2596,0.99,3,EIS,HMCN2( );FRAS1( );TNC( );LAMC2( );MATN2( );AEBP1( );LTBP2( );ABI3BP( );COL6A3( );MFGE8( );COL6A5( );COL12A1( );COL4A3( );NID1( );LAMA2( );COL4A6( );BGN( );COL6A6( );LAMA4( );HSPA5( );SERPINF1( );HYOU1( );VCL( );TLN1( );CD34( );ITIH4( );CSPG4( );KITLG( );PMEL( );ITIH2( );RPN1( );HSPA9( );DYNC1H1( );DSC2( );MAP2K2( );SERPINI1( );LGALS3( );FLNA( );RNPEP( );GPC1( );SERPINE1( );ALCAM( );CPA4( );AHSG( );CRTAP( );APOB( );GLG1(Cys-rich GLG1 2);FLNB( );NCAM1( );C9( );PROS1( );CTSK( );PRKDC( );TLL1( );A2ML1( );AMBP( );TG( );IL4R( );C4BPA( );CFB( );VEGFD( );EGFR( );TNFRSF1A( );INHBA( );CFH(Sushi 4)
COL6A5, matrix metallopeptidase-2  and  granzyme B ({Homo sapiens}-type) ,2596,2600,1.04,4,ALVV,LAMA5( );COL6A5( );PMEL( );EEF2( );SLTM( );CD40(Helical);PRKDC( );TGFA( )
COL6A5, elastase-2  and  matrix metallopeptidase-2 ,2589,2596,0.99,7,AHLEEIS,COL6A5( )
COL6A5, matrix metallopeptidase-2  and  matrix metallopeptidase-2 ,876,880,0.94,4,AIIE,COL5A1( );COL6A5( );DMKN( );C4B( );C4A( );FLT1( )
COL6A5, matrix metallopeptidase-2  and  matrix metallopeptidase-9 ,876,880,1.005,4,AIIE,COL5A1( );COL6A5( );DMKN( );C4B( );C4A( );FLT1( )
COL6A5, matrix metallopeptidase-2  and  matrix metallopeptidase-3 ,876,880,0.995,4,AIIE,COL5A1( );COL6A5( );DMKN( );C4B( );C4A( );FLT1( )
COL6A5, cathepsin G  and  matrix metallopeptidase-2 ,871,876,0.9299999999999999,5,YSNRS,COL6A5( )
COL6A5, matrix metallopeptidase-2  and  granzyme B ({Homo sapiens}-type) ,546,552,0.995,6,YLIVLT,COL6A5( )
COL6A5, matrix metallopeptidase-2  and  matrix metallopeptidase-9 ,1984,1989,0.91,5,ALVSS,COL6A5( );IL17C( )
COL6A5, granzyme B ({Homo sapiens}-type)  and  matrix metallopeptidase-2 ,1977,1984,0.94,7,DEFKAVK,COL6A5( )
COL6A5, matrix metallopeptidase-2  and  matrix metallopeptidase-9 ,1093,1096,0.905,3,NMF,HSPG2( );LAMA3( );COL6A5( );CDH1( );CSPG4(Extracellular);GPI( );GANAB( );IDE( );AGTR2( );C1R( );ADAMTS17( );RNASE2( );F2( );PRSS1( )
COL6A5, matrix metallopeptidase-2  and  matrix metallopeptidase-7 ,1093,1096,0.88,3,NMF,HSPG2( );LAMA3( );COL6A5( );CDH1( );CSPG4(Extracellular);GPI( );GANAB( );IDE( );AGTR2( );C1R( );ADAMTS17( );RNASE2( );F2( );PRSS1( )
COL6A5, matrix metallopeptidase-2  and  elastase-2 ,1093,1099,1.005,6,NMFNLH,COL6A5( )
COL6A5, matrix metallopeptidase-2  and  granzyme B ({Homo sapiens}-type) ,1758,1764,0.985,6,ELVFAL,COL6A5(VWFA 8);COL6A6(VWFA 8)
COL6A5, matrix metallopeptidase-2  and  granzyme B ({Homo sapiens}-type) ,2327,2334,0.835,7,PLTSTLG,COL6A5( )
COL6A5, matrix metallopeptidase-2  and  matrix metallopeptidase-3 ,2550,2556,0.87,6,HLLVLG,COL6A5( )
COL6A5, matrix metallopeptidase-2  and  matrix metallopeptidase-7 ,2550,2553,0.83,3,HLL,HMCN2( );FRAS1( );TNXB( );NOV( );LAMC2( );VWF( );HSPG2( );LAMA3( );FGB( );MFAP4( );FGA( );LTBP2( );COL6A5( );NID1( );LAMA2( );COL16A1( );UCN( );HSPA5( );S100A13( );HYOU1( );MYH9( );CSPG4( );SHH( );SERPINF2( );RPN1( );DYNC1H1( );SOGA1( );DSC2( );VWA8( );PGLYRP2( );LGALS3( );CPE( );CPQ( );IL2( );GPC1( );CLTC( );PPY( );SERPINA4( );WDR1(WD 1);ACE2( );ORM1( );SERPINA3( );ACE( );LCN1( );CD109( );APOB( );GLG1( );AGTR2( );LEPROT( );IGHA1( );ORM2( );QPCT( );IGHA2( );CRH( );C4B( );C4A( );PENK( );IL17C( );KLK10( );IL20( );PRKDC( );SFRP2( );TG( );TAC1( );IL4R( );KLK6( );PRLR( );ESR2( );VEGFC( );PLAT( );HGF( )
COL6A5, granzyme B ({Homo sapiens}-type)  and  matrix metallopeptidase-2 ,2545,2550,0.895,5,DSQAQ,COL6A5( );AGT( )
COL6A5, matrix metallopeptidase-2  and  granzyme B ({Homo sapiens}-type) ,2539,2545,0.8899999999999999,6,DLFDEF,COL6A5( )
COL6A5, matrix metallopeptidase-2  and  matrix metallopeptidase-9 ,2238,2244,0.935,6,QMFEPQ,COL6A5( )
COL6A5, matrix metallopeptidase-2  and  matrix metallopeptidase-3 ,2238,2244,0.935,6,QMFEPQ,COL6A5( )
COL6A5, matrix metallopeptidase-2  and  matrix metallopeptidase-7 ,2238,2244,1.0150000000000001,6,QMFEPQ,COL6A5( )
COL6A5, elastase-2  and  matrix metallopeptidase-2 ,2233,2238,0.87,5,VYLPS,COL6A5( )
COL6A5, cathepsin G  and  matrix metallopeptidase-2 ,2231,2238,0.8200000000000001,7,YLVYLPS,COL6A5( )
COL6A5, matrix metallopeptidase-2  and  granzyme B ({Homo sapiens}-type) ,1000,1005,0.915,5,HLQEA,COL6A5( )
COL6A5, matrix metallopeptidase-2  and  elastase-2 ,1000,1007,0.815,7,HLQEADV,COL6A5(VWFA 6)
COL6A5, matrix metallopeptidase-2  and  matrix metallopeptidase-9 ,1695,1702,0.815,7,GFRGLAL,COL6A5( )
COL6A5, matrix metallopeptidase-2  and  matrix metallopeptidase-7 ,1695,1700,0.9750000000000001,5,GFRGL,COL6A5( )
COL6A5, matrix metallopeptidase-2  and  matrix metallopeptidase-7 ,1695,1698,0.825,3,GFR,HMCN2( );TNXB( );FN1( );TNC( );COL7A1( );LAMC2( );FBN2( );COMP( );MATN2( );LTBP4( );LTBP2( );EFEMP1( );FBN1( );THBS4( );FGA( );LTBP2( );COL18A1( );VCAN( );COL3A1( );COL6A5( );COL4A4( );DMBT1( );COL12A1( );FBLN1( );COL4A3( );NID1( );COL4A6( );COL4A2( );EMILIN1( );CKAP4( );CHGA( );CSPG4( );RPL9( );DYNC1H1( );PGLYRP2( );FAM3C( );AGT( );IL1B( );PLEC( );LGALS3BP( );C2( );SLTM( );FLNB( );C4B( );C4A( );CD209( );ST14( );TGFB1( );ANG( );MDK( );CFH( )
COL6A5, matrix metallopeptidase-2  and  cathepsin G ,1695,1701,0.94,6,GFRGLA,COL6A5( )
COL6A5, matrix metallopeptidase-2  and  matrix metallopeptidase-9 ,1719,1725,0.89,6,GQRGIK,COL6A5( )
COL6A5, matrix metallopeptidase-9  and  matrix metallopeptidase-2 ,2135,2141,0.845,6,HLIQLG,COL6A5( )
COL6A5, matrix metallopeptidase-2  and  granzyme B ({Homo sapiens}-type) ,2141,2146,0.8400000000000001,5,RIHKP,COL6A5( );COL6A6( )
COL6A5, elastase-2  and  matrix metallopeptidase-2 ,2137,2141,0.96,4,IQLG,DCN( );COL6A5( );ADAMTS17( )
COL6A5, matrix metallopeptidase-2  and  matrix metallopeptidase-9 ,250,253,0.9,3,NLR,FN1( );TNC( );LAMC2( );FBN2( );VWF( );COMP( );ANOS1( );LAMA5( );LTBP2( );LAMB2( );EFEMP1( );FGB( );FBN1( );COL6A3( );VTN( );PRELP(LRR 1);COL6A5( );COL12A1(Fibronectin type-III 14);LAMB1( );FBLN1( );OGN( );COL14A1( );COL6A1( );COL6A6( );LAMB3( );COL6A2( );COL17A1( );SRGN( );LAD1( );APOA4( );RPL22( );PDCD6IP( );DYNC1H1( );PLEC( );GPI( );GANAB( );LEP( );FGFR3( );IGHM( );MMP19( );HLA-C( );ACE( );APOB( );C4B( );C4A( );KLK14( );FGFR4( );TF(Transferrin-like 1);ANG( );TLR9( );FGFR1( );LTF(Transferrin-like 1);C4BPA( );KLK6( );FGFR2( );LOX( )
COL6A5, cathepsin G  and  matrix metallopeptidase-2 ,245,250,0.85,5,LGTGG,COL6A5( )
COL6A5, matrix metallopeptidase-2  and  matrix metallopeptidase-2 ,1582,1588,0.815,6,GLQGPQ,COL6A5( )
COL6A5, matrix metallopeptidase-9  and  matrix metallopeptidase-2 ,1582,1588,0.86,6,GLQGPQ,COL6A5( )
COL6A5, matrix metallopeptidase-7  and  matrix metallopeptidase-2 ,1582,1588,0.815,6,GLQGPQ,COL6A5( )
COL6A5, matrix metallopeptidase-2  and  matrix metallopeptidase-2 ,896,902,0.865,6,ALKHAN,COL6A5( )
COL6A5, matrix metallopeptidase-2  and  matrix metallopeptidase-9 ,896,902,0.88,6,ALKHAN,COL6A5( )
COL6A5, matrix metallopeptidase-2  and  matrix metallopeptidase-7 ,896,902,0.86,6,ALKHAN,COL6A5( )
COL6A5, matrix metallopeptidase-2  and  matrix metallopeptidase-9 ,1281,1286,0.9450000000000001,5,HLNAQ,COL6A5( )
COL6A5, matrix metallopeptidase-2  and  matrix metallopeptidase-3 ,1281,1286,0.925,5,HLNAQ,COL6A5( )
COL6A5, matrix metallopeptidase-2  and  matrix metallopeptidase-7 ,1281,1286,1.01,5,HLNAQ,COL6A5( )
COL6A5, matrix metallopeptidase-2  and  elastase-2 ,1561,1565,0.8,4,GLRG,TNXB( );COL7A1( );LAMA5( );COL1A2( );COL2A1( );COL5A2( );COL3A1( );COL5A1( );COL6A5( );COL4A4( );COL4A1( );COL4A3( );COL4A6( );COL14A1( );COL6A1( );COL4A2( );COL16A1( );COL6A6( );EMILIN1( );COL17A1( );TNXA( );DPP7( )
COL6A5, matrix metallopeptidase-3  and  matrix metallopeptidase-2 ,1227,1230,0.815,3,DIS,ECM1( );FRAS1( );FBN2( );VWF( );HSPG2( );LAMA5( );LAMA3( );LAMC1( );THBS1(TSP type-3 8);COL18A1( );VCAN( );COL6A5( );DMBT1( );LAMB1( );LAMA2( );COL14A1( );BGN(LRR 1);COL6A6( );LRG1( );HSPA8( );HSP90B1( );CAMP( );PDCD6IP( );HSP90AA1( );ITIH3( );HSPH1( );PRDX1( );RPN1( );HSPA9( );C1QB( );SOGA1( );SFN( );DSG1( );IGKV1-33( );C3( );COPA(WD 4);MMP8( );KARS( );GANAB( );LEP( );ACTN2( );ACTN4( );IGHM( );ACE2( );C5( );ACTN1( );TNFSF15( );SLTM( );ITIH1( );FLNB( );SERPINC1( );NCAM1( );LEPROT( );C4B( );C4A( );MUC4( );IGHG2( );HPR( );RAN( );PRKDC( );IGKV1D-33( );CD163( );PAPPA( );IL17F( );NRP1( );CFB( );CCL26( );HGFAC( )
COL6A5, granzyme B ({Homo sapiens}-type)  and  matrix metallopeptidase-2 ,1227,1230,0.8049999999999999,3,DIS,ECM1( );FRAS1( );FBN2( );VWF( );HSPG2( );LAMA5( );LAMA3( );LAMC1( );THBS1(TSP type-3 8);COL18A1( );VCAN( );COL6A5( );DMBT1( );LAMB1( );LAMA2( );COL14A1( );BGN(LRR 1);COL6A6( );LRG1( );HSPA8( );HSP90B1( );CAMP( );PDCD6IP( );HSP90AA1( );ITIH3( );HSPH1( );PRDX1( );RPN1( );HSPA9( );C1QB( );SOGA1( );SFN( );DSG1( );IGKV1-33( );C3( );COPA(WD 4);MMP8( );KARS( );GANAB( );LEP( );ACTN2( );ACTN4( );IGHM( );ACE2( );C5( );ACTN1( );TNFSF15( );SLTM( );ITIH1( );FLNB( );SERPINC1( );NCAM1( );LEPROT( );C4B( );C4A( );MUC4( );IGHG2( );HPR( );RAN( );PRKDC( );IGKV1D-33( );CD163( );PAPPA( );IL17F( );NRP1( );CFB( );CCL26( );HGFAC( )
COL6A5, matrix metallopeptidase-2  and  granzyme B ({Homo sapiens}-type) ,2356,2360,0.85,4,YLEF,COL6A5( );LAMB1( );CLTC( )
COL6A5, matrix metallopeptidase-2  and  elastase-2 ,2356,2362,0.925,6,YLEFDL,COL6A5( )
COL6A5, matrix metallopeptidase-9  and  matrix metallopeptidase-2 ,253,260,0.89,7,HLQTFLE,COL6A5( )
COL6A5, matrix metallopeptidase-9  and  matrix metallopeptidase-2 ,896,902,0.9199999999999999,6,ALKHAN,COL6A5( )
COL6A5, matrix metallopeptidase-3  and  matrix metallopeptidase-2 ,896,902,0.79,6,ALKHAN,COL6A5( )
COL6A5, matrix metallopeptidase-7  and  matrix metallopeptidase-2 ,896,902,0.8049999999999999,6,ALKHAN,COL6A5( )
COL6A5, matrix metallopeptidase-9  and  matrix metallopeptidase-2 ,876,880,0.825,4,AIIE,COL5A1( );COL6A5( );DMKN( );C4B( );C4A( );FLT1( )
COL6A5, matrix metallopeptidase-2  and  matrix metallopeptidase-7 ,1209,1216,0.78,7,PLFQGHP,COL6A5( )
COL6A5, elastase-2  and  matrix metallopeptidase-2 ,1205,1209,0.98,4,VQGQ,COL6A5( );COL4A1( );LAMA2( );COL14A1( );COL16A1( );MMP1( )
COL6A5, elastase-2  and  matrix metallopeptidase-2 ,1203,1209,0.8200000000000001,6,THVQGQ,COL6A5( )
COL6A5, matrix metallopeptidase-9  and  matrix metallopeptidase-2 ,1740,1746,0.925,6,FLREHS,COL6A5( )
COL6A5, cathepsin G  and  matrix metallopeptidase-2 ,1146,1152,0.855,6,YKEHLL,COL6A5( )
COL6A5, matrix metallopeptidase-7  and  matrix metallopeptidase-2 ,445,452,0.7749999999999999,7,FLIDGSS,COL6A5( )
COL6A5, granzyme B ({Homo sapiens}-type)  and  matrix metallopeptidase-2 ,448,452,0.835,4,DGSS,FRAS1( );COL7A1( );VWF( );COL6A3( );COL6A5( );COL14A1( );GLIPR2( );PAPPA( )
COL6A5, cathepsin G  and  matrix metallopeptidase-2 ,445,452,0.81,7,FLIDGSS,COL6A5( )
COL6A5, matrix metallopeptidase-2  and  matrix metallopeptidase-2 ,301,304,0.82,3,QIK,LAMA3( );POSTN( );FBLN5( );COL6A5( );VWA5B1( );CDH1( );AIMP1( );CCT6A( );CLCA4( );ANXA1( );PZP( );DYNC1H1( );PFKP( );DPP7( );CLTC( );ALCAM( );C5( );CLU( );SLTM( );APOB( );PRKDC( );KLKB1( );TAC1( );TIMP2( );FGFR2( );ALB( )
COL6A5, matrix metallopeptidase-2  and  matrix metallopeptidase-9 ,301,304,0.8,3,QIK,LAMA3( );POSTN( );FBLN5( );COL6A5( );VWA5B1( );CDH1( );AIMP1( );CCT6A( );CLCA4( );ANXA1( );PZP( );DYNC1H1( );PFKP( );DPP7( );CLTC( );ALCAM( );C5( );CLU( );SLTM( );APOB( );PRKDC( );KLKB1( );TAC1( );TIMP2( );FGFR2( );ALB( )
COL6A5, matrix metallopeptidase-9  and  matrix metallopeptidase-2 ,2289,2294,0.8,5,YMDVA,COL6A5(VWFA 10)
COL6A5, matrix metallopeptidase-7  and  matrix metallopeptidase-2 ,2287,2294,0.8,7,EYYMDVA,COL6A5(VWFA 10)
COL6A5, matrix metallopeptidase-2  and  granzyme B ({Homo sapiens}-type) ,2294,2297,0.845,3,FLI,FRAS1( );MATN2( );ABI3BP( );VCAN( );COL6A3( );COL6A5( );COL4A5( );COL6A6( );COL17A1( );VWA5B1( );SDC4( );TNF( );CLCA4( );TFRC( );EEF2( );HPSE( );VWA8( );SERPIND1( );SERPINI1( );CALR( );GPI( );SERPINB2( );CPQ( );SERPINA7( );CLTC( );IDE( );ERAP1( );RAC1( );C5( );PLSCR1( );MMP9( );CMA1( );C2( );CD109( );APOB( );GLG1( );S100A8( );TEK(Helical);SPINT1( );IFI30( );IL13RA2( );PRKDC( );PDGFA( );HPX( );CXCL8( );TIMP1( );NGF( );FGFR1( );C4BPA( );NELL2( );FGFR2( );PI3( );PLAUR( )
COL6A5, granzyme B ({Homo sapiens}-type)  and  matrix metallopeptidase-2 ,2291,2294,0.825,3,DVA,HMCN2( );FRAS1( );FN1( );VWF(VWFA 2);HSPG2( );COL1A1( );COL5A1(Laminin G-like);COL6A5( );COL6A1( );LAMB3( );CTHRC1( );HSPD1( );CKAP4( );CDH1( );ATP5B( );HADHA( );TLN1( );CD34( );CCT6A( );IFNG( );CSPG4(Laminin G-like 2);ENDOD1( );ANXA1( );EEF2( );PZP( );P4HB( );SOGA1( );IL6( );FAM3C( );AGT( );LGALS3( );PLEC( );COPA( );RNPEP( );CPQ( );GGH( );HMGB1( );IGKV4-1( );WDR1( );MMP19( );TXN( );ACTN1( );CFD( );MMP9(Hemopexin 3);C2( );ADM( );MMP1( );MELTF( );CD109( );GLG1( );PKM( );MMP2( );MUC4( );TEK( );GLA( );PAPPA( );TF( );KLKB1( );TG( );CD5L( );LTF( );WNT5A( );CFB( );CFH( )
COL6A5, cathepsin G  and  matrix metallopeptidase-2 ,2289,2294,0.7849999999999999,5,YMDVA,COL6A5(VWFA 10)
COL6A5, matrix metallopeptidase-2  and  matrix metallopeptidase-3 ,304,311,0.7949999999999999,7,NLSIQVG,COL6A5( )
COL6A5, matrix metallopeptidase-3  and  matrix metallopeptidase-2 ,1783,1787,0.8049999999999999,4,SIVN,COL6A3( );COL6A5( );CLTC( );ACTN1( )
COL6A5, matrix metallopeptidase-2  and  matrix metallopeptidase-2 ,933,940,0.7849999999999999,7,QLNDTAL,COL6A5( )
COL6A5, matrix metallopeptidase-2  and  matrix metallopeptidase-9 ,933,940,0.9949999999999999,7,QLNDTAL,COL6A5( )
COL6A5, matrix metallopeptidase-2  and  matrix metallopeptidase-3 ,933,940,0.78,7,QLNDTAL,COL6A5( )
COL6A5, matrix metallopeptidase-2  and  matrix metallopeptidase-7 ,933,940,0.86,7,QLNDTAL,COL6A5( )
COL6A5, matrix metallopeptidase-7  and  matrix metallopeptidase-2 ,1637,1642,0.845,5,DLGPV,COL6A5( );COL6A1( )
COL6A5, matrix metallopeptidase-3  and  matrix metallopeptidase-2 ,2171,2178,0.8300000000000001,7,PMLEDAC,COL6A5( )
COL6A5, matrix metallopeptidase-2  and  matrix metallopeptidase-3 ,2178,2185,0.76,7,RLINLGG,COL6A5( )
COL6A5, matrix metallopeptidase-7  and  matrix metallopeptidase-2 ,2172,2178,0.805,6,MLEDAC,COL6A5( )
COL6A5, granzyme B ({Homo sapiens}-type)  and  matrix metallopeptidase-2 ,2175,2178,0.895,3,DAC,FBN2( );COMP( );HSPG2( );LTBP4( );LAMA5( );LAMA3( );LTBP2( );LAMB2( );EFEMP1( );FBN1( );THBS4( );THBS1(TSP type-1 2);COL18A1( );THBS2( );THBS3( );COL6A5( );IGFBP7( );TLN1( );PMEL( );DYNC1H1( );MMP11( );GHR( );MMP9( );ANGPT2( );MUC4( );ANGPT1( );C1R( );KLKB1( );CFI( );TIMP2(NTR);F2( );HGFAC( );CD59( );PLAT( )
COL6A5, cathepsin G  and  matrix metallopeptidase-2 ,2172,2178,0.785,6,MLEDAC,COL6A5( )
COL6A5, matrix metallopeptidase-2  and  cathepsin G ,2178,2182,0.765,4,RLIN,COL6A5( )
COL6A5, matrix metallopeptidase-2  and  matrix metallopeptidase-3 ,577,581,0.765,4,GIGA,TGFBI( );COL6A5( );COL4A4( );COL4A6( );CTHRC1( );NAMPT( )
COL6A5, matrix metallopeptidase-2  and  matrix metallopeptidase-3 ,577,582,0.76,5,GIGAA,COL6A5( )
COL6A5, matrix metallopeptidase-9  and  matrix metallopeptidase-2 ,818,824,0.845,6,VLDHSG,COL6A5( )
COL6A5, matrix metallopeptidase-2  and  granzyme B ({Homo sapiens}-type) ,824,831,0.8049999999999999,7,SIKKQYQ,COL6A5( )
COL6A5, granzyme B ({Homo sapiens}-type)  and  matrix metallopeptidase-2 ,820,824,0.775,4,DHSG,HMCN2( );THBS1( );COL6A5( );ACTN1( )
COL6A5, cathepsin G  and  matrix metallopeptidase-2 ,817,824,0.9450000000000001,7,FVLDHSG,COL6A5( )
COL6A5, matrix metallopeptidase-2  and  matrix metallopeptidase-9 ,2312,2317,0.89,5,AFITS,COL6A5( )
COL6A5, granzyme B ({Homo sapiens}-type)  and  matrix metallopeptidase-2 ,2305,2312,0.89,7,DEFKEVK,COL6A5( )
COL6A5, matrix metallopeptidase-2  and  matrix metallopeptidase-7 ,96,103,0.76,7,HLKKNFQ,COL6A5( )
COL6A5, cathepsin G  and  matrix metallopeptidase-2 ,93,96,0.915,3,MLN,FN1( );TNC( );VWF( );COL6A5( );COL12A1( );COL6A6( );VWA5B1( );ITIH3( );EIF4A1( );EFTUD2( );TUBB( );TUBB4B( );ITIH5( );CASP1( );CLU( );CXCL1( );APOB( );KNG1( );TPSB2( );ESR2( );PI3( );TPSAB1( )
COL6A5, matrix metallopeptidase-2  and  cathepsin G ,96,103,0.8300000000000001,7,HLKKNFQ,COL6A5( )
COL6A5, elastase-2  and  matrix metallopeptidase-2 ,2524,2529,0.78,5,VLLLP,VWF( );LTBP4( );COL6A5( );COL4A3( );CTSK( );EFNA1( )
COL6A5, matrix metallopeptidase-2  and  matrix metallopeptidase-2 ,1576,1582,0.765,6,GTLGAE,COL6A5(Collagen-like 4)
COL6A5, matrix metallopeptidase-2  and  matrix metallopeptidase-9 ,1576,1582,0.81,6,GTLGAE,COL6A5(Collagen-like 4)
COL6A5, matrix metallopeptidase-2  and  matrix metallopeptidase-7 ,1576,1582,0.765,6,GTLGAE,COL6A5(Collagen-like 4)
COL6A5, matrix metallopeptidase-2  and  matrix metallopeptidase-3 ,26,30,0.735,4,PVYA,VWF( );COL6A5( )
COL6A5, matrix metallopeptidase-2  and  matrix metallopeptidase-7 ,26,33,0.855,7,PVYADVV,COL6A5(VWFA 1)
COL6A5, granzyme B ({Homo sapiens}-type)  and  matrix metallopeptidase-2 ,19,26,0.8400000000000001,7,DQSPGPG,COL6A5( )
COL6A5, matrix metallopeptidase-2  and  granzyme B ({Homo sapiens}-type) ,26,30,0.8049999999999999,4,PVYA,VWF( );COL6A5( )
COL6A5, matrix metallopeptidase-2  and  elastase-2 ,26,32,0.745,6,PVYADV,COL6A5(VWFA 1)
COL6A5, matrix metallopeptidase-2  and  cathepsin G ,26,33,0.8200000000000001,7,PVYADVV,COL6A5(VWFA 1)
COL6A5, matrix metallopeptidase-2  and  matrix metallopeptidase-9 ,1582,1588,0.765,6,GLQGPQ,COL6A5( )
COL6A5, matrix metallopeptidase-2  and  matrix metallopeptidase-3 ,1582,1588,0.73,6,GLQGPQ,COL6A5( )
COL6A5, elastase-2  and  matrix metallopeptidase-2 ,1577,1582,0.745,5,TLGAE,COL6A5(Collagen-like 4)
COL6A5, matrix metallopeptidase-2  and  granzyme B ({Homo sapiens}-type) ,228,232,0.8049999999999999,4,SCQK,COL6A5( );EGFR( )
COL6A5, elastase-2  and  matrix metallopeptidase-2 ,223,228,0.8300000000000001,5,VHFPI,COL6A5( )
COL6A5, matrix metallopeptidase-2  and  cathepsin G ,228,234,0.88,6,SCQKDS,COL6A5( )
COL6A5, matrix metallopeptidase-2  and  cathepsin G ,985,991,0.73,6,TLVQER,COL6A5(VWFA 5)
COL6A5, matrix metallopeptidase-7  and  matrix metallopeptidase-2 ,933,940,0.75,7,QLNDTAL,COL6A5( )
COL6A5, cathepsin G  and  matrix metallopeptidase-2 ,934,940,0.8,6,LNDTAL,COL6A5( )
COL6A5, matrix metallopeptidase-2  and  granzyme B ({Homo sapiens}-type) ,1999,2003,0.845,4,PLIS,FRAS1( );COL6A5( );LAMA2( );PRKDC( )
COL6A5, cathepsin G  and  matrix metallopeptidase-2 ,1993,1999,0.815,6,FNIASD,COL6A5( )
COL6A5, matrix metallopeptidase-7  and  matrix metallopeptidase-2 ,1336,1339,0.735,3,LVV,HMCN2(Ig-like C2-type 5);TNC( );VWF( );HSPG2( );LAMA5( );LAMA3( );LAMB2( );ABI3BP( );THBS4( );COL6A5( );COL12A1( );COL14A1( );COL6A6( );SPP1( );PCOLCE( );LAMA4( );EMCN( );APOC1( );RPL22( );HYOU1( );CDH1( );TNF( );SERPINB5( );CSPG4( );ENDOD1( );ITIH3( );SERPINA5( );PMEL( );ITIH2( );EEF2( );SERPINF2( );NAXE( );RPN1( );DYNC1H1( );VWA8( );DSG1( );PFKP( );FAM3C( );IGLV3-21( );SERPINA12( );CALR( );C3( );FLNA( );COPA( );TREM1(Ig-like V-type);EPHB4( );A1BG( );KDR( );CPQ( );KARS( );A2M( );CLTC( );FGFR3(Ig-like C2-type 3);IDE( );PON1( );PPY( );SERPINA4( );TXN( );CTSV( );ACE( );SLTM( );ITIH1( );CD109( );GLG1(Cys-rich GLG1 9);SOD1( );SERPINC1( );NCAM1(Helical);NPC2( );CD209( );CTSL( );AZGP1(Ig-like C1-type);CD40( );PRKDC( );CXADR( );C7( );A2ML1( );CST6( );HBB( );C8B( );IL17F( );ADAMTS17( );TG( );FLT1( );FGFR2( );PLAU( );EGFR( );ESR2( );TGFA( );LYNX1( )
COL6A5, granzyme B ({Homo sapiens}-type)  and  matrix metallopeptidase-2 ,1333,1339,0.87,6,DALLVV,COL6A5( )
COL6A5, matrix metallopeptidase-2  and  elastase-2 ,1339,1344,0.76,5,SLNTT,COL6A5( )
COL6A5, matrix metallopeptidase-2  and  matrix metallopeptidase-3 ,372,376,0.775,4,SIQG,TNXB( );COL6A5( );COL14A1(Collagen-like 2);TNXA( );ESR2( )
COL6A5, granzyme B ({Homo sapiens}-type)  and  matrix metallopeptidase-2 ,365,372,0.73,7,DVNVFAL,COL6A5( )
COL6A5, cathepsin G  and  matrix metallopeptidase-2 ,369,372,0.8049999999999999,3,FAL,HMCN2( );FBN2( );HSPG2( );MATN2( );LAMA3( );FBLN2( );FBN1( );THBS2( );COL6A3( );COL6A5( );LAMB1( );COL4A5( );COL14A1( );COL16A1( );COL6A6( );LAMB3( );LAMA4( );SDC4( );CAMP( );ENDOD1( );PMEL( );GBP1( );PZP( );CKLF( );SERPINB2( );A1BG( );KDR( );SOD3( );A2M( );CLTC( );ERAP1( );SERPINA1( );C5( );MMP9( );CD109( );APOB( );ILK( );CP( );C4B( );C4A( );TSLP( );CTSK( );HPR( );IL33( );PRKDC( );SFRP2( );CALU( );TG( );TLR9(Helical);LTF( );GDNF( );TGFA( )
COL6A5, matrix metallopeptidase-9  and  matrix metallopeptidase-2 ,1286,1289,0.88,3,FLR,HMCN2( );TNC( );LAMA5( );LAMA3( );ABI3BP( );COL1A1( );COL2A1( );FBN1( );THBS4( );COL5A2( );VCAN( );COL3A1( );COL5A1( );KERA( );COL6A5( );FBLN1( );LAMB3( );EMILIN1( );LRG1(LRR 1);CDH1(Cytoplasmic);HSP90B1( );CAMP( );HSP90AA1( );PMEL( );HSPH1( );DYNC1H1( );PGLYRP2( );EPO( );PLEC( );COPA( );EPHB4( );LRPAP1( );CLTC( );FGFR3( );ERAP1( );PTGDS( );MMP11( );CPA4( );F13A1( );NECTIN1( );ORM1( );PPT1( );ORM2( );QPCT( );CRH( );C4B( );C4A( );MUC4( );TEK( );PRF1( );PRKDC( );FGF2( );FGFR4( );HPX( );RNASE3( );KLKB1( );CASP4( );TG( );LTF( );NELL2( );HGFAC( );TNFRSF1A( )
COL6A5, matrix metallopeptidase-3  and  matrix metallopeptidase-2 ,1286,1289,0.86,3,FLR,HMCN2( );TNC( );LAMA5( );LAMA3( );ABI3BP( );COL1A1( );COL2A1( );FBN1( );THBS4( );COL5A2( );VCAN( );COL3A1( );COL5A1( );KERA( );COL6A5( );FBLN1( );LAMB3( );EMILIN1( );LRG1(LRR 1);CDH1(Cytoplasmic);HSP90B1( );CAMP( );HSP90AA1( );PMEL( );HSPH1( );DYNC1H1( );PGLYRP2( );EPO( );PLEC( );COPA( );EPHB4( );LRPAP1( );CLTC( );FGFR3( );ERAP1( );PTGDS( );MMP11( );CPA4( );F13A1( );NECTIN1( );ORM1( );PPT1( );ORM2( );QPCT( );CRH( );C4B( );C4A( );MUC4( );TEK( );PRF1( );PRKDC( );FGF2( );FGFR4( );HPX( );RNASE3( );KLKB1( );CASP4( );TG( );LTF( );NELL2( );HGFAC( );TNFRSF1A( )
COL6A5, matrix metallopeptidase-7  and  matrix metallopeptidase-2 ,1286,1289,0.945,3,FLR,HMCN2( );TNC( );LAMA5( );LAMA3( );ABI3BP( );COL1A1( );COL2A1( );FBN1( );THBS4( );COL5A2( );VCAN( );COL3A1( );COL5A1( );KERA( );COL6A5( );FBLN1( );LAMB3( );EMILIN1( );LRG1(LRR 1);CDH1(Cytoplasmic);HSP90B1( );CAMP( );HSP90AA1( );PMEL( );HSPH1( );DYNC1H1( );PGLYRP2( );EPO( );PLEC( );COPA( );EPHB4( );LRPAP1( );CLTC( );FGFR3( );ERAP1( );PTGDS( );MMP11( );CPA4( );F13A1( );NECTIN1( );ORM1( );PPT1( );ORM2( );QPCT( );CRH( );C4B( );C4A( );MUC4( );TEK( );PRF1( );PRKDC( );FGF2( );FGFR4( );HPX( );RNASE3( );KLKB1( );CASP4( );TG( );LTF( );NELL2( );HGFAC( );TNFRSF1A( )
COL6A5, matrix metallopeptidase-2  and  granzyme B ({Homo sapiens}-type) ,1289,1296,0.775,7,SLWDTFK,COL6A5( )
COL6A5, matrix metallopeptidase-2  and  cathepsin G ,1289,1294,0.8,5,SLWDT,COL6A5( );COL6A6( )
COL6A5, granzyme B ({Homo sapiens}-type)  and  matrix metallopeptidase-2 ,742,749,0.8049999999999999,7,DDVRDPA,COL6A5( )
COL6A5, matrix metallopeptidase-2  and  matrix metallopeptidase-9 ,1736,1740,0.865,4,DLIR,COL6A5( );DMBT1( );HSPA9( );DSC2( )
COL6A5, matrix metallopeptidase-7  and  matrix metallopeptidase-2 ,1730,1736,0.73,6,PVYSQC,COL6A5( )
COL6A5, elastase-2  and  matrix metallopeptidase-2 ,1731,1736,0.77,5,VYSQC,COL6A5( )
COL6A5, cathepsin G  and  matrix metallopeptidase-2 ,1732,1736,0.765,4,YSQC,COL6A5( );MYL6( )
COL6A5, granzyme B ({Homo sapiens}-type)  and  matrix metallopeptidase-2 ,356,360,0.725,4,DAAL,VTN( );COL6A5( );LGALS7( );MMP28( );MMP19(Hemopexin 3);MMP14( );MMP1( );KNG1( );FLT1( )
COL6A5, matrix metallopeptidase-2  and  granzyme B ({Homo sapiens}-type) ,360,365,0.72,5,NLRLE,COL6A5( )
COL6A5, matrix metallopeptidase-2  and  granzyme B ({Homo sapiens}-type) ,998,1005,0.815,7,VCHLQEA,COL6A5( )
COL6A5, matrix metallopeptidase-2  and  cathepsin G ,998,1001,0.8049999999999999,3,VCH,FRAS1( );TNC( );HSPG2( );LAMA5( );LAMB2( );FBLN2( );FBN1( );COL6A5( );COL4A4( );LAMA2( );COL4A6( );VWA5B1( );ACE2( );ACE( );MUC4( );TEK( );PRF1( );IL4R( );EGFR( );TGFA( )
COL6A5, cathepsin G  and  matrix metallopeptidase-2 ,991,998,0.715,7,MCTEAPE,COL6A5( )
COL6A5, matrix metallopeptidase-9  and  matrix metallopeptidase-2 ,188,194,0.97,6,NLRTIR,COL6A5( )
COL6A5, matrix metallopeptidase-2  and  matrix metallopeptidase-9 ,194,201,0.885,7,DLSTFSQ,COL6A5( )
COL6A5, matrix metallopeptidase-2  and  matrix metallopeptidase-3 ,194,201,0.715,7,DLSTFSQ,COL6A5( )
COL6A5, matrix metallopeptidase-7  and  matrix metallopeptidase-2 ,188,194,0.755,6,NLRTIR,COL6A5( )
COL6A5, matrix metallopeptidase-3  and  matrix metallopeptidase-2 ,376,383,0.765,7,ANNTQLE,COL6A5( )
COL6A5, matrix metallopeptidase-2  and  matrix metallopeptidase-9 ,45,49,0.78,4,SFPF,COL6A5( );COL6A6( );RNPEP( );FGFR4( )
COL6A5, granzyme B ({Homo sapiens}-type)  and  matrix metallopeptidase-2 ,39,45,0.76,6,DHLGPK,COL6A5( )
COL6A5, granzyme B ({Homo sapiens}-type)  and  matrix metallopeptidase-2 ,2383,2389,0.79,6,DVFIGH,COL6A5( )
COL6A5, cathepsin G  and  matrix metallopeptidase-2 ,2385,2389,0.78,4,FIGH,COL6A5( );COL6A6( )
COL6A5, matrix metallopeptidase-9  and  matrix metallopeptidase-2 ,1407,1413,0.725,6,AMKGSQ,COL6A5( )
COL6A5, matrix metallopeptidase-3  and  matrix metallopeptidase-2 ,1407,1413,0.75,6,AMKGSQ,COL6A5( )
COL6A5, matrix metallopeptidase-7  and  matrix metallopeptidase-2 ,1407,1413,0.715,6,AMKGSQ,COL6A5( )
COL6A5, cathepsin G  and  matrix metallopeptidase-2 ,1408,1413,0.755,5,MKGSQ,COL6A5( )
COL6A5, granzyme B ({Homo sapiens}-type)  and  matrix metallopeptidase-9 ,356,360,1.0,4,DAAL,VTN( );COL6A5( );LGALS7( );MMP28( );MMP19(Hemopexin 3);MMP14( );MMP1( );KNG1( );FLT1( )
COL6A5, matrix metallopeptidase-9  and  granzyme B ({Homo sapiens}-type) ,360,365,0.995,5,NLRLE,COL6A5( )
COL6A5, matrix metallopeptidase-9  and  matrix metallopeptidase-7 ,188,194,0.99,6,NLRTIR,COL6A5( )
COL6A5, elastase-2  and  matrix metallopeptidase-9 ,182,188,1.1400000000000001,6,TSHFHF,COL6A5( )
COL6A5, cathepsin G  and  matrix metallopeptidase-9 ,185,188,0.995,3,FHF,FRAS1( );LAMA5( );LAMB2( );COL2A1( );VCAN( );COL6A3( );COL6A5( );DMBT1( );LAMB1( );COL6A6( );CSPG4( );LGALS3( );SERPING1( );MUC4( );PLAUR( )
COL6A5, matrix metallopeptidase-9  and  granzyme B ({Homo sapiens}-type) ,546,552,1.0699999999999998,6,YLIVLT,COL6A5( )
COL6A5, matrix metallopeptidase-7  and  matrix metallopeptidase-9 ,933,940,0.96,7,QLNDTAL,COL6A5( )
COL6A5, cathepsin G  and  matrix metallopeptidase-9 ,934,940,1.01,6,LNDTAL,COL6A5( )
COL6A5, matrix metallopeptidase-9  and  matrix metallopeptidase-9 ,2238,2244,1.06,6,QMFEPQ,COL6A5( )
COL6A5, matrix metallopeptidase-9  and  matrix metallopeptidase-3 ,2238,2244,1.06,6,QMFEPQ,COL6A5( )
COL6A5, matrix metallopeptidase-9  and  matrix metallopeptidase-7 ,2238,2244,1.1400000000000001,6,QMFEPQ,COL6A5( )
COL6A5, elastase-2  and  matrix metallopeptidase-9 ,2233,2238,0.9949999999999999,5,VYLPS,COL6A5( )
COL6A5, cathepsin G  and  matrix metallopeptidase-9 ,2231,2238,0.945,7,YLVYLPS,COL6A5( )
COL6A5, cathepsin G  and  matrix metallopeptidase-9 ,340,343,0.955,3,QIA,HMCN2( );FRAS1( );FBN1( );LUM( );POSTN( );COL6A3( );MFGE8( );COL6A5( );COL12A1( );LAMA2( );COL14A1( );COL6A6( );EMILIN1( );MYH9( );TLN1( );SDCBP( );PDCD6IP( );DAG1( );CANX( );DYNC1H1( );SERPIND1( );PLEC( );ACTN2( );ACTN4( );ERAP1( );PIP( );CALM1( );ACTN1( );SLC25A6( );ACE( );APOB( );QPCT( );CD40( );ADAMTS17( );TIMP1( );HGFAC( );EGFR( );DEFA1( );DEFA3( )
COL6A5, matrix metallopeptidase-9  and  matrix metallopeptidase-9 ,1093,1096,0.9650000000000001,3,NMF,HSPG2( );LAMA3( );COL6A5( );CDH1( );CSPG4(Extracellular);GPI( );GANAB( );IDE( );AGTR2( );C1R( );ADAMTS17( );RNASE2( );F2( );PRSS1( )
COL6A5, matrix metallopeptidase-9  and  matrix metallopeptidase-7 ,1093,1096,0.9400000000000001,3,NMF,HSPG2( );LAMA3( );COL6A5( );CDH1( );CSPG4(Extracellular);GPI( );GANAB( );IDE( );AGTR2( );C1R( );ADAMTS17( );RNASE2( );F2( );PRSS1( )
COL6A5, matrix metallopeptidase-9  and  elastase-2 ,1093,1099,1.065,6,NMFNLH,COL6A5( )
COL6A5, matrix metallopeptidase-9  and  matrix metallopeptidase-9 ,1695,1702,0.905,7,GFRGLAL,COL6A5( )
COL6A5, matrix metallopeptidase-9  and  matrix metallopeptidase-7 ,1695,1700,1.065,5,GFRGL,COL6A5( )
COL6A5, matrix metallopeptidase-9  and  matrix metallopeptidase-7 ,1695,1698,0.915,3,GFR,HMCN2( );TNXB( );FN1( );TNC( );COL7A1( );LAMC2( );FBN2( );COMP( );MATN2( );LTBP4( );LTBP2( );EFEMP1( );FBN1( );THBS4( );FGA( );LTBP2( );COL18A1( );VCAN( );COL3A1( );COL6A5( );COL4A4( );DMBT1( );COL12A1( );FBLN1( );COL4A3( );NID1( );COL4A6( );COL4A2( );EMILIN1( );CKAP4( );CHGA( );CSPG4( );RPL9( );DYNC1H1( );PGLYRP2( );FAM3C( );AGT( );IL1B( );PLEC( );LGALS3BP( );C2( );SLTM( );FLNB( );C4B( );C4A( );CD209( );ST14( );TGFB1( );ANG( );MDK( );CFH( )
COL6A5, matrix metallopeptidase-9  and  cathepsin G ,1695,1701,1.03,6,GFRGLA,COL6A5( )
COL6A5, matrix metallopeptidase-9  and  matrix metallopeptidase-9 ,49,55,0.9650000000000001,6,VKTFIN,COL6A5( )
COL6A5, matrix metallopeptidase-7  and  matrix metallopeptidase-9 ,194,201,0.905,7,DLSTFSQ,COL6A5( )
COL6A5, matrix metallopeptidase-9  and  granzyme B ({Homo sapiens}-type) ,201,208,0.91,7,NMTQIIK,COL6A5( )
COL6A5, matrix metallopeptidase-9  and  matrix metallopeptidase-9 ,2338,2345,0.985,7,VLSYSPP,COL6A5( )
COL6A5, matrix metallopeptidase-9  and  matrix metallopeptidase-3 ,2338,2345,0.9750000000000001,7,VLSYSPP,COL6A5( )
COL6A5, granzyme B ({Homo sapiens}-type)  and  matrix metallopeptidase-9 ,2334,2338,0.875,4,DRVA,COL6A5( );COL6A6( );LAMB3( );KARS( );CHGB( );TGFB1( )
COL6A5, matrix metallopeptidase-9  and  cathepsin G ,2338,2341,0.885,3,VLS,HMCN2( );FRAS1( );TNC( );COL7A1( );FBN2( );VWF( );HSPG2( );ASPN( );ANOS1( );LAMA5( );AEBP1( );LAMA3( );LAMC1( );FGA( );COL18A1( );VCAN( );COL6A3( );COL6A5( );DMBT1( );COL12A1( );IGFBP3( );LAMB1( );NID1( );LAMB3( );EMILIN1( );LAMA4( );COL15A1( );VWA5B1( );HSPA5( );APOC1( );HYOU1( );CKAP4( );AIMP1( );ATP5B( );TLN1( );ITIH4( );CLCA4( );CSPG4( );CAMP( );PDCD6IP( );ENDOD1( );DAG1( );PMEL( );SERPINF2( );DYNC1H1( );ADH7( );SOGA1( );DSC2( );SFN( );VWA8( );AGT( );EFTUD2( );SERPINI1( );CALR( );C3( );ATP5A1( );FLNA( );PLEC( );CPE( );CD14( );KDR( );CPQ( );NTF4( );CLTC( );FGFR3( );HEBP1( );MMP11( );CASP1( );ACE2( );SERPING1( );C5( );CFD( );CHGB( );GHR( );ORM1( );CLEC3B( );SLC25A6( );SLTM( );ITIH1( );PPT1( );CREG1( );MELTF( );SLC25A5( );APOB( );FLNB( );CPA3( );NCAM1( );ACTG1( );ORM2( );C4B( );C4A( );TSLP( );MUC4( );ST14( );POTEKP( );HBEGF( );SPINT1( );PRKDC( );C7( );KLK5( );FGFR4( );PRL( );PAPPA( );HPX( );KLKB1( );TG( );P3H1( );NGF( );KLK6( );PRLR( );PRSS1( );EGFR( );HRG( );LYNX1( )
COL6A5, matrix metallopeptidase-9  and  granzyme B ({Homo sapiens}-type) ,1112,1118,0.895,6,VVITSG,COL6A5( )
COL6A5, elastase-2  and  matrix metallopeptidase-9 ,1280,1286,0.985,6,THLNAQ,COL6A5( )
COL6A5, matrix metallopeptidase-9  and  matrix metallopeptidase-9 ,1736,1740,0.88,4,DLIR,COL6A5( );DMBT1( );HSPA9( );DSC2( )
COL6A5, elastase-2  and  matrix metallopeptidase-9 ,3,9,0.9450000000000001,6,ILLIIF,COL6A5( )
COL6A5, elastase-2  and  matrix metallopeptidase-9 ,6,9,0.875,3,IIF,TNC( );ASPN( );LAMA3( );COL6A3( );COL6A5( );LAMB1( );FBLN1( );UCN( );SERPINF1( );SERPINB5( );CSPG4(CSPG 2);DAG1( );TFRC( );SHH( );IL18( );DPP7( );ITIH5( );ALCAM( );MMP28( );GHR( );GLG1( );AGTR2( );SERPINC1( );CP( );MUC4( );CD40( );CXADR(Helical);CFI( );CCL20( );C1S( )
COL6A5, matrix metallopeptidase-9  and  matrix metallopeptidase-9 ,896,902,0.935,6,ALKHAN,COL6A5( )
COL6A5, matrix metallopeptidase-9  and  matrix metallopeptidase-7 ,896,902,0.915,6,ALKHAN,COL6A5( )
COL6A5, matrix metallopeptidase-9  and  matrix metallopeptidase-9 ,876,880,0.89,4,AIIE,COL5A1( );COL6A5( );DMKN( );C4B( );C4A( );FLT1( )
COL6A5, matrix metallopeptidase-9  and  matrix metallopeptidase-9 ,646,653,0.915,7,KMKIFMK,COL6A5( )
COL6A5, matrix metallopeptidase-3  and  matrix metallopeptidase-9 ,2238,2244,0.87,6,QMFEPQ,COL6A5( )
COL6A5, matrix metallopeptidase-3  and  matrix metallopeptidase-9 ,2338,2345,0.855,7,VLSYSPP,COL6A5( )
COL6A5, cathepsin G  and  matrix metallopeptidase-9 ,2339,2345,0.895,6,LSYSPP,COL6A5( )
COL6A5, cathepsin G  and  matrix metallopeptidase-9 ,2341,2345,0.84,4,YSPP,LTBP4( );COL6A5( );SOGA1( )
COL6A5, matrix metallopeptidase-7  and  matrix metallopeptidase-9 ,1637,1642,0.9,5,DLGPV,COL6A5( );COL6A1( )
COL6A5, matrix metallopeptidase-9  and  matrix metallopeptidase-9 ,1023,1030,0.825,7,TMTTFLS,COL6A5( )
COL6A5, cathepsin G  and  matrix metallopeptidase-9 ,1363,1366,0.8300000000000001,3,LTI,ECM1( );HMCN2(Ig-like C2-type 39);FRAS1( );TNC( );COL7A1( );FBN2( );HSPG2( );MATN2( );EFEMP1( );EFEMP2( );LTBP2( );VCAN( );COL6A3( );TGFBI( );COL6A5( );COL12A1( );NID1( );LAMA2( );EMILIN1( );FGG( );GPX3( );SPX( );HSPA5( );HSPA8( );ITIH4( );CLCA4( );CSPG4( );HSP90AA1( );ITIH3( );ITIH2( );IGLV3-19( );RPN1( );PZP( );EIF4A1( );RPL12( );APOA2( );ARF4( );DYNC1H1( );MAP2K2( );DSG1( );IGLV3-21( );FLNA( );COPA( );IGKV1-17( );IGKV3-15( );FKBP1A( );KDR( );IGKV1-5( );SERPINA1( );IGKV4-1( );IGHM( );ACE2( );F13A1( );C5( );IGLV3-1( );SERPINA3( );PROCR( );SLTM( );ITIH1( );IL1RL1( );APOB( );NCAM1( );GNLY( );IGKV3-20( );IFI30( );IL20( );A2ML1( );IGKV1-39( );PAPPA( );FLT1( );BDNF( );TSHB( );PLAUR( )
COL6A5, matrix metallopeptidase-9  and  matrix metallopeptidase-9 ,253,260,0.88,7,HLQTFLE,COL6A5( )
COL6A5, matrix metallopeptidase-9  and  matrix metallopeptidase-3 ,370,376,0.865,6,ALSIQG,COL6A5( )
COL6A5, granzyme B ({Homo sapiens}-type)  and  matrix metallopeptidase-9 ,365,370,0.8200000000000001,5,DVNVF,COL6A3( );COL6A5( );ANXA1( )
COL6A5, matrix metallopeptidase-9  and  matrix metallopeptidase-9 ,2098,2101,0.815,3,KMM,COL6A5( );COL14A1( );HYOU1( );HNRNPU( );VWA8( );COPA( );CPE( );GANAB( );GHR( );OLFML1( );PKM( );CPA3( );PRKDC( )
COL6A5, matrix metallopeptidase-9  and  matrix metallopeptidase-7 ,2098,2101,0.8600000000000001,3,KMM,COL6A5( );COL14A1( );HYOU1( );HNRNPU( );VWA8( );COPA( );CPE( );GANAB( );GHR( );OLFML1( );PKM( );CPA3( );PRKDC( )
COL6A5, matrix metallopeptidase-9  and  cathepsin G ,2113,2116,0.8300000000000001,3,VIS,FRAS1( );TNC( );FBN2( );VWF( );HSPG2( );LTBP4( );LGI3( );LAMA3( );ABI3BP( );FBN1( );LAMC1( );THBS4( );VCAN( );COL6A3( );TGFBI( );COL6A5( );DMBT1( );COL12A1( );FBLN1( );COL4A6( );COL14A1( );COL6A1( );COL6A6( );COL6A2( );LAMA4( );CDH1( );MYH9( );TLN1( );CD34( );CHGA( );CLCA4( );PMEL( );ITIH2( );HSPH1( );DYNC1H1( );DSG1( );FAM3C( );ATP5A1( );FLNA(Filamin 18);TUBB( );KDR( );TUBB4B( );LRPAP1( );ACTN2( );TUBA4A( );ACTN4( );SERPING1( );C5( );ACTN1( );NECTIN1( );C2( );F2R(Helical; Name=3);SLC25A5(Solcar 3);CD109( );APOB( );GLG1( );SOD1( );MUC4( );TEK( );HPR( );CXADR( );C7( );TG( );P3H1( );FGFR2( );CFHR2( );PLAU( );CFHR1( );CFB( );BDNF( );HGF( );CFH(Sushi 20)
COL6A5, cathepsin G  and  matrix metallopeptidase-9 ,2109,2113,0.8049999999999999,4,YVIF,COL6A5( );NTF3( )
COL6A5, granzyme B ({Homo sapiens}-type)  and  matrix metallopeptidase-9 ,663,669,0.87,6,DKTQIG,COL6A5( )
COL6A5, matrix metallopeptidase-9  and  granzyme B ({Homo sapiens}-type) ,669,674,0.855,5,VVQFS,COL6A3( );COL6A5( );COL6A6( )
COL6A5, matrix metallopeptidase-9  and  cathepsin G ,669,672,1.095,3,VVQ,HMCN2( );FRAS1( );TNXB( );COL7A1( );LAMC2( );ANOS1( );SPON1( );LAMB2( );COL18A1( );COL5A1( );COL6A3( );DCN(Cys-rich);COL6A5( );COL12A1( );COL6A1( );BGN(Cys-rich);COL6A6( );COL6A2( );LAMA4( );CDH1( );HSPA8( );TLN1( );HSP90B1( );NGRN( );CSPG4( );TNXA( );KITLG( );HSPH1( );PZP( );DYNC1H1( );VWA8( );SBSN( );EFTUD2( );CALR( );FLNA( );PLEC(Spectrin 3);CDSN( );A2M( );CLTC( );ITIH5( );NECTIN1( );AHSG( );PPT1( );GSN( );CD109( );FLNB(Filamin 2);CTSK( );CD40( );AFM( );PRKDC( );IL17F( );ADAMTS17( );CALU( );PSAPL1( );FLT1( );PLG( );C1S( );KLK8( )
COL6A5, matrix metallopeptidase-9  and  matrix metallopeptidase-3 ,818,824,0.87,6,VLDHSG,COL6A5( )
COL6A5, granzyme B ({Homo sapiens}-type)  and  matrix metallopeptidase-9 ,814,818,0.8049999999999999,4,DVVF,COL7A1(VWFA 2);COL6A3(VWFA 6);COL6A5(VWFA 1);COL6A6(VWFA 1);COL6A2(VWFA 2);CLTC( );MUC4( )
COL6A5, cathepsin G  and  matrix metallopeptidase-9 ,812,818,0.8500000000000001,6,LLDVVF,COL6A5(VWFA 5)
COL6A5, granzyme B ({Homo sapiens}-type)  and  matrix metallopeptidase-9 ,1253,1259,0.935,6,DQGFPA,COL6A5( )
COL6A5, matrix metallopeptidase-9  and  granzyme B ({Homo sapiens}-type) ,1461,1465,0.845,4,GGHG,COL7A1( );LTBP2( );COL5A2( );COL6A5(Collagen-like 3);CKAP4( );VWA8( );FLNA( );DMKN( );CDSN( )
COL6A5, matrix metallopeptidase-3  and  matrix metallopeptidase-9 ,896,902,0.8049999999999999,6,ALKHAN,COL6A5( )
COL6A5, matrix metallopeptidase-7  and  matrix metallopeptidase-9 ,896,902,0.8200000000000001,6,ALKHAN,COL6A5( )
COL6A5, matrix metallopeptidase-9  and  matrix metallopeptidase-3 ,1137,1144,0.855,7,VLVLGIG,COL6A5( )
COL6A5, matrix metallopeptidase-7  and  matrix metallopeptidase-9 ,1132,1137,0.8300000000000001,5,DLGIC,COL6A5( )
COL6A5, matrix metallopeptidase-9  and  granzyme B ({Homo sapiens}-type) ,1137,1144,0.8300000000000001,7,VLVLGIG,COL6A5( )
COL6A5, granzyme B ({Homo sapiens}-type)  and  matrix metallopeptidase-9 ,1132,1137,0.81,5,DLGIC,COL6A5( )
COL6A5, matrix metallopeptidase-9  and  matrix metallopeptidase-9 ,1719,1725,0.88,6,GQRGIK,COL6A5( )
COL6A5, matrix metallopeptidase-3  and  matrix metallopeptidase-9 ,1719,1725,0.9099999999999999,6,GQRGIK,COL6A5( )
COL6A5, matrix metallopeptidase-9  and  matrix metallopeptidase-7 ,1725,1730,0.81,5,GMAGQ,HMCN2( );COL6A5(Collagen-like 6)
COL6A5, matrix metallopeptidase-9  and  elastase-2 ,1725,1731,0.85,6,GMAGQP,COL6A5(Collagen-like 6)
COL6A5, matrix metallopeptidase-9  and  cathepsin G ,1725,1732,0.845,7,GMAGQPV,COL6A5(Collagen-like 6)
COL6A5, matrix metallopeptidase-9  and  cathepsin G ,646,651,0.81,5,KMKIF,COL6A5( )
COL6A5, matrix metallopeptidase-9  and  matrix metallopeptidase-9 ,1846,1853,0.855,7,AMRFVTR,COL6A5( )
COL6A5, matrix metallopeptidase-9  and  granzyme B ({Homo sapiens}-type) ,1671,1675,0.84,4,GFPG,ADIPOQ( );COL7A1( );ELN( );COL1A2( );COL1A1( );COL2A1( );COL5A2( );COL18A1( );COL3A1( );COL5A1( );COL6A3( );COL6A5( );COL4A4( );COL12A1( );COL4A1( );COL4A3( );COL4A5( );COL4A6( );COL14A1( );COL6A1( );COL4A2( );COL16A1( );COL6A6( );COL6A2( );COLQ( );COL15A1( );COL17A1( );HSPA8( );A2M( );GLA( );C1S( )
COL6A5, matrix metallopeptidase-9  and  matrix metallopeptidase-9 ,2289,2294,0.8200000000000001,5,YMDVA,COL6A5(VWFA 10)
COL6A5, matrix metallopeptidase-7  and  matrix metallopeptidase-9 ,2287,2294,0.8200000000000001,7,EYYMDVA,COL6A5(VWFA 10)
COL6A5, matrix metallopeptidase-9  and  granzyme B ({Homo sapiens}-type) ,2294,2297,0.865,3,FLI,FRAS1( );MATN2( );ABI3BP( );VCAN( );COL6A3( );COL6A5( );COL4A5( );COL6A6( );COL17A1( );VWA5B1( );SDC4( );TNF( );CLCA4( );TFRC( );EEF2( );HPSE( );VWA8( );SERPIND1( );SERPINI1( );CALR( );GPI( );SERPINB2( );CPQ( );SERPINA7( );CLTC( );IDE( );ERAP1( );RAC1( );C5( );PLSCR1( );MMP9( );CMA1( );C2( );CD109( );APOB( );GLG1( );S100A8( );TEK(Helical);SPINT1( );IFI30( );IL13RA2( );PRKDC( );PDGFA( );HPX( );CXCL8( );TIMP1( );NGF( );FGFR1( );C4BPA( );NELL2( );FGFR2( );PI3( );PLAUR( )
COL6A5, granzyme B ({Homo sapiens}-type)  and  matrix metallopeptidase-9 ,2291,2294,0.845,3,DVA,HMCN2( );FRAS1( );FN1( );VWF(VWFA 2);HSPG2( );COL1A1( );COL5A1(Laminin G-like);COL6A5( );COL6A1( );LAMB3( );CTHRC1( );HSPD1( );CKAP4( );CDH1( );ATP5B( );HADHA( );TLN1( );CD34( );CCT6A( );IFNG( );CSPG4(Laminin G-like 2);ENDOD1( );ANXA1( );EEF2( );PZP( );P4HB( );SOGA1( );IL6( );FAM3C( );AGT( );LGALS3( );PLEC( );COPA( );RNPEP( );CPQ( );GGH( );HMGB1( );IGKV4-1( );WDR1( );MMP19( );TXN( );ACTN1( );CFD( );MMP9(Hemopexin 3);C2( );ADM( );MMP1( );MELTF( );CD109( );GLG1( );PKM( );MMP2( );MUC4( );TEK( );GLA( );PAPPA( );TF( );KLKB1( );TG( );CD5L( );LTF( );WNT5A( );CFB( );CFH( )
COL6A5, cathepsin G  and  matrix metallopeptidase-9 ,2289,2294,0.8049999999999999,5,YMDVA,COL6A5(VWFA 10)
COL6A5, matrix metallopeptidase-3  and  matrix metallopeptidase-9 ,43,49,0.845,6,PKSFPF,COL6A5( )
COL6A5, matrix metallopeptidase-9  and  cathepsin G ,275,279,0.845,4,GLMS,COL6A5( )
COL6A5, matrix metallopeptidase-9  and  granzyme B ({Homo sapiens}-type) ,2327,2334,0.7849999999999999,7,PLTSTLG,COL6A5( )
COL6A5, matrix metallopeptidase-3  and  matrix metallopeptidase-9 ,1798,1804,0.8049999999999999,6,GARVAM,COL6A5( )
COL6A5, elastase-2  and  matrix metallopeptidase-9 ,1797,1804,0.9199999999999999,7,VGARVAM,COL6A5( )
COL6A5, matrix metallopeptidase-9  and  elastase-2 ,1561,1565,0.79,4,GLRG,TNXB( );COL7A1( );LAMA5( );COL1A2( );COL2A1( );COL5A2( );COL3A1( );COL5A1( );COL6A5( );COL4A4( );COL4A1( );COL4A3( );COL4A6( );COL14A1( );COL6A1( );COL4A2( );COL16A1( );COL6A6( );EMILIN1( );COL17A1( );TNXA( );DPP7( )
COL6A5, matrix metallopeptidase-7  and  matrix metallopeptidase-9 ,1848,1853,0.83,5,RFVTR,COL6A5( )
COL6A5, matrix metallopeptidase-3  and  matrix metallopeptidase-9 ,763,770,0.8,7,VYNANRS,COL6A5( )
COL6A5, matrix metallopeptidase-9  and  granzyme B ({Homo sapiens}-type) ,770,777,0.94,7,QLEEISG,COL6A5( );COL6A6( )
COL6A5, matrix metallopeptidase-9  and  elastase-2 ,770,774,0.85,4,QLEE,LAMA3( );VCAN( );COL6A3( );PRELP(LRR 3);COL6A5( );FBLN1(Anaphylatoxin-like 1);COL6A6( );EMILIN1( );MYH9( );CSTA( );PLEC( );KDR( );CLU( );AHSG( );TLR9( )
COL6A5, cathepsin G  and  matrix metallopeptidase-9 ,764,770,0.855,6,YNANRS,COL6A5( )
COL6A5, matrix metallopeptidase-9  and  matrix metallopeptidase-9 ,1582,1588,0.81,6,GLQGPQ,COL6A5( )
COL6A5, matrix metallopeptidase-9  and  matrix metallopeptidase-3 ,1582,1588,0.7749999999999999,6,GLQGPQ,COL6A5( )
COL6A5, elastase-2  and  matrix metallopeptidase-9 ,1577,1582,0.79,5,TLGAE,COL6A5(Collagen-like 4)
COL6A5, matrix metallopeptidase-9  and  elastase-2 ,63,69,0.8,6,EANKYR,COL6A5( )
COL6A5, matrix metallopeptidase-7  and  matrix metallopeptidase-9 ,911,918,0.83,7,RIKQNVK,COL6A5( )
COL6A5, matrix metallopeptidase-9  and  granzyme B ({Homo sapiens}-type) ,918,925,0.845,7,QMLIVIT,COL6A5( )
COL6A5, granzyme B ({Homo sapiens}-type)  and  matrix metallopeptidase-9 ,498,504,0.78,6,DYSNDI,COL6A5( )
COL6A5, cathepsin G  and  matrix metallopeptidase-9 ,499,504,0.865,5,YSNDI,COL6A5( )
COL6A5, matrix metallopeptidase-9  and  cathepsin G ,504,510,0.8,6,DLRKAI,COL6A5( )
COL6A5, matrix metallopeptidase-9  and  matrix metallopeptidase-9 ,176,179,0.78,3,NLK,FRAS1( );TNC( );VWF( );LAMA3( );ABI3BP( );COL1A2( );COL1A1( );COL2A1( );FBN1( );LAMC1( );THBS4( );COL5A2( );COL18A1( );THBS2( );FMOD( );COL6A3( );DCN( );COL6A5( );DMBT1( );COL12A1( );LAMA2( );COL6A6( );COL6A2( );COL15A1( );FGG( );SERPINF1( );CKAP4( );CDH1( );AIMP1( );ATP5B( );MYH9( );TLN1( );IFNG( );PDCD6IP( );TFRC( );LGALS1( );DYNC1H1( );VWA8( );ALDOA( );FLNA( );COPA( );APOA1(1);SERPINA4( );CPA4( );ACE2( );SERPING1( );C5( );C2( );MMP1( );CD109( );APOB( );FLNB( );LEPROT( );PROS1( );LOXL1( );CTSK( );PRKDC( );A2ML1( );IL10( );HBB( );PAPPA( );TF( );TLR9( );LTF(Transferrin-like 2);PLG( );CD55( );F2( );INHBA( )
COL6A5, matrix metallopeptidase-9  and  matrix metallopeptidase-7 ,176,179,0.7849999999999999,3,NLK,FRAS1( );TNC( );VWF( );LAMA3( );ABI3BP( );COL1A2( );COL1A1( );COL2A1( );FBN1( );LAMC1( );THBS4( );COL5A2( );COL18A1( );THBS2( );FMOD( );COL6A3( );DCN( );COL6A5( );DMBT1( );COL12A1( );LAMA2( );COL6A6( );COL6A2( );COL15A1( );FGG( );SERPINF1( );CKAP4( );CDH1( );AIMP1( );ATP5B( );MYH9( );TLN1( );IFNG( );PDCD6IP( );TFRC( );LGALS1( );DYNC1H1( );VWA8( );ALDOA( );FLNA( );COPA( );APOA1(1);SERPINA4( );CPA4( );ACE2( );SERPING1( );C5( );C2( );MMP1( );CD109( );APOB( );FLNB( );LEPROT( );PROS1( );LOXL1( );CTSK( );PRKDC( );A2ML1( );IL10( );HBB( );PAPPA( );TF( );TLR9( );LTF(Transferrin-like 2);PLG( );CD55( );F2( );INHBA( )
COL6A5, matrix metallopeptidase-9  and  elastase-2 ,176,182,0.94,6,NLKAMA,COL6A5( );COL6A6( )
COL6A5, granzyme B ({Homo sapiens}-type)  and  matrix metallopeptidase-9 ,831,835,0.82,4,DHMI,COL6A5( )
COL6A5, matrix metallopeptidase-9  and  elastase-2 ,835,838,0.9749999999999999,3,NLT,HMCN2( );TNXB( );FN1( );TNC( );LAMC2( );VWF( );HSPG2( );LAMA5( );LAMA3( );LTBP2( );LAMB2( );ABI3BP( );LAMC1( );LUM( );FMOD( );COL6A3( );KERA(LRR 5);COL6A5( );COL12A1( );LAMB1( );OGN( );LAMA2( );COL6A6( );EMILIN1( );COL6A2( );LRG1( );LAMA4( );SERPINF1( );HYOU1( );HADHA( );MYH9( );TLN1( );CLCA4( );ITIH3( );LGALS1( );SFN( );DPP7( );SERPINI1( );FLNA( );PLEC( );TREM1( );EPHB4( );CD14( );SERPINA6( );PYCARD( );MMP8( );KDR( );LGALS3BP( );LRPAP1( );SERPINA7( );ERAP1( );SERPINA1( );ITIH5( );SERPINA4( );PTGDS( );CASP1( );ACE2( );NECTIN1( );CLU( );MMP9( );SERPINA3( );C2( );ITIH1( );CRTAP( );CD109( );IL1RL1( );APOB( );GLG1( );CP( );LEPROT( );IGHA1( );IGHA2( );C4B( );C4A( );CD209( );MUC4( );ST14( );TEK( );HPR( );APOD( );CD8B( );FGFR4( );CASP4( );PSAPL1( );TG( );FLT1( );IL4R( );TLR9( );RNASE2( );HP( )
COL6A5, matrix metallopeptidase-9  and  elastase-2 ,835,841,0.7649999999999999,6,NLTIHL,COL6A5( )
COL6A5, matrix metallopeptidase-9  and  elastase-2 ,220,223,0.865,3,DMQ,LAMA3( );COL6A5( );COL12A1( );SDC1( );APOE( );ITIH3( );DYNC1H1( );KDR( );IDE( );C5( );ITIH1( )
COL6A5, matrix metallopeptidase-9  and  elastase-2 ,220,227,0.855,7,DMQVHFP,COL6A5( )
COL6A5, matrix metallopeptidase-9  and  granzyme B ({Homo sapiens}-type) ,2356,2360,0.825,4,YLEF,COL6A5( );LAMB1( );CLTC( )
COL6A5, matrix metallopeptidase-9  and  elastase-2 ,2356,2362,0.9,6,YLEFDL,COL6A5( )
COL6A5, matrix metallopeptidase-9  and  matrix metallopeptidase-3 ,876,880,0.88,4,AIIE,COL5A1( );COL6A5( );DMKN( );C4B( );C4A( );FLT1( )
COL6A5, cathepsin G  and  matrix metallopeptidase-9 ,871,876,0.815,5,YSNRS,COL6A5( )
COL6A5, matrix metallopeptidase-9  and  elastase-2 ,1096,1099,0.91,3,NLH,FRAS1( );FN1( );HSPG2( );DCN( );COL6A5( );LAMA2( );ENDOD1( );GPC2( );HPSE( );DYNC1H1( );SOGA1( );VWA8( );CPE( );GPC1( );ACE( );MMP1( );IL1RL1( );APOB( );TNFSF10( );TEK( );IL13RA2( );PRKDC( );PGF( );ADAMTS17(TSP type-1 2);EFNA3( );IL17A( );WNT5A( );PLAT( )
COL6A5, matrix metallopeptidase-3  and  matrix metallopeptidase-9 ,1862,1869,0.765,7,ANVRRVA,COL6A5( )
COL6A5, granzyme B ({Homo sapiens}-type)  and  matrix metallopeptidase-9 ,2146,2153,0.79,7,DLNYIAK,COL6A5( )
COL6A5, matrix metallopeptidase-9  and  cathepsin G ,2153,2159,0.845,6,FLKPFL,COL6A5(VWFA 9)
COL6A5, cathepsin G  and  matrix metallopeptidase-9 ,2149,2153,0.755,4,YIAK,COL6A5( )
COL6A5, matrix metallopeptidase-9  and  granzyme B ({Homo sapiens}-type) ,358,365,0.76,7,ALNLRLE,COL6A5( )
COL6A5, matrix metallopeptidase-7  and  matrix metallopeptidase-9 ,1984,1989,0.755,5,ALVSS,COL6A5( );IL17C( )
COL6A5, matrix metallopeptidase-9  and  cathepsin G ,1989,1993,0.8400000000000001,4,VIDN,COL6A5( );CANX(2-2);IL1RL1( );ACTG1( );POTEKP( )
COL6A5, matrix metallopeptidase-9  and  granzyme B ({Homo sapiens}-type) ,919,925,0.825,6,MLIVIT,COL6A5( )
COL6A5, matrix metallopeptidase-9  and  granzyme B ({Homo sapiens}-type) ,1966,1969,0.8500000000000001,3,FLI,FRAS1( );MATN2( );ABI3BP( );VCAN( );COL6A3( );COL6A5( );COL4A5( );COL6A6( );COL17A1( );VWA5B1( );SDC4( );TNF( );CLCA4( );TFRC( );EEF2( );HPSE( );VWA8( );SERPIND1( );SERPINI1( );CALR( );GPI( );SERPINB2( );CPQ( );SERPINA7( );CLTC( );IDE( );ERAP1( );RAC1( );C5( );PLSCR1( );MMP9( );CMA1( );C2( );CD109( );APOB( );GLG1( );S100A8( );TEK(Helical);SPINT1( );IFI30( );IL13RA2( );PRKDC( );PDGFA( );HPX( );CXCL8( );TIMP1( );NGF( );FGFR1( );C4BPA( );NELL2( );FGFR2( );PI3( );PLAUR( )
COL6A5, matrix metallopeptidase-3  and  matrix metallopeptidase-9 ,728,731,0.78,3,AKK,HMCN2( );FBN2( );LAMA5( );LAMC1( );VCAN( );COL5A1( );VTN( );COL6A5( );LAMB1( );LAMA2( );COL6A1( );COL6A6( );LAMA4( );COL17A1( );HSPA5( );DCD( );CKAP4( );HADHA( );MYH9( );VCL( );TLN1( );VIP( );PDCD6IP( );HSP90AA1( );HSD17B11( );DAG1( );ITIH3( );CCT2( );SHH( );ITIH2( );EEF2( );HSPH1( );CANX( );ADH7( );CALR( );FLNA( );PLEC( );GPI( );GGH( );HMGB1( );CLTC( );SERPINA1( );HMGB2( );F13A1( );C5( );NECTIN1( );CLU( );GHR( );SERPINA3( );CLEC3B( );C2( );FLNB( );TEK( );RBP4( );CD40( );FGF7( );PRKDC( );RPL30( );TG( );CFI( );CFB( );MDK( );ESR2( )
COL6A5, matrix metallopeptidase-7  and  matrix metallopeptidase-9 ,725,731,0.905,6,RLGAKK,COL6A5( )
COL6A5, matrix metallopeptidase-9  and  matrix metallopeptidase-9 ,2131,2135,0.755,4,PLDQ,COL6A5( );SERPIND1( );FGFR1( )
COL6A5, matrix metallopeptidase-9  and  matrix metallopeptidase-3 ,2135,2141,0.865,6,HLIQLG,COL6A5( )
COL6A5, elastase-2  and  matrix metallopeptidase-9 ,2128,2135,0.8300000000000001,7,ASYPLDQ,COL6A5( )
COL6A5, cathepsin G  and  matrix metallopeptidase-9 ,2130,2135,0.8300000000000001,5,YPLDQ,COL6A5( )
COL6A5, cathepsin G  and  matrix metallopeptidase-9 ,2132,2135,0.75,3,LDQ,FRAS1( );COL7A1( );HSPG2( );SRPX( );LAMA5( );LAMB2( );FBN1( );SPARC( );COL6A3( );COL6A5( );LAMB1( );LAMB3( );COL6A2( );LAMA4( );COLQ( );CTHRC1( );COL15A1( );APOA4( );MYH9( );TLN1( );HSP90B1( );ITIH3( );ITIH2( );HSPH1( );HNRNPU( );CAPZA2( );CANX( );DYNC1H1( );ADH7( );SOGA1( );MAP2K2( );SERPIND1( );CALR( );PLEC( );COPA( );EPHB4( );CTSG( );CLTC( );SERPINA4( );MMP28( );WDR1( );C5( );NUCB2( );CHGB( );GHR( );ORM1( );CCL11( );ANGPT2( );APOB( );CTSD( );CPA3( );MMP2( );C4B( );C4A( );PRKDC( );A2ML1( );PAPPA( );ANG( );TG( );FGFR1( );INHBA( )
COL6A5, matrix metallopeptidase-3  and  matrix metallopeptidase-9 ,478,484,0.76,6,KVRVGV,COL6A3( );COL6A5( )
COL6A5, matrix metallopeptidase-9  and  granzyme B ({Homo sapiens}-type) ,484,488,0.8049999999999999,4,VQYS,COL7A1( );COL6A3( );COL6A5( );COL12A1( );COL6A1( );COL6A2( );DSG1(Cytoplasmic);RBP4( )
COL6A5, granzyme B ({Homo sapiens}-type)  and  matrix metallopeptidase-9 ,477,484,0.775,7,DKVRVGV,COL6A5( )
COL6A5, matrix metallopeptidase-9  and  cathepsin G ,320,326,0.8400000000000001,6,QMRRDG,COL6A5( )
COL6A5, matrix metallopeptidase-7  and  matrix metallopeptidase-9 ,1582,1588,0.765,6,GLQGPQ,COL6A5( )
COL6A5, matrix metallopeptidase-9  and  matrix metallopeptidase-3 ,304,311,0.775,7,NLSIQVG,COL6A5( )
COL6A5, matrix metallopeptidase-9  and  granzyme B ({Homo sapiens}-type) ,631,634,0.885,3,FLV,HMCN2(Ig-like C2-type 42);FRAS1( );TNXB( );FN1( );TNC( );VWF( );HSPG2( );MATN2( );LGI3( );LAMB2( );FGB( );LTBP2( );COL5A1( );COL6A3( );COL6A5( );COL12A1( );COL4A1( );COL6A6( );FGG( );GPX3( );SPX( );CDH1( );TLN1( );HSP90B1( );EEF2( );GPC2( );CANX( );VWA8( );DSG1( );DPP7( );PLEC( );PI16( );CD14( );MMP8( );IGHV3-7( );CTSG( );TUBA4A( );SERPINA4( );CASP1( );MMP14( );IGHV3-13( );MMP9( );MMP10( );CD109( );IL1RL1( );FLNB( );AGTR2( );PKM( );SERPINC1( );CP( );MMP2( );TNFSF10(Extracellular);C4B( );C4A( );MUC4( );ST14(Helical; Signal-anchor for type II);SPINT1( );IGHV1-2( );AFM( );PRKDC( );A2ML1( );CASP4( );TG( );TAC1( );IGHV3-23( );FGFR1( );LTF( );WNT5A( );WFDC12( );SFRP5( );PSAP( );CGA( );TGFA( )
COL6A5, granzyme B ({Homo sapiens}-type)  and  matrix metallopeptidase-9 ,628,631,0.77,3,DIM,COL5A2( );POSTN( );COL5A1( );TGFBI( );COL6A5(VWFA 4);COL6A6(VWFA 4);COL15A1( );DYNC1H1( );CTSG( );PPY( );MMP11( );MMP14( );CMA1( );SLC25A6( );MMP1( );MMP10( );SLC25A5( );MMP2( );KLK13( );SFRP2( );A2ML1( );KLK11( );TG( );KLK6( );CTSB( );PRSS1( );EDN1( )
COL6A5, matrix metallopeptidase-9  and  matrix metallopeptidase-3 ,2289,2294,0.955,5,YMDVA,COL6A5(VWFA 10)
COL6A5, matrix metallopeptidase-3  and  matrix metallopeptidase-9 ,2282,2289,0.88,7,DVSLQEY,COL6A5( )
COL6A5, matrix metallopeptidase-9  and  matrix metallopeptidase-7 ,2289,2294,0.91,5,YMDVA,COL6A5(VWFA 10)
COL6A5, elastase-2  and  matrix metallopeptidase-9 ,2283,2289,0.775,6,VSLQEY,COL6A5( )
COL6A5, matrix metallopeptidase-9  and  cathepsin G ,2289,2295,0.76,6,YMDVAF,COL6A5(VWFA 10)
COL6A5, matrix metallopeptidase-9  and  matrix metallopeptidase-7 ,1902,1906,0.765,4,DERV,ANOS1( );COL6A5( );PRKDC( )
COL6A5, cathepsin G  and  matrix metallopeptidase-9 ,1899,1902,0.8049999999999999,3,FAF,FRAS1( );FBN1( );VTN( );COL6A5( );HSP90B1( );CLCA4( );CSPG4( );HSP90AA1( );DAG1( );KITLG( );HNRNPU( );SERPIND1( );FAM3C( );SERPINA6( );CPQ( );SERPINA7( );SERPINA1( );SERPINA4( );CPA4( );IL1RN( );SERPINA3( );SLC25A6( );SLC25A5( );CPA3( );RARRES2( );C9( );ANGPT1( );IL17C( );AFM( );IL33( );PRKDC( )
COL6A5, cathepsin G  and  matrix metallopeptidase-9 ,405,409,0.78,4,YSTK,COL6A3( );COL6A5( );ITIH3( );NECTIN1( );FLT1( )
COL6A5, matrix metallopeptidase-9  and  matrix metallopeptidase-9 ,2365,2369,0.755,4,NSIH,COL6A5( )
COL6A5, matrix metallopeptidase-9  and  granzyme B ({Homo sapiens}-type) ,2369,2376,0.91,7,QMKHHLQ,COL6A5( )
COL6A5, elastase-2  and  matrix metallopeptidase-9 ,2362,2369,0.875,7,VTYNSIH,COL6A5( )
COL6A5, cathepsin G  and  matrix metallopeptidase-9 ,2364,2369,0.775,5,YNSIH,COL6A5( )
COL6A5, matrix metallopeptidase-9  and  matrix metallopeptidase-9 ,1404,1407,0.75,3,GLQ,HMCN2( );FRAS1( );TNXB( );FN1( );COL7A1( );LAMC2( );VWF( );HSPG2( );LAMA5( );LTBP2( );LAMB2( );COL1A2( );COL1A1( );COL2A1( );MFAP4( );COL5A2( );THBS3( );COL3A1( );COL5A1( );MFGE8( );COL6A5( );COL4A4( );COL4A1( );FBLN1( );COL4A3( );NID1( );COL4A5( );LAMA2( );COL4A6( );COL14A1( );COL6A1( );COL4A2( );COL16A1( );BGN( );COL6A6( );LAMB3( );EMILIN1( );COL15A1(Laminin G-like);COL17A1( );HSPD1( );APOA4(11);SERPINF1( );CKAP4( );CDH1( );VCL( );TLN1( );CCT6A( );CSPG4( );LBP( );ITIH2( );SERPINF2( );ARF4( );SOGA1( );DPP7( );PGLYRP2( );SERPINA12( );NAMPT( );CALR( );C3( );FLNA( );PYCARD( );CPQ( );GANAB( );TUBA4A( );MMP28( );MMP11( );MMP14( );PROCR( );ACE( );HNRNPK( );SLTM( );ITIH1( );GSN( );APOB( );FLNB( );CP( );RARRES2( );C4B( );C4A( );MUC4( );TEK( );ACPP( );SPINT1( );PRKDC( );ADAMTS17( );TG( );NGFR( );TLR9( );F2( );EGFR( );VEGFC( );CD59( )
COL6A5, matrix metallopeptidase-9  and  matrix metallopeptidase-3 ,1404,1407,0.775,3,GLQ,HMCN2( );FRAS1( );TNXB( );FN1( );COL7A1( );LAMC2( );VWF( );HSPG2( );LAMA5( );LTBP2( );LAMB2( );COL1A2( );COL1A1( );COL2A1( );MFAP4( );COL5A2( );THBS3( );COL3A1( );COL5A1( );MFGE8( );COL6A5( );COL4A4( );COL4A1( );FBLN1( );COL4A3( );NID1( );COL4A5( );LAMA2( );COL4A6( );COL14A1( );COL6A1( );COL4A2( );COL16A1( );BGN( );COL6A6( );LAMB3( );EMILIN1( );COL15A1(Laminin G-like);COL17A1( );HSPD1( );APOA4(11);SERPINF1( );CKAP4( );CDH1( );VCL( );TLN1( );CCT6A( );CSPG4( );LBP( );ITIH2( );SERPINF2( );ARF4( );SOGA1( );DPP7( );PGLYRP2( );SERPINA12( );NAMPT( );CALR( );C3( );FLNA( );PYCARD( );CPQ( );GANAB( );TUBA4A( );MMP28( );MMP11( );MMP14( );PROCR( );ACE( );HNRNPK( );SLTM( );ITIH1( );GSN( );APOB( );FLNB( );CP( );RARRES2( );C4B( );C4A( );MUC4( );TEK( );ACPP( );SPINT1( );PRKDC( );ADAMTS17( );TG( );NGFR( );TLR9( );F2( );EGFR( );VEGFC( );CD59( )
COL6A5, matrix metallopeptidase-9  and  matrix metallopeptidase-7 ,1404,1407,0.74,3,GLQ,HMCN2( );FRAS1( );TNXB( );FN1( );COL7A1( );LAMC2( );VWF( );HSPG2( );LAMA5( );LTBP2( );LAMB2( );COL1A2( );COL1A1( );COL2A1( );MFAP4( );COL5A2( );THBS3( );COL3A1( );COL5A1( );MFGE8( );COL6A5( );COL4A4( );COL4A1( );FBLN1( );COL4A3( );NID1( );COL4A5( );LAMA2( );COL4A6( );COL14A1( );COL6A1( );COL4A2( );COL16A1( );BGN( );COL6A6( );LAMB3( );EMILIN1( );COL15A1(Laminin G-like);COL17A1( );HSPD1( );APOA4(11);SERPINF1( );CKAP4( );CDH1( );VCL( );TLN1( );CCT6A( );CSPG4( );LBP( );ITIH2( );SERPINF2( );ARF4( );SOGA1( );DPP7( );PGLYRP2( );SERPINA12( );NAMPT( );CALR( );C3( );FLNA( );PYCARD( );CPQ( );GANAB( );TUBA4A( );MMP28( );MMP11( );MMP14( );PROCR( );ACE( );HNRNPK( );SLTM( );ITIH1( );GSN( );APOB( );FLNB( );CP( );RARRES2( );C4B( );C4A( );MUC4( );TEK( );ACPP( );SPINT1( );PRKDC( );ADAMTS17( );TG( );NGFR( );TLR9( );F2( );EGFR( );VEGFC( );CD59( )
COL6A5, matrix metallopeptidase-9  and  cathepsin G ,1404,1408,0.78,4,GLQA,LAMA5( );LTBP2(EGF-like 19; calcium-binding);COL6A5( );CSPG4( );DPP7( );CP( )
COL6A5, matrix metallopeptidase-9  and  matrix metallopeptidase-7 ,2453,2456,0.89,3,ELE,NOV( );TNC( );LAMC2( );VWF( );HSPG2( );ASPN( );LTBP4(EGF-like 15);LAMA5( );AEBP1( );LAMB2( );ABI3BP( );FGB( );MFAP2( );LAMC1( );FGA( );COL18A1( );VCAN( );FBLN5( );COL6A3( );KERA( );COL6A5( );COL12A1( );LAMB1( );COL4A3( );NID1( );LAMA2( );COL4A6( );COL14A1( );BGN( );COL6A6( );LAMB3( );EMILIN1( );COLQ( );FGG( );COL17A1( );LAD1( );HSPA5( );HSPD1( );S100A13( );APOA4( );C1QBP( );HSPA8( );MYH9( );NENF( );TLN1( );VIP( );CHGA( );APOE( );SERPINB5( );CSPG4( );ITIH2( );HSPH1( );RPN1( );DYNC1H1( );SOGA1( );MAP2K2( );VWA8( );PGLYRP2( );AGT( );NAMPT( );PLEC( );CALCA( );CPE( );CASP14( );NUCB1( );KARS( );GANAB( );LRPAP1( );GPC1( );SERPINA7( );CLTC( );FGFR3( );CASP1( );NUCB2( );NECTIN1( );CHGB( );ACE( );ANGPT2( );CRTAP( );CD109( );APOB( );GLG1( );S100A8( );FLNB( );SERPINC1( );S100B( );NCAM1( );MUC4( );KNG1( );ST14( );TEK( );PROS1( );ACPP( );ANGPT1( );C1R( );PRKDC( );TLL1( );C7( );FGFR4( );PAPPA( );TPSD1( );TG( );FLT1( );P3H1( );TPSB2( );WFDC12( );IGF2-AS( );FST( );TNFRSF1A( );TPSAB1( );CFH( );PLAUR( )
COL6A5, matrix metallopeptidase-9  and  elastase-2 ,2453,2458,0.86,5,ELEEL,COL6A5( );APOA4( );CLTC( )
COL6A5, matrix metallopeptidase-9  and  granzyme B ({Homo sapiens}-type) ,629,634,0.87,5,IMFLV,COL6A5( );COL6A6( )
COL6A5, matrix metallopeptidase-9  and  cathepsin G ,629,632,0.775,3,IMF,HSPG2( );MATN2( );COL5A1( );COL6A5( );COL4A3( );COL6A6( );HYOU1( );TLN1( );CLCA4( );IL18( );CANX( );DYNC1H1( );CALR( );ACTG1( );POTEKP( );RAN( );C1R( );SPINK5( )
COL6A5, granzyme B ({Homo sapiens}-type)  and  matrix metallopeptidase-9 ,2360,2365,0.7949999999999999,5,DLVTY,COL6A5( );VCL( )
COL6A5, elastase-2  and  matrix metallopeptidase-9 ,2362,2365,0.87,3,VTY,FN1( );SPON1( );VCAN( );COL5A1( );COL6A3( );COL6A5( );COL4A4( );COL12A1( );LAMA2( );COL14A1( );COL15A1( );HYOU1( );HIST1H4A( );VCL( );CSPG4( );ITIH3( );CANX( );DSG1( );FLNA( );PLEC( );KARS( );ALCAM( );MMP9( );ITIH1( );APOB( );FLNB( );LIF( );LEPROT( );TNFSF10( );RAN( );PAPPA( );TG( );TPSB2( );IL4R( );CFI( );C4BPA( );CD55( );PRLR( );PLAU( );CFB( );FST( );TPSAB1( );CFH( );PLAUR( )
COL6A5, matrix metallopeptidase-7  and  matrix metallopeptidase-9 ,1730,1736,0.745,6,PVYSQC,COL6A5( )
COL6A5, elastase-2  and  matrix metallopeptidase-9 ,1731,1736,0.7849999999999999,5,VYSQC,COL6A5( )
COL6A5, cathepsin G  and  matrix metallopeptidase-9 ,1732,1736,0.78,4,YSQC,COL6A5( );MYL6( )
COL6A5, matrix metallopeptidase-9  and  elastase-2 ,179,182,0.9,3,AMA,HSPG2( );AEBP1( );VTN( );COL6A5( );COL6A6( );VWA5B1( );HSPD1( );HYOU1( );VCL( );CCT6A( );KITLG( );ARF4( );DYNC1H1( );ADH7( );SFN( );MAP2K2( );ALDOA( );HNRNPA2B1( );PLEC( );OLFML3( );MYDGF( );RAC1( );GSN( );PKM( );C4B( );C4A( );POTEKP( );RBP4( );SST( );LTF( )
COL6A5, matrix metallopeptidase-9  and  cathepsin G ,179,185,0.755,6,AMATSH,COL6A5( )
COL6A5, elastase-2  and  matrix metallopeptidase-9 ,1402,1407,0.765,5,TRGLQ,COL6A5( );ITIH2( );ITIH1( )
COL6A5, matrix metallopeptidase-3  and  matrix metallopeptidase-9 ,2596,2601,0.7749999999999999,5,ALVVD,COL6A5( );SLTM( )
COL6A5, matrix metallopeptidase-7  and  matrix metallopeptidase-9 ,2596,2601,0.8049999999999999,5,ALVVD,COL6A5( );SLTM( )
COL6A5, matrix metallopeptidase-9  and  granzyme B ({Homo sapiens}-type) ,2601,2607,0.75,6,KQQEKE,COL6A5( )
COL6A5, elastase-2  and  matrix metallopeptidase-9 ,2594,2601,0.875,7,ISALVVD,COL6A5( )
COL6A5, cathepsin G  and  matrix metallopeptidase-9 ,2597,2601,0.78,4,LVVD,LAMA3( );COL6A5( );SPP1( );LAMA4( );SERPINA5( );NAXE( );VWA8( );COPA( );SLTM( )
COL6A5, matrix metallopeptidase-9  and  matrix metallopeptidase-7 ,2465,2468,0.755,3,HLV,HMCN2( );FRAS1( );HSPG2( );AEBP1( );LAMB2( );THBS4( );COL18A1( );THBS2( );VCAN( );COL6A3( );COL6A5( );COL16A1( );BGN(LRR 3);COL6A6( );COL15A1( );MYH9( );VCL( );ITIH3( );HPSE( );DYNC1H1( );DPP7( );AGT( );NAMPT( );FLNA( );OLFML3( );SERPINA6( );RNPEP( );TUBB( );TUBB4B( );SERPINA7( );C5( );HLA-C( );APOB( );FLNB( );OLFML1( );QPCT( );C4B( );C4A( );ST14( );SPINT1( );IL33( );PRKDC( );CXADR( );A2ML1( );PRL( );PAPPA( );HPX( );ADAMTS17(Cys-rich);CALU( );P3H1( );KLK6( );RNASE7( );CFH( )
COL6A5, elastase-2  and  matrix metallopeptidase-9 ,2458,2465,0.845,7,ASHPLDH,COL6A5( );COL6A6( )
COL6A5, matrix metallopeptidase-3  and  matrix metallopeptidase-9 ,1055,1062,0.77,7,SIIELKN,COL6A5( )
COL6A5, elastase-2  and  matrix metallopeptidase-9 ,1057,1062,0.755,5,IELKN,COL6A5( )
COL6A5, matrix metallopeptidase-7  and  matrix metallopeptidase-9 ,2126,2131,0.825,5,ELASY,COL6A5( )
COL6A5, matrix metallopeptidase-9  and  elastase-2 ,2131,2137,0.87,6,PLDQHL,COL6A5( )
COL6A5, elastase-2  and  matrix metallopeptidase-9 ,2128,2131,0.7949999999999999,3,ASY,HMCN2( );VWF( );HSPG2( );LAMA5( );LAMA3( );FBN1( );VCAN( );MFGE8( );DCN( );COL6A5( );EMILIN1( );PCOLCE( );LAMA4( );VWA5B1( );GPX3( );CSPG4( );HNRNPU( );DYNC1H1( );SOGA1( );PFKP( );LGALS3( );PLEC( );COPA( );EPHB4( );GGH( );GLIPR2( );C5( );CFD( );CTSV( );IGLV3-1( );CRTAP( );APOB( );AGTR2(Helical; Name=4);NCAM1( );LEPROT( );CCL2( );CTSL( );CST6( );PAPPA( );TF( );TG( );CFB( );PRSS1( )
COL6A5, matrix metallopeptidase-3  and  matrix metallopeptidase-9 ,478,483,0.725,5,KVRVG,COL6A3( );COL6A5( );COL6A6( );FLNB(Filamin 22)
COL6A5, matrix metallopeptidase-9  and  granzyme B ({Homo sapiens}-type) ,483,488,0.77,5,VVQYS,COL6A3( );COL6A5( );COL12A1( );COL6A1( );COL6A2( )
COL6A5, granzyme B ({Homo sapiens}-type)  and  matrix metallopeptidase-9 ,477,483,0.74,6,DKVRVG,COL6A5( )
COL6A5, matrix metallopeptidase-9  and  cathepsin G ,483,486,0.905,3,VVQ,HMCN2( );FRAS1( );TNXB( );COL7A1( );LAMC2( );ANOS1( );SPON1( );LAMB2( );COL18A1( );COL5A1( );COL6A3( );DCN(Cys-rich);COL6A5( );COL12A1( );COL6A1( );BGN(Cys-rich);COL6A6( );COL6A2( );LAMA4( );CDH1( );HSPA8( );TLN1( );HSP90B1( );NGRN( );CSPG4( );TNXA( );KITLG( );HSPH1( );PZP( );DYNC1H1( );VWA8( );SBSN( );EFTUD2( );CALR( );FLNA( );PLEC(Spectrin 3);CDSN( );A2M( );CLTC( );ITIH5( );NECTIN1( );AHSG( );PPT1( );GSN( );CD109( );FLNB(Filamin 2);CTSK( );CD40( );AFM( );PRKDC( );IL17F( );ADAMTS17( );CALU( );PSAPL1( );FLT1( );PLG( );C1S( );KLK8( )
COL6A5, elastase-2  and  matrix metallopeptidase-9 ,2097,2101,0.745,4,VKMM,COL6A5( )
COL6A5, matrix metallopeptidase-9  and  cathepsin G ,985,991,0.715,6,TLVQER,COL6A5(VWFA 5)
COL6A5, matrix metallopeptidase-3  and  matrix metallopeptidase-9 ,581,585,0.725,4,ANKI,COL6A5( );LAMA2( );DYNC1H1( );APOB( )
COL6A5, matrix metallopeptidase-3  and  matrix metallopeptidase-9 ,582,585,0.72,3,NKI,TNC( );ASPN( );LUM( );KERA( );PRELP(LRR 7);DCN(LRR 1);COL6A5( );OGN(LRR 1);LAMA2( );COL14A1( );BGN(LRR 2);SRGN( );HSPA5( );HSPA8( );HSPH1( );CAPZA1( );IL18( );CAPZA2( );DYNC1H1( );VWA8( );IL1B( );EFTUD2( );KDR( );ERAP1( );SERPINA1( );MMP11( );SERPING1( );GHR( );ACE( );SLTM( );GSN( );CD109( );APOB( );FLNB( );CPA3( );LEPROT( );QPCT( );ST14( );KLK14(Peptidase S1);IL33( );PRKDC( );TLL1( );CD163(SRCR 9);PAPPA( );TF( );PSAP( );CFH( )
COL6A5, matrix metallopeptidase-9  and  elastase-2 ,585,589,0.7949999999999999,4,ELQE,COMP( );MATN2( );LAMB2( );COL6A5( );COL14A1( );MYH9( );NGRN( );ANXA2P2( );ANXA2( );APOA1( );PPY( );CLU( );APOB( );C1R( );CCL27( )
COL6A5, matrix metallopeptidase-9  and  cathepsin G ,319,326,0.8049999999999999,7,DQMRRDG,COL6A5( )
COL6A5, matrix metallopeptidase-9  and  matrix metallopeptidase-3 ,1052,1055,0.765,3,NYQ,COL6A5( );YBX1( );CAPZA1( );CAPZA2( );DYNC1H1( );EFTUD2( );GANAB( );TUBA4A( );ERAP1( );C5( );CHGB( );HNRNPK( );APOB( );SEMA3A( );IL20( );TLR9( );RNASE2( );NTF3( )
COL6A5, matrix metallopeptidase-9  and  elastase-2 ,1052,1057,0.75,5,NYQSI,COL6A5( )
COL6A5, cathepsin G  and  matrix metallopeptidase-9 ,1049,1052,0.715,3,FGS,FN1( );FBN2( );VWF( );LTBP4( );CTGF( );LAMA3( );FBLN2( );FBN1( );FGA( );LTBP2( );COL18A1( );THBS2( );COL5A1( );COL6A3( );MFGE8( );COL6A5( );DMBT1( );COL12A1( );NID1( );LAMA2( );COL6A6( );FGG( );VWA5B1( );SRGN(3);HYOU1( );HSP90B1( );CSPG4( );CCT2( );TFRC( );EEF2( );SERPINF2( );HSPH1( );NAMPT( );ATP5A1( );EPHB4( );PTHLH( );DMKN( );KDR( );CTSG( );CLTC( );FGFR3( );HEBP1( );C5( );ACE( );F2R( );MELTF( );AGTR2(Helical; Name=3);CP( );MMP2( );ORM2( );PPIA( );PRKDC( );FGFR4( );PAPPA( );TF( );C8B( );TG( );TLR9( );LTF( );C4BPA( );CD55( );PRLR( );F2( );C1S( );EGFR( )
COL6A5, matrix metallopeptidase-9  and  matrix metallopeptidase-3 ,1023,1030,0.735,7,TMTTFLS,COL6A5( )
COL6A5, matrix metallopeptidase-9  and  granzyme B ({Homo sapiens}-type) ,1023,1030,0.755,7,TMTTFLS,COL6A5( )
COL6A5, matrix metallopeptidase-9  and  cathepsin G ,1023,1028,0.725,5,TMTTF,COL6A5( )
COL6A5, matrix metallopeptidase-3  and  matrix metallopeptidase-9 ,1695,1702,0.92,7,GFRGLAL,COL6A5( )
COL6A5, matrix metallopeptidase-7  and  matrix metallopeptidase-9 ,1698,1702,0.73,4,GLAL,FRAS1( );COL7A1( );VWF( );MATN2( );LAMA5( );FBLN2( );COL6A3( );COL6A5( );DMBT1(SRCR 1);FBLN1( );COL14A1( );CSPG4( );TNFSF12( );SFN( );AGT( );NAMPT( );EPO( );CD14(LRR 3);PON1( );SERPINE1( );PTGDS( );NECTIN1( );LCN2( );CST6( );PGF( );PLAU( );TNFRSF18( )
COL6A5, matrix metallopeptidase-9  and  matrix metallopeptidase-3 ,1886,1893,0.735,7,TMEFSAL,COL6A5( )
COL6A5, matrix metallopeptidase-9  and  matrix metallopeptidase-7 ,1886,1891,0.725,5,TMEFS,COL6A5( )
COL6A5, matrix metallopeptidase-9  and  elastase-2 ,1886,1890,0.715,4,TMEF,COL6A5( )
COL6A5, matrix metallopeptidase-9  and  cathepsin G ,1886,1892,0.71,6,TMEFSA,COL6A5( )
COL6A5, elastase-2  and  matrix metallopeptidase-9 ,774,779,0.7849999999999999,5,ISGDS,COL6A5( )
COL6A5, matrix metallopeptidase-9  and  cathepsin G ,779,782,0.72,3,SLV,HMCN2( );FRAS1( );TNXB( );FN1( );LAMC2( );VWF( );ANOS1( );SRPX( );LAMA5( );CTGF( );AEBP1( );LAMA3( );LTBP2( );LAMB2( );LUM(LRR 9);VCAN( );COL6A3( );TGFBI( );COL6A5( );COL12A1( );LAMB1( );COL4A6( );COL6A1( );COL4A2( );BGN( );PCOLCE( );LAD1( );EMCN( );HSPA5( );CKAP4( );TLN1( );ITIH4( );CSPG4( );CAMP( );RPL9( );SDCBP( );LBP( );ITIH2( );EEF2( );SERPINF2( );GBP1( );PZP( );EIF4A1( );APOA2( );P4HB( );SOGA1( );MAP2K2( );IL1B( );C3( );ATP5A1( );PLEC( );TREM1( );CKLF( );S100A12( );CD8A( );KDR( );CPQ( );GANAB( );LGALS3BP( );A2M( );FGFR3( );ACTN4( );RAC1( );IGHM( );ACE2( );SERPING1( );CTSV( );IGKV2-30( );TNFSF15( );PROCR(Helical);AHSG( );ITIH1( );GSN(Gelsolin-like 3);APOB( );LEPROT(Helical);CST4( );TEK( );PROS1( );GBA( );SEMA3A( );AFM( );PRKDC( );C7( );A2ML1( );FGFR4( );ADAMTS17( );PSAPL1( );IL17A( );TLR9(LRR 12);FGFR2( );WFDC12( );F2( );HGFAC( );C1S( );ALB( );INHBA( )
COL6A5, granzyme B ({Homo sapiens}-type)  and  matrix metallopeptidase-9 ,2003,2010,0.825,7,DSGDRIA,COL6A5( )
COL6A5, matrix metallopeptidase-7  and  matrix metallopeptidase-9 ,1700,1704,0.875,4,ALTV,TNXB( );COL6A5( );DMBT1( );CKLF( );TUBB( );TUBB4B( );GPC1( );PSAP( )
COL6A5, matrix metallopeptidase-7  and  matrix metallopeptidase-9 ,1698,1704,0.725,6,GLALTV,COL6A5( )
COL6A5, cathepsin G  and  matrix metallopeptidase-9 ,1701,1704,0.84,3,LTV,HMCN2( );FRAS1( );TNXB( );FN1( );TNC( );COL7A1( );HSPG2( );ANOS1( );SRPX( );LAMA5( );SPON1( );ABI3BP( );EFEMP1( );EFEMP2( );THBS1( );VCAN( );THBS3( );FBLN5( );COL6A3( );COL6A5( );DMBT1( );COL12A1( );LAMA2( );COL6A6( );LAMA4( );COL15A1( );COL17A1( );EMCN( );SERPINF1( );ATP5B( );VCL( );TLN1( );HSP90B1( );ITIH4( );CSPG4( );TNXA( );DAG1( );ITIH3( );TFRC( );PMEL( );NAXE( );CAPZA1( );LGALS1( );RPN1( );GPC2( );PZP( );CAPZA2( );CANX( );DYNC1H1( );VWA8( );DPP7( );SERPINA12( );FLNA( );PLEC( );COPA( );EPHB4(Eph LBD);CD14( );CKLF( );TUBB( );KDR(Ig-like C2-type 6);TUBB4B( );GANAB( );GPC1( );A2M( );FGFR3( );ERAP1( );ITIH5( );IGHM( );WDR1( );ACE2( );NECTIN1( );GHR( );ORM1( );TNFSF15( );SLTM( );ITIH1( );IGHG4( );CD109( );APOB( );FLNB( );IGHG1( );SERPINC1( );HSPB1( );LEPROT( );ORM2( );C4B( );C4A( );TEK( );IGHG2( );IL4( );PRF1( );SPINT1( );AFM( );PRKDC( );C7( );IGHG3( );CD8B( );FGFR4( );ADAMTS17( );PSAPL1( );FLT1(Ig-like C2-type 7);IL4R( );TLR9( );FGFR1(Ig-like C2-type 3);FGFR2(Ig-like C2-type 3);TNFRSF18( );PSAP( );PLAT( )
COL6A5, matrix metallopeptidase-9  and  cathepsin G ,401,405,0.75,4,DLET,COL6A5( );CLTC( );CRTAP( );P3H1( )
COL6A5, matrix metallopeptidase-9  and  cathepsin G ,2068,2075,0.895,7,NLFPETP,COL6A5( )
COL6A5, matrix metallopeptidase-9  and  matrix metallopeptidase-3 ,712,716,0.8,4,NFVG,COL6A5( );COL16A1( )
COL6A5, matrix metallopeptidase-7  and  matrix metallopeptidase-3 ,2287,2294,0.955,7,EYYMDVA,COL6A5(VWFA 10)
COL6A5, matrix metallopeptidase-3  and  granzyme B ({Homo sapiens}-type) ,2294,2297,1.0,3,FLI,FRAS1( );MATN2( );ABI3BP( );VCAN( );COL6A3( );COL6A5( );COL4A5( );COL6A6( );COL17A1( );VWA5B1( );SDC4( );TNF( );CLCA4( );TFRC( );EEF2( );HPSE( );VWA8( );SERPIND1( );SERPINI1( );CALR( );GPI( );SERPINB2( );CPQ( );SERPINA7( );CLTC( );IDE( );ERAP1( );RAC1( );C5( );PLSCR1( );MMP9( );CMA1( );C2( );CD109( );APOB( );GLG1( );S100A8( );TEK(Helical);SPINT1( );IFI30( );IL13RA2( );PRKDC( );PDGFA( );HPX( );CXCL8( );TIMP1( );NGF( );FGFR1( );C4BPA( );NELL2( );FGFR2( );PI3( );PLAUR( )
COL6A5, granzyme B ({Homo sapiens}-type)  and  matrix metallopeptidase-3 ,2291,2294,0.98,3,DVA,HMCN2( );FRAS1( );FN1( );VWF(VWFA 2);HSPG2( );COL1A1( );COL5A1(Laminin G-like);COL6A5( );COL6A1( );LAMB3( );CTHRC1( );HSPD1( );CKAP4( );CDH1( );ATP5B( );HADHA( );TLN1( );CD34( );CCT6A( );IFNG( );CSPG4(Laminin G-like 2);ENDOD1( );ANXA1( );EEF2( );PZP( );P4HB( );SOGA1( );IL6( );FAM3C( );AGT( );LGALS3( );PLEC( );COPA( );RNPEP( );CPQ( );GGH( );HMGB1( );IGKV4-1( );WDR1( );MMP19( );TXN( );ACTN1( );CFD( );MMP9(Hemopexin 3);C2( );ADM( );MMP1( );MELTF( );CD109( );GLG1( );PKM( );MMP2( );MUC4( );TEK( );GLA( );PAPPA( );TF( );KLKB1( );TG( );CD5L( );LTF( );WNT5A( );CFB( );CFH( )
COL6A5, cathepsin G  and  matrix metallopeptidase-3 ,2289,2294,0.94,5,YMDVA,COL6A5(VWFA 10)
COL6A5, matrix metallopeptidase-3  and  matrix metallopeptidase-7 ,1695,1700,1.08,5,GFRGL,COL6A5( )
COL6A5, matrix metallopeptidase-3  and  matrix metallopeptidase-7 ,1695,1698,0.93,3,GFR,HMCN2( );TNXB( );FN1( );TNC( );COL7A1( );LAMC2( );FBN2( );COMP( );MATN2( );LTBP4( );LTBP2( );EFEMP1( );FBN1( );THBS4( );FGA( );LTBP2( );COL18A1( );VCAN( );COL3A1( );COL6A5( );COL4A4( );DMBT1( );COL12A1( );FBLN1( );COL4A3( );NID1( );COL4A6( );COL4A2( );EMILIN1( );CKAP4( );CHGA( );CSPG4( );RPL9( );DYNC1H1( );PGLYRP2( );FAM3C( );AGT( );IL1B( );PLEC( );LGALS3BP( );C2( );SLTM( );FLNB( );C4B( );C4A( );CD209( );ST14( );TGFB1( );ANG( );MDK( );CFH( )
COL6A5, matrix metallopeptidase-3  and  cathepsin G ,1695,1701,1.045,6,GFRGLA,COL6A5( )
COL6A5, matrix metallopeptidase-3  and  matrix metallopeptidase-7 ,236,239,1.045,3,DLV,FRAS1( );TNXB( );TNC( );COL7A1( );VWF(VWFA 1; binding site for platelet);MATN2(VWFA 1);LTBP4( );LAMC1( );THBS4( );FGA( );SPARC( );THBS1( );THBS2( );POSTN( );THBS3( );PRELP( );COL6A5(VWFA 2);DMBT1( );COL12A1(VWFA 1);NID1( );COL14A1(VWFA 2);COL6A6(VWFA 4);LAMB3( );EMILIN1( );COL6A2( );LAMA4( );COL15A1( );HSPA5( );VCL( );TLN1( );CSPG4( );PDCD6IP( );HSP90AA1( );CCT2( );KITLG( );SERPINA5( );PMEL( );CSTA( );ITIH2( );SERPINF2( );HSPH1( );PZP( );DYNC1H1( );SERPINI1( );C3( );FLNA( );COPA( );EPHB4( );CPE( );RNPEP( );TUBB( );TUBB4B( );A2M( );CLTC( );FGFR3( );SERPINA1( );SERPINA4( );C5( );NUCB2( );ACE( );MMP1( );ITIH1( );ANGPT2( );GSN( );APOB( );GLG1(Cys-rich GLG1 9);FLNB( );ILK( );MUC4( );ST14( );LOXL1( );SEMA3A( );RAN( );CD40( );AFM( );PRKDC( );A2ML1( );FGFR4( );PAPPA( );C8B( );TG( );NGFR( );P3H1( );TIMP1( );FGFR1( );CFI( );WNT5A( );FGFR2( );HGFAC( );ESR2( );LOX( );HGF( )
COL6A5, matrix metallopeptidase-3  and  granzyme B ({Homo sapiens}-type) ,236,242,1.01,6,DLVFLV,COL6A5(VWFA 2);COL12A1(VWFA 1)
COL6A5, granzyme B ({Homo sapiens}-type)  and  matrix metallopeptidase-3 ,232,236,0.9750000000000001,4,DSLA,VCAN( );COL6A5( );COL6A2( );VWA5B1( );VWA8( );IGKV4-1( );C4B( );C4A( );TEK( );PENK( );SFRP5( )
COL6A5, matrix metallopeptidase-3  and  cathepsin G ,236,239,0.905,3,DLV,FRAS1( );TNXB( );TNC( );COL7A1( );VWF(VWFA 1; binding site for platelet);MATN2(VWFA 1);LTBP4( );LAMC1( );THBS4( );FGA( );SPARC( );THBS1( );THBS2( );POSTN( );THBS3( );PRELP( );COL6A5(VWFA 2);DMBT1( );COL12A1(VWFA 1);NID1( );COL14A1(VWFA 2);COL6A6(VWFA 4);LAMB3( );EMILIN1( );COL6A2( );LAMA4( );COL15A1( );HSPA5( );VCL( );TLN1( );CSPG4( );PDCD6IP( );HSP90AA1( );CCT2( );KITLG( );SERPINA5( );PMEL( );CSTA( );ITIH2( );SERPINF2( );HSPH1( );PZP( );DYNC1H1( );SERPINI1( );C3( );FLNA( );COPA( );EPHB4( );CPE( );RNPEP( );TUBB( );TUBB4B( );A2M( );CLTC( );FGFR3( );SERPINA1( );SERPINA4( );C5( );NUCB2( );ACE( );MMP1( );ITIH1( );ANGPT2( );GSN( );APOB( );GLG1(Cys-rich GLG1 9);FLNB( );ILK( );MUC4( );ST14( );LOXL1( );SEMA3A( );RAN( );CD40( );AFM( );PRKDC( );A2ML1( );FGFR4( );PAPPA( );C8B( );TG( );NGFR( );P3H1( );TIMP1( );FGFR1( );CFI( );WNT5A( );FGFR2( );HGFAC( );ESR2( );LOX( );HGF( )
COL6A5, granzyme B ({Homo sapiens}-type)  and  matrix metallopeptidase-3 ,1253,1259,1.03,6,DQGFPA,COL6A5( )
COL6A5, matrix metallopeptidase-3  and  matrix metallopeptidase-7 ,2282,2287,0.88,5,DVSLQ,COL6A5( );C3( )
COL6A5, granzyme B ({Homo sapiens}-type)  and  matrix metallopeptidase-3 ,2275,2282,0.915,7,DHTYEPG,COL6A5( )
COL6A5, matrix metallopeptidase-3  and  cathepsin G ,2282,2289,0.865,7,DVSLQEY,COL6A5( )
COL6A5, elastase-2  and  matrix metallopeptidase-3 ,1280,1286,0.965,6,THLNAQ,COL6A5( )
COL6A5, matrix metallopeptidase-3  and  matrix metallopeptidase-3 ,2238,2244,0.87,6,QMFEPQ,COL6A5( )
COL6A5, matrix metallopeptidase-3  and  granzyme B ({Homo sapiens}-type) ,2141,2146,0.86,5,RIHKP,COL6A5( );COL6A6( )
COL6A5, elastase-2  and  matrix metallopeptidase-3 ,2137,2141,0.98,4,IQLG,DCN( );COL6A5( );ADAMTS17( )
COL6A5, matrix metallopeptidase-3  and  matrix metallopeptidase-3 ,2338,2345,0.845,7,VLSYSPP,COL6A5( )
COL6A5, cathepsin G  and  matrix metallopeptidase-3 ,2339,2345,0.885,6,LSYSPP,COL6A5( )
COL6A5, cathepsin G  and  matrix metallopeptidase-3 ,2341,2345,0.8300000000000001,4,YSPP,LTBP4( );COL6A5( );SOGA1( )
COL6A5, matrix metallopeptidase-3  and  matrix metallopeptidase-3 ,26,30,0.815,4,PVYA,VWF( );COL6A5( )
COL6A5, matrix metallopeptidase-3  and  matrix metallopeptidase-7 ,26,33,0.935,7,PVYADVV,COL6A5(VWFA 1)
COL6A5, granzyme B ({Homo sapiens}-type)  and  matrix metallopeptidase-3 ,19,26,0.92,7,DQSPGPG,COL6A5( )
COL6A5, matrix metallopeptidase-3  and  granzyme B ({Homo sapiens}-type) ,26,30,0.885,4,PVYA,VWF( );COL6A5( )
COL6A5, matrix metallopeptidase-3  and  elastase-2 ,26,32,0.825,6,PVYADV,COL6A5(VWFA 1)
COL6A5, matrix metallopeptidase-3  and  cathepsin G ,26,33,0.9,7,PVYADVV,COL6A5(VWFA 1)
COL6A5, cathepsin G  and  matrix metallopeptidase-3 ,122,125,0.815,3,FSA,HMCN2( );TNXB( );LAMA3( );LAMB2( );FGB( );COL5A2( );VCAN( );COL6A5( );DPT( );DMBT1( );COL6A6( );EMILIN1( );PCOLCE( );COL17A1( );HADHA( );MYH9( );CSPG4( );SDCBP( );TNFSF12( );C1QB( );CANX( );DYNC1H1( );SOGA1( );DSG1( );SERPINA6( );SERPINA4( );PTGDS( );IGHM( );F13A1( );SERPING1( );TXN( );CTSV( );ACE( );F2R( );HNRNPK( );CD109( );APOB( );CP( );IL19( );CTSL( );PROS1( );PRKDC( );A2ML1( );CD163( );TG( );LTF( );C4BPA( );NELL2( );NRP1( );ALB( )
COL6A5, matrix metallopeptidase-3  and  elastase-2 ,341,345,0.81,4,IAVL,COL6A5( );COL6A6( );MAP2K2( );LIF( )
COL6A5, matrix metallopeptidase-7  and  matrix metallopeptidase-3 ,1637,1642,0.86,5,DLGPV,COL6A5( );COL6A1( )
COL6A5, matrix metallopeptidase-3  and  matrix metallopeptidase-7 ,2171,2178,0.9450000000000001,7,PMLEDAC,COL6A5( )
COL6A5, matrix metallopeptidase-3  and  granzyme B ({Homo sapiens}-type) ,2171,2175,0.915,4,PMLE,COL6A5( );SOGA1( )
COL6A5, granzyme B ({Homo sapiens}-type)  and  matrix metallopeptidase-3 ,36,43,0.915,7,DSSDHLG,COL6A5( )
COL6A5, granzyme B ({Homo sapiens}-type)  and  matrix metallopeptidase-3 ,39,43,0.825,4,DHLG,FRAS1( );COL6A5( );NID1(LDL-receptor class B 1)
COL6A5, matrix metallopeptidase-3  and  granzyme B ({Homo sapiens}-type) ,824,831,0.83,7,SIKKQYQ,COL6A5( )
COL6A5, granzyme B ({Homo sapiens}-type)  and  matrix metallopeptidase-3 ,820,824,0.8,4,DHSG,HMCN2( );THBS1( );COL6A5( );ACTN1( )
COL6A5, cathepsin G  and  matrix metallopeptidase-3 ,817,824,0.97,7,FVLDHSG,COL6A5( )
COL6A5, matrix metallopeptidase-3  and  matrix metallopeptidase-3 ,1798,1803,0.8,5,GARVA,COL6A3( );COL6A5( )
COL6A5, elastase-2  and  matrix metallopeptidase-3 ,1797,1803,0.915,6,VGARVA,COL6A5( )
COL6A5, cathepsin G  and  matrix metallopeptidase-3 ,1138,1144,0.8,6,LVLGIG,COL6A5( )
COL6A5, matrix metallopeptidase-7  and  matrix metallopeptidase-3 ,2593,2596,0.8799999999999999,3,EIS,HMCN2( );FRAS1( );TNC( );LAMC2( );MATN2( );AEBP1( );LTBP2( );ABI3BP( );COL6A3( );MFGE8( );COL6A5( );COL12A1( );COL4A3( );NID1( );LAMA2( );COL4A6( );BGN( );COL6A6( );LAMA4( );HSPA5( );SERPINF1( );HYOU1( );VCL( );TLN1( );CD34( );ITIH4( );CSPG4( );KITLG( );PMEL( );ITIH2( );RPN1( );HSPA9( );DYNC1H1( );DSC2( );MAP2K2( );SERPINI1( );LGALS3( );FLNA( );RNPEP( );GPC1( );SERPINE1( );ALCAM( );CPA4( );AHSG( );CRTAP( );APOB( );GLG1(Cys-rich GLG1 2);FLNB( );NCAM1( );C9( );PROS1( );CTSK( );PRKDC( );TLL1( );A2ML1( );AMBP( );TG( );IL4R( );C4BPA( );CFB( );VEGFD( );EGFR( );TNFRSF1A( );INHBA( );CFH(Sushi 4)
COL6A5, matrix metallopeptidase-3  and  granzyme B ({Homo sapiens}-type) ,2596,2600,0.9299999999999999,4,ALVV,LAMA5( );COL6A5( );PMEL( );EEF2( );SLTM( );CD40(Helical);PRKDC( );TGFA( )
COL6A5, elastase-2  and  matrix metallopeptidase-3 ,2589,2596,0.8799999999999999,7,AHLEEIS,COL6A5( )
COL6A5, matrix metallopeptidase-3  and  granzyme B ({Homo sapiens}-type) ,1998,2003,0.875,5,DPLIS,COL6A5( )
COL6A5, cathepsin G  and  matrix metallopeptidase-3 ,1993,1998,0.845,5,FNIAS,COL6A5( )
COL6A5, elastase-2  and  matrix metallopeptidase-3 ,2524,2530,0.795,6,VLLLPG,COL6A5( )
COL6A5, matrix metallopeptidase-7  and  matrix metallopeptidase-3 ,370,376,0.835,6,ALSIQG,COL6A5( )
COL6A5, cathepsin G  and  matrix metallopeptidase-3 ,371,376,0.8600000000000001,5,LSIQG,COL6A5( );COL14A1(Collagen-like 2)
COL6A5, cathepsin G  and  matrix metallopeptidase-3 ,369,376,0.8400000000000001,7,FALSIQG,COL6A5( )
COL6A5, matrix metallopeptidase-3  and  matrix metallopeptidase-3 ,577,581,0.77,4,GIGA,TGFBI( );COL6A5( );COL4A4( );COL4A6( );CTHRC1( );NAMPT( )
COL6A5, matrix metallopeptidase-3  and  matrix metallopeptidase-3 ,577,582,0.765,5,GIGAA,COL6A5( )
COL6A5, cathepsin G  and  matrix metallopeptidase-3 ,1049,1055,0.76,6,FGSNYQ,COL6A5( )
COL6A5, matrix metallopeptidase-7  and  matrix metallopeptidase-3 ,2553,2556,0.75,3,VLG,HMCN2( );FRAS1(Calx-beta 5);TNXB( );COL7A1( );HSPG2( );ELN( );LAMA5( );AEBP1(F5/8 type C);LAMA3( );LTBP2( );LAMB2( );FBLN2( );VCAN( );COL6A3( );COL6A5( );DMBT1( );COL12A1( );OGN( );COL14A1( );COL4A2( );LRG1( );VWA5B1( );HSPD1( );HYOU1( );C1QBP( );CDH1( );HADHA( );YBX1(CSD);SDC1(Extracellular);TLN1( );CD34( );HSP90B1( );CLCA4( );IFNG( );CSPG4( );RPL11( );TFRC( );PMEL( );EEF2( );HSPH1( );GPC2( );PZP( );CANX( );DYNC1H1( );SOGA1( );SFN( );DSG1( );PFKP( );IGLL5( );EFTUD2( );CALR( );EPO( );MYL6( );KDR( );GGH( );LGALS3BP( );APCS( );A2M( );NTF4( );SERPINA7( );FGFR3( );IDE( );SERPINA1( );SERPINE1( );PTGDS( );MMP11( );F13A1( );MMP19( );SERPING1( );C5( );CLU( );MMP9( );HLA-C( );PROCR( );ACE( );SLTM( );GSN( );MELTF( );CD109( );APOB( );FLNB( );ILK( );PKM( );RARRES2( );PROS1( );KLK14( );KLK10( );ADAMTSL5( );PRKDC( );RPL30( );A2ML1( );HBB( );FGFR4( );AMBP( );PAPPA( );HPX( );TF( );C8B( );ADAMTS17( );ANG( );TG( );ADM2( );LYZ( );NGF( );FGFR1( );C4BPA( );NELL2( );NTF3( );PRTN3( );SPINK5( );HGFAC( );RETN( );C1S( );EGFR( );KLK8(Peptidase S1);PSAP( );EDN1( );HGF( )
COL6A5, elastase-2  and  matrix metallopeptidase-3 ,1402,1407,0.79,5,TRGLQ,COL6A5( );ITIH2( );ITIH1( )
COL6A5, matrix metallopeptidase-3  and  matrix metallopeptidase-7 ,2238,2244,0.9500000000000001,6,QMFEPQ,COL6A5( )
COL6A5, elastase-2  and  matrix metallopeptidase-3 ,2233,2238,0.8049999999999999,5,VYLPS,COL6A5( )
COL6A5, cathepsin G  and  matrix metallopeptidase-3 ,2231,2238,0.755,7,YLVYLPS,COL6A5( )
COL6A5, matrix metallopeptidase-3  and  granzyme B ({Homo sapiens}-type) ,1966,1969,0.8500000000000001,3,FLI,FRAS1( );MATN2( );ABI3BP( );VCAN( );COL6A3( );COL6A5( );COL4A5( );COL6A6( );COL17A1( );VWA5B1( );SDC4( );TNF( );CLCA4( );TFRC( );EEF2( );HPSE( );VWA8( );SERPIND1( );SERPINI1( );CALR( );GPI( );SERPINB2( );CPQ( );SERPINA7( );CLTC( );IDE( );ERAP1( );RAC1( );C5( );PLSCR1( );MMP9( );CMA1( );C2( );CD109( );APOB( );GLG1( );S100A8( );TEK(Helical);SPINT1( );IFI30( );IL13RA2( );PRKDC( );PDGFA( );HPX( );CXCL8( );TIMP1( );NGF( );FGFR1( );C4BPA( );NELL2( );FGFR2( );PI3( );PLAUR( )
COL6A5, matrix metallopeptidase-7  and  matrix metallopeptidase-3 ,2194,2201,0.77,7,FVTELQE,COL6A5( )
COL6A5, matrix metallopeptidase-7  and  matrix metallopeptidase-3 ,2197,2201,0.75,4,ELQE,COMP( );MATN2( );LAMB2( );COL6A5( );COL14A1( );MYH9( );NGRN( );ANXA2P2( );ANXA2( );APOA1( );PPY( );CLU( );APOB( );C1R( );CCL27( )
COL6A5, elastase-2  and  matrix metallopeptidase-3 ,2195,2201,0.9450000000000001,6,VTELQE,COL6A5( )
COL6A5, cathepsin G  and  matrix metallopeptidase-3 ,2198,2201,0.8300000000000001,3,LQE,HMCN2( );FRAS1( );NOV( );FBN2( );COMP( );MATN2( );LTBP4( );LAMA5( );LAMA3( );LAMB2( );FBLN2( );FGB( );COL1A2( );FBN1( );LAMC1( );POSTN( );COL6A3( );DCN( );COL6A5( );LAMB1( );FBLN1( );LAMA2( );COL14A1( );COL6A6( );LAMB3( );EMILIN1( );LRG1( );LAMA4( );COL15A1( );FGG( );GPX3( );H3F3A( );RPL22( );SERPINF1( );HADHA( );HIST2H3A;( );MYH9( );TLN1( );NGRN( );CCT6A( );APOE( );CSPG4( );ANXA1( );DAG1( );ITIH3( );KITLG( );SERPINA5( );SERPINF2( );RPN1(Lumenal);GPC2( );GBP1( );IL5( );DYNC1H1( );SOGA1( );DSC2(Cadherin 4);NAMPT( );C3( );HIST1H3A( );FLNA( );PLEC( );PYCARD( );ANXA2P2( );NUCB1( );ANXA2( );APOA1( );ACTN2(Spectrin 3);CLTC( );PPY( );ALCAM( );MMP28( );ACE2( );F13A1( );PLSCR1( );NUCB2( );CLU( );TNFSF15( );PROCR( );CMA1( );ACE( );PPT1( );CREG1( );APOB( );GLG1( );FLNB( );OLFML1( );CPA3( );SERPINC1( );CP( );C4B( );C4A( );CD209( );SEMA3A( );IL4( );PRF1( );HBEGF( );C1R( );AFM( );ADAMTSL5( );IL20( );PRKDC( );TLL1( );IL10( );CD163( );PAPPA( );PSAPL1( );TG( );P3H1( );IL4R( );PRTN3( );CCL27( );CFB( );F2( );VEGFD( );SPINK5( );EGFR( );CGA( );HGF( )
COL6A5, matrix metallopeptidase-3  and  cathepsin G ,2201,2208,0.775,7,DFLGGNG,COL6A5( )
COL6A5, matrix metallopeptidase-3  and  matrix metallopeptidase-3 ,1783,1787,0.775,4,SIVN,COL6A3( );COL6A5( );CLTC( );ACTN1( )
COL6A5, matrix metallopeptidase-3  and  matrix metallopeptidase-3 ,1779,1783,0.76,4,DIIT,COL6A5( );CLTC( );SERPINA1( );PRKDC( )
COL6A5, matrix metallopeptidase-7  and  matrix metallopeptidase-3 ,725,728,0.895,3,RLG,HMCN2( );TNXB(Fibronectin type-III 2);LAMC2( );COMP( );HSPG2(SEA);ASPN( );LTBP4( );LAMA5( );LAMA3( );LTBP2( );LAMB2( );COL2A1( );LAMC1( );THBS4( );COL5A2( );THBS1( );COL18A1( );THBS2( );VCAN( );THBS3( );COL6A5( );COL12A1( );FBLN1( );COL4A3( );NID1( );COL16A1( );BGN( );COL6A6( );LAMB3( );EMILIN1( );COL6A2( );PCOLCE( );LAMA4( );UCN( );CKAP4(Cytoplasmic);CD34( );VIP( );ITIH4( );APOE(2);CSPG4( );TNXA( );ENDOD1( );DAG1( );DYNC1H1( );SOGA1( );DSC2( );SFN( );C3( );PLEC( );EPHB4( );FGF3( );CD8A( );ACTN2( );SERPINA1( );ITIH5( );SERPINA4( );MMP28( );ACE2( );ACTN1( );CHGB( );C2( );ITIH1( );PPT1( );GLG1( );CRH( );MUC4( );LOXL1( );PRKDC( );KLK5( );FGF2( );CALU( );TG( );P3H1( );LYZ( );NPY( );IL25( );TNFRSF18( );SPINK5( );PRSS1( );TNFRSF1A( );KLK8( );PSAP( );PLAT( )
COL6A5, granzyme B ({Homo sapiens}-type)  and  matrix metallopeptidase-3 ,2334,2338,0.745,4,DRVA,COL6A5( );COL6A6( );LAMB3( );KARS( );CHGB( );TGFB1( )
COL6A5, matrix metallopeptidase-3  and  cathepsin G ,2338,2341,0.755,3,VLS,HMCN2( );FRAS1( );TNC( );COL7A1( );FBN2( );VWF( );HSPG2( );ASPN( );ANOS1( );LAMA5( );AEBP1( );LAMA3( );LAMC1( );FGA( );COL18A1( );VCAN( );COL6A3( );COL6A5( );DMBT1( );COL12A1( );IGFBP3( );LAMB1( );NID1( );LAMB3( );EMILIN1( );LAMA4( );COL15A1( );VWA5B1( );HSPA5( );APOC1( );HYOU1( );CKAP4( );AIMP1( );ATP5B( );TLN1( );ITIH4( );CLCA4( );CSPG4( );CAMP( );PDCD6IP( );ENDOD1( );DAG1( );PMEL( );SERPINF2( );DYNC1H1( );ADH7( );SOGA1( );DSC2( );SFN( );VWA8( );AGT( );EFTUD2( );SERPINI1( );CALR( );C3( );ATP5A1( );FLNA( );PLEC( );CPE( );CD14( );KDR( );CPQ( );NTF4( );CLTC( );FGFR3( );HEBP1( );MMP11( );CASP1( );ACE2( );SERPING1( );C5( );CFD( );CHGB( );GHR( );ORM1( );CLEC3B( );SLC25A6( );SLTM( );ITIH1( );PPT1( );CREG1( );MELTF( );SLC25A5( );APOB( );FLNB( );CPA3( );NCAM1( );ACTG1( );ORM2( );C4B( );C4A( );TSLP( );MUC4( );ST14( );POTEKP( );HBEGF( );SPINT1( );PRKDC( );C7( );KLK5( );FGFR4( );PRL( );PAPPA( );HPX( );KLKB1( );TG( );P3H1( );NGF( );KLK6( );PRLR( );PRSS1( );EGFR( );HRG( );LYNX1( )
COL6A5, matrix metallopeptidase-3  and  matrix metallopeptidase-3 ,526,531,0.755,5,DYILQ,COL6A5( )
COL6A5, matrix metallopeptidase-3  and  granzyme B ({Homo sapiens}-type) ,531,538,0.74,7,IIKNGMK,COL6A5( )
COL6A5, matrix metallopeptidase-3  and  cathepsin G ,531,536,0.77,5,IIKNG,COL6A5( )
COL6A5, cathepsin G  and  matrix metallopeptidase-3 ,759,763,0.93,4,FSVG,ADIPOQ( );TNC( );COL6A5( )
COL6A5, elastase-2  and  matrix metallopeptidase-3 ,1890,1893,0.74,3,SAL,HMCN2( );FRAS1( );TNXB( );COL7A1( );VWF( );ANOS1( );LGI3( );LAMA5( );LAMA3( );LAMB2( );ABI3BP( );COL18A1( );VCAN( );POSTN( );FMOD(LRR 6);COL5A1( );COL6A3( );TGFBI( );PRELP( );COL6A5( );DMBT1( );LAMB1( );LAMA2( );COL6A6( );EMILIN1( );COL6A2( );LAMA4( );CTHRC1( );VWA5B1( );LAD1( );APOC1( );SERPINF1( );HYOU1( );CDH1( );ATP5B( );HADHA( );MYH9( );VCL( );TLN1( );VIP( );ITIH4( );PDCD6IP( );ITIH3( );LBP( );ITIH2( );CAPZA1( );GPC2( );GBP1( );RPL12( );HNRNPU( );IL5( );DYNC1H1( );SOGA1( );VWA8( );IL6( );PFKP( );FAM3C( );AGT( );ALDOA( );PLEC( );CALCA( );EPHB4( );CPE( );CD14(LRR 8);RNPEP( );CD8A( );ANXA2P2( );KDR( );ANXA2( );LGALS3BP( );APOA1( );CDSN( );ACTN2( );ERAP1( );SERPINE1( );RAC1( );SERPINA4( );MMP28( );ACE2( );MMP19( );C5( );MMP14( );SERPINA3( );SLTM( );ITIH1( );APOB( );GLG1( );CTSD( );OLFML1( );CPA3( );LIF( );QPCT( );C4B( );C4A( );MUC4( );GBA( );PRF1( );HBEGF(Extracellular);APOD( );PRKDC( );IL10( );CD163( );PAPPA( );HPX( );CASP4( );TG( );LYZ( );IL4R( );TLR9( );NPY( );PRLR( );NRP1( );HGFAC( );ALB( );HRG(Cystatin 1);HP( );PSAP( );TGFA( );PLAT( )
COL6A5, matrix metallopeptidase-3  and  cathepsin G ,1893,1899,0.7949999999999999,6,DISPTV,COL6A5( )
COL6A5, matrix metallopeptidase-7  and  matrix metallopeptidase-3 ,103,106,0.74,3,FIG,HSPG2( );POSTN( );COL6A5( );COL4A4( );COL4A1( );COL4A2( );COL6A6( );SERPINF1( );MYH9( );HSP90AA1( );CCT2( );VWA8( );DSG1( );HNRNPA2B1( );TUBB( );TUBB4B( );SERPINA7( );CASP1( );CPA4( );C5( );NECTIN1( );SLTM( );ITIH1( );CTSD( );SEMA3A( );IL33( );PRKDC( );C7( );C1S( );EGFR(Cytoplasmic);TNFRSF1A( )
COL6A5, cathepsin G  and  matrix metallopeptidase-3 ,103,106,0.81,3,FIG,HSPG2( );POSTN( );COL6A5( );COL4A4( );COL4A1( );COL4A2( );COL6A6( );SERPINF1( );MYH9( );HSP90AA1( );CCT2( );VWA8( );DSG1( );HNRNPA2B1( );TUBB( );TUBB4B( );SERPINA7( );CASP1( );CPA4( );C5( );NECTIN1( );SLTM( );ITIH1( );CTSD( );SEMA3A( );IL33( );PRKDC( );C7( );C1S( );EGFR(Cytoplasmic);TNFRSF1A( )
COL6A5, cathepsin G  and  matrix metallopeptidase-3 ,2487,2490,0.78,3,FVH,HMCN2( );FRAS1( );COL6A5( );YBX1( );ITIH4( );CLCA4( );CSPG4( );ITIH3( );ITIH2( );DYNC1H1( );A2M( );CLTC( );TUBA4A( );ITIH5( );SLTM( );IL1RL1( );IL4( );IL4R( )
COL6A5, elastase-2  and  matrix metallopeptidase-3 ,2209,2212,0.755,3,IGQ,HMCN2( );FN1( );HSPG2( );FBN1( );VCAN( );COL5A1( );COL6A3( );COL6A5( );COL12A1( );COL4A1( );LAMB1( );COL4A5( );LAMA2( );COL4A2( );COL6A6( );MYH9( );HSP90B1( );SERPINB5( );HSP90AA1( );ITIH2( );DYNC1H1( );VWA8( );SBSN( );ATP5A1( );WDR1( );MMP14( );APOB( );FLNB(Filamin 6);NCAM1( );SEMA3A( );TLL1( );PAPPA( );HRG( )
COL6A5, cathepsin G  and  matrix metallopeptidase-3 ,2208,2212,0.755,4,FIGQ,COL6A5( )
COL6A5, matrix metallopeptidase-3  and  elastase-2 ,1519,1523,0.855,4,QNNN,COL6A5(Collagen-like 3)
COL6A5, cathepsin G  and  matrix metallopeptidase-3 ,2208,2211,0.75,3,FIG,HSPG2( );POSTN( );COL6A5( );COL4A4( );COL4A1( );COL4A2( );COL6A6( );SERPINF1( );MYH9( );HSP90AA1( );CCT2( );VWA8( );DSG1( );HNRNPA2B1( );TUBB( );TUBB4B( );SERPINA7( );CASP1( );CPA4( );C5( );NECTIN1( );SLTM( );ITIH1( );CTSD( );SEMA3A( );IL33( );PRKDC( );C7( );C1S( );EGFR(Cytoplasmic);TNFRSF1A( )
COL6A5, matrix metallopeptidase-3  and  granzyme B ({Homo sapiens}-type) ,1758,1764,0.87,6,ELVFAL,COL6A5(VWFA 8);COL6A6(VWFA 8)
COL6A5, matrix metallopeptidase-3  and  matrix metallopeptidase-3 ,526,530,0.73,4,DYIL,COL6A5( )
COL6A5, matrix metallopeptidase-3  and  elastase-2 ,526,532,0.835,6,DYILQI,COL6A5( )
COL6A5, matrix metallopeptidase-3  and  matrix metallopeptidase-3 ,1194,1199,0.725,5,DIVVG,COL6A5(VWFA 7)
COL6A5, matrix metallopeptidase-3  and  elastase-2 ,1199,1205,0.93,6,FDISTH,COL6A5( )
COL6A5, elastase-2  and  matrix metallopeptidase-3 ,1196,1199,0.855,3,VVG,HMCN2( );TNXB( );FN1( );COL7A1( );HSPG2( );ELN( );CTGF( );LAMA3( );LAMB2( );ABI3BP( );COL1A2( );COL1A1( );FGA( );THBS3( );COL5A1( );TGFBI( );DCN( );COL6A5( );COL12A1( );LAMB1( );FBLN1( );LAMA2( );COL14A1( );COL6A1( );COL16A1( );COL6A6( );LAMB3( );EMILIN1( );LAMA4( );COL15A1( );VWA5B1( );HSPA5( );SDC4( );TLN1( );LGALS7( );DAG1( );TFRC( );SERPINA5( );PMEL( );EEF2( );HSPH1( );CAPZA1( );GPC2( );PZP( );CAPZA2( );HSPA9( );CANX( );DYNC1H1( );ADH7( );SFN( );VWA8( );DSG1(Desmoglein repeat 2);PFKP( );PGLYRP2( );FAM3C( );AGT( );ALDOA( );EFTUD2( );FLNA( );PLEC( );EPHB4( );KDR( );KARS( );CDSN( );SOD3( );SERPINA7( );CLTC( );FGFR3( );ACTN4( );IDE( );ITIH5( );RAC1( );ALCAM( );WDR1( );ACE2( );F13A1( );PLSCR1( );CTSV( );NECTIN1( );MELTF( );FLNB( );QPCT( );CTSL( );ST14(Peptidase S1);PRF1( );LCN2( );CELA1(Peptidase S1);FGFR4( );PAPPA( );TG( );NGFR( );IL4R( );C4BPA( );PLG(Peptidase S1);FGFR2( );TIMP3( )
COL6A5, matrix metallopeptidase-3  and  elastase-2 ,1199,1203,0.77,4,FDIS,LAMA3( );COL6A5( );LRG1( );CAMP( );HSPA9( )
COL6A5, matrix metallopeptidase-7  and  matrix metallopeptidase-3 ,933,940,0.745,7,QLNDTAL,COL6A5( )
COL6A5, cathepsin G  and  matrix metallopeptidase-3 ,934,940,0.7949999999999999,6,LNDTAL,COL6A5( )
COL6A5, matrix metallopeptidase-7  and  matrix metallopeptidase-3 ,273,276,0.88,3,RLG,HMCN2( );TNXB(Fibronectin type-III 2);LAMC2( );COMP( );HSPG2(SEA);ASPN( );LTBP4( );LAMA5( );LAMA3( );LTBP2( );LAMB2( );COL2A1( );LAMC1( );THBS4( );COL5A2( );THBS1( );COL18A1( );THBS2( );VCAN( );THBS3( );COL6A5( );COL12A1( );FBLN1( );COL4A3( );NID1( );COL16A1( );BGN( );COL6A6( );LAMB3( );EMILIN1( );COL6A2( );PCOLCE( );LAMA4( );UCN( );CKAP4(Cytoplasmic);CD34( );VIP( );ITIH4( );APOE(2);CSPG4( );TNXA( );ENDOD1( );DAG1( );DYNC1H1( );SOGA1( );DSC2( );SFN( );C3( );PLEC( );EPHB4( );FGF3( );CD8A( );ACTN2( );SERPINA1( );ITIH5( );SERPINA4( );MMP28( );ACE2( );ACTN1( );CHGB( );C2( );ITIH1( );PPT1( );GLG1( );CRH( );MUC4( );LOXL1( );PRKDC( );KLK5( );FGF2( );CALU( );TG( );P3H1( );LYZ( );NPY( );IL25( );TNFRSF18( );SPINK5( );PRSS1( );TNFRSF1A( );KLK8( );PSAP( );PLAT( )
COL6A5, matrix metallopeptidase-3  and  cathepsin G ,276,279,0.7849999999999999,3,LMS,LAMA5( );SPON1( );COL1A1( );EFEMP2( );COL6A5( );COL4A4( );COL14A1( );COL15A1( );EMCN( );CDH1( );MYH9( );HSP90AA1( );HSPH1( );P4HB( );CANX( );VWA8( );PGLYRP2( );FAM3C( );KDR( );MMP11( );C5( );C2( );GSN( );LEPROT( );MUC4( );ACPP( );CASP4( );PSAPL1( );PRLR( );CCL20( );TSHB( )
COL6A5, matrix metallopeptidase-3  and  matrix metallopeptidase-7 ,896,902,0.7849999999999999,6,ALKHAN,COL6A5( )
COL6A5, matrix metallopeptidase-7  and  matrix metallopeptidase-3 ,1700,1704,0.885,4,ALTV,TNXB( );COL6A5( );DMBT1( );CKLF( );TUBB( );TUBB4B( );GPC1( );PSAP( )
COL6A5, matrix metallopeptidase-7  and  matrix metallopeptidase-3 ,1698,1704,0.735,6,GLALTV,COL6A5( )
COL6A5, cathepsin G  and  matrix metallopeptidase-3 ,1701,1704,0.85,3,LTV,HMCN2( );FRAS1( );TNXB( );FN1( );TNC( );COL7A1( );HSPG2( );ANOS1( );SRPX( );LAMA5( );SPON1( );ABI3BP( );EFEMP1( );EFEMP2( );THBS1( );VCAN( );THBS3( );FBLN5( );COL6A3( );COL6A5( );DMBT1( );COL12A1( );LAMA2( );COL6A6( );LAMA4( );COL15A1( );COL17A1( );EMCN( );SERPINF1( );ATP5B( );VCL( );TLN1( );HSP90B1( );ITIH4( );CSPG4( );TNXA( );DAG1( );ITIH3( );TFRC( );PMEL( );NAXE( );CAPZA1( );LGALS1( );RPN1( );GPC2( );PZP( );CAPZA2( );CANX( );DYNC1H1( );VWA8( );DPP7( );SERPINA12( );FLNA( );PLEC( );COPA( );EPHB4(Eph LBD);CD14( );CKLF( );TUBB( );KDR(Ig-like C2-type 6);TUBB4B( );GANAB( );GPC1( );A2M( );FGFR3( );ERAP1( );ITIH5( );IGHM( );WDR1( );ACE2( );NECTIN1( );GHR( );ORM1( );TNFSF15( );SLTM( );ITIH1( );IGHG4( );CD109( );APOB( );FLNB( );IGHG1( );SERPINC1( );HSPB1( );LEPROT( );ORM2( );C4B( );C4A( );TEK( );IGHG2( );IL4( );PRF1( );SPINT1( );AFM( );PRKDC( );C7( );IGHG3( );CD8B( );FGFR4( );ADAMTS17( );PSAPL1( );FLT1(Ig-like C2-type 7);IL4R( );TLR9( );FGFR1(Ig-like C2-type 3);FGFR2(Ig-like C2-type 3);TNFRSF18( );PSAP( );PLAT( )
COL6A5, elastase-2  and  matrix metallopeptidase-3 ,576,581,0.73,5,VGIGA,COL6A5( )
COL6A5, cathepsin G  and  matrix metallopeptidase-3 ,472,478,0.86,6,FSIGPD,COL6A5( )
COL6A5, matrix metallopeptidase-3  and  elastase-2 ,582,589,0.7949999999999999,7,NKIELQE,COL6A5( )
COL6A5, elastase-2  and  matrix metallopeptidase-3 ,576,582,0.725,6,VGIGAA,COL6A5( )
COL6A5, matrix metallopeptidase-3  and  granzyme B ({Homo sapiens}-type) ,546,552,0.84,6,YLIVLT,COL6A5( )
COL6A5, matrix metallopeptidase-3  and  matrix metallopeptidase-3 ,1862,1869,0.715,7,ANVRRVA,COL6A5( )
COL6A5, matrix metallopeptidase-3  and  cathepsin G ,530,536,0.745,6,QIIKNG,COL6A5( )
COL6A5, matrix metallopeptidase-7  and  matrix metallopeptidase-3 ,1582,1588,0.73,6,GLQGPQ,COL6A5( )
COL6A5, matrix metallopeptidase-7  and  matrix metallopeptidase-3 ,2178,2185,0.875,7,RLINLGG,COL6A5( )
COL6A5, matrix metallopeptidase-3  and  granzyme B ({Homo sapiens}-type) ,2185,2190,0.715,5,ENIQN,COL6A5( )
COL6A5, matrix metallopeptidase-3  and  elastase-2 ,2185,2192,0.7749999999999999,7,ENIQNDG,COL6A5( )
COL6A5, elastase-2  and  matrix metallopeptidase-3 ,2180,2185,0.735,5,INLGG,COL6A5( )
COL6A5, cathepsin G  and  matrix metallopeptidase-3 ,2179,2185,0.745,6,LINLGG,COL6A5( )
COL6A5, cathepsin G  and  matrix metallopeptidase-3 ,2182,2185,0.715,3,LGG,HMCN2( );FRAS1( );TNXB( );NOV( );FBN2( );HSPG2( );ELN( );LAMA5( );LAMA3( );LTBP2( );ABI3BP( );FBLN2( );COL1A2( );COL1A1( );COL2A1( );MFAP4( );FGA( );LTBP2( );COL18A1( );THBS3(Laminin G-like);COL6A3( );TGFBI( );COL6A5( );COL4A4(Collagen IV NC1);LAMB1( );FBLN1( );LAMA2( );EMILIN1( );LAMA4( );FGG( );COL17A1( );KRTDAP( );HSPA5( );HSPD1( );APOA4( );RPL22( );ATP5O( );HYOU1( );CDH1( );HADHA( );HSPA8( );SDC1(Extracellular);ITIH4( );NGRN( );TNF( );CLCA4( );CSPG4( );ENDOD1( );CCT2( );PMEL( );HSPH1( );NAXE( );RPN1( );HNRNPU( );HSPA9( );DYNC1H1( );ADH7( );SOGA1( );VWA8( );DSG1( );IL1B( );PLEC( );EPHB4( );FGF3( );DMKN( );TUBB( );TUBB4B( );LEP( );FGFR3( );PPY( );MMP28( );WDR1( );CFD( );NECTIN1( );PROCR( );SLC25A6( );AHSG( );HNRNPK( );GSN( );IGHG4( );MELTF( );SLC25A5( );CD109( );CTSD( );IGHG1( );HSPB1( );C9(Beta stranded);CRH( );MUC4( );TEK( );PROS1( );HPR( );PRF1( );HBEGF( );PRKDC( );C7( );IGHG3( );FGF2( );FGFR4( );CD163( );PAPPA( );C8B( );ADAMTS17( );TG( );FLT1( );NGFR( );ADM2( );FGFR1( );FGFR2( );PRLR( );NRP1( );CTSB( );HP( );KLK8( )
COL6A5, matrix metallopeptidase-3  and  matrix metallopeptidase-7 ,30,33,0.83,3,DVV,HMCN2( );FRAS1( );COL7A1(VWFA 2);VWF( );HSPG2( );LAMA5( );LAMB2( );FMOD( );FBLN5( );COL6A3( );COL6A5(VWFA 1);DMBT1( );LAMA2( );COL6A6(VWFA 1);LAMB3( );EMILIN1( );COL6A2(VWFA 2);HADHA( );HIST1H4A( );SDC4( );YBX1( );TLN1( );CSPG4( );HPSE( );DYNC1H1( );PGLYRP2( );EFTUD2( );C3( );FLNA( );TUBB( );KDR( );TUBB4B( );GPC1( );CLTC( );TUBA4A( );IL1RN( );NECTIN1( );ORM1( );IGKV2-30( );CLEC3B( );IL1RL1( );APOB( );GLG1( );FLNB( );PKM( );NCAM1( );LEPROT( );C9(Beta stranded);MUC4( );CD40( );AFM( );CD163( );PGF( );NGFR( );IL4R( );TLR9( );FGFR1( );CFI(SRCR);PLG( );TIMP2( );FGFR2( );NRP1( );GDNF( );C1S( );EGFR( );PSAP( );PLAUR( )
COL6A5, matrix metallopeptidase-3  and  granzyme B ({Homo sapiens}-type) ,30,36,0.85,6,DVVFLV,COL6A5(VWFA 1);COL6A6(VWFA 1)
COL6A5, elastase-2  and  matrix metallopeptidase-3 ,27,30,0.715,3,VYA,FN1( );VWF( );LTBP2( );VCAN( );COL6A3( );COL6A5( );COL12A1( );LAMB1( );COL14A1( );COL6A6( );COL17A1( );CDH1( );HIST1H4A( );CLCA4( );CSPG4( );RPL9( );CAPZA1( );IL5( );DYNC1H1( );C3( );PLEC( );OLFML3( );EPHB4( );KDR( );IGKC( );FGFR3(Extracellular);ERAP1( );PON1( );ORM1( );TNFSF15( );RPL35A( );AHSG( );FLNB( );LEPROT( );PRKDC( );PAPPA( );NELL2( );CFHR2( );CFHR1( );C1S( );CFH( )
COL6A5, matrix metallopeptidase-3  and  cathepsin G ,30,33,0.7949999999999999,3,DVV,HMCN2( );FRAS1( );COL7A1(VWFA 2);VWF( );HSPG2( );LAMA5( );LAMB2( );FMOD( );FBLN5( );COL6A3( );COL6A5(VWFA 1);DMBT1( );LAMA2( );COL6A6(VWFA 1);LAMB3( );EMILIN1( );COL6A2(VWFA 2);HADHA( );HIST1H4A( );SDC4( );YBX1( );TLN1( );CSPG4( );HPSE( );DYNC1H1( );PGLYRP2( );EFTUD2( );C3( );FLNA( );TUBB( );KDR( );TUBB4B( );GPC1( );CLTC( );TUBA4A( );IL1RN( );NECTIN1( );ORM1( );IGKV2-30( );CLEC3B( );IL1RL1( );APOB( );GLG1( );FLNB( );PKM( );NCAM1( );LEPROT( );C9(Beta stranded);MUC4( );CD40( );AFM( );CD163( );PGF( );NGFR( );IL4R( );TLR9( );FGFR1( );CFI(SRCR);PLG( );TIMP2( );FGFR2( );NRP1( );GDNF( );C1S( );EGFR( );PSAP( );PLAUR( )
COL6A5, matrix metallopeptidase-3  and  cathepsin G ,30,34,0.78,4,DVVF,COL7A1(VWFA 2);COL6A3(VWFA 6);COL6A5(VWFA 1);COL6A6(VWFA 1);COL6A2(VWFA 2);CLTC( );MUC4( )
COL6A5, matrix metallopeptidase-3  and  granzyme B ({Homo sapiens}-type) ,1194,1200,0.8,6,DIVVGF,COL6A5(VWFA 7)
COL6A5, matrix metallopeptidase-7  and  matrix metallopeptidase-3 ,194,201,0.735,7,DLSTFSQ,COL6A5( )
COL6A5, matrix metallopeptidase-3  and  granzyme B ({Homo sapiens}-type) ,201,208,0.74,7,NMTQIIK,COL6A5( )
COL6A5, elastase-2  and  matrix metallopeptidase-7 ,1280,1286,1.0499999999999998,6,THLNAQ,COL6A5( )
COL6A5, matrix metallopeptidase-7  and  elastase-2 ,1700,1703,1.04,3,ALT,HMCN2( );TNXB( );TNC( );COL7A1( );HSPG2( );LAMA3( );FBLN2( );FBN1( );LAMC1( );FGA( );LTBP2( );COL6A3( );COL6A5( );DMBT1( );COL12A1( );IGFBP3( );COL14A1( );PCOLCE( );LRG1( );GPX3( );CKAP4( );ATP5B( );HADHA( );NENF( );VCL( );TLN1( );ITIH4( );CLCA4(VWFA);CSPG4( );ENDOD1( );ANXA1( );ITIH3( );SHH( );RPN1( );DYNC1H1( );MAP2K2( );PGLYRP2( );ALDOA( );C3( );FLNA( );GPI( );EPHB4( );PI16(Extracellular);CD14(LRR 5);CKLF( );TUBB( );TUBB4B( );LGALS3BP( );GPC1( );NTF4( );PON1( );SERPINE1( );RAC1( );ACE2( );ACTN1( );HLA-C( );TNFSF15(Helical; Signal-anchor for type II);ITIH1( );GSN( );IGHG4( );APOB( );GLG1( );IGHG1( );CP( );MMP2( );C4B( );C4A( );MUC4( );IGHG2( );PRF1( );PRKDC( );IGHG3( );HPX( );PGF( );ADAMTS17(PLAC);TG( );IL4R( );TLR9( );NGF( );FGFR1( );NTF3( );MDK( );HGFAC( );EGFR( );PYY( );PSAP( );BDNF( )
COL6A5, matrix metallopeptidase-7  and  matrix metallopeptidase-7 ,2172,2178,0.92,6,MLEDAC,COL6A5( )
COL6A5, granzyme B ({Homo sapiens}-type)  and  matrix metallopeptidase-7 ,2175,2178,1.01,3,DAC,FBN2( );COMP( );HSPG2( );LTBP4( );LAMA5( );LAMA3( );LTBP2( );LAMB2( );EFEMP1( );FBN1( );THBS4( );THBS1(TSP type-1 2);COL18A1( );THBS2( );THBS3( );COL6A5( );IGFBP7( );TLN1( );PMEL( );DYNC1H1( );MMP11( );GHR( );MMP9( );ANGPT2( );MUC4( );ANGPT1( );C1R( );KLKB1( );CFI( );TIMP2(NTR);F2( );HGFAC( );CD59( );PLAT( )
COL6A5, cathepsin G  and  matrix metallopeptidase-7 ,2172,2178,0.9,6,MLEDAC,COL6A5( )
COL6A5, matrix metallopeptidase-7  and  cathepsin G ,2178,2182,0.88,4,RLIN,COL6A5( )
COL6A5, matrix metallopeptidase-7  and  matrix metallopeptidase-7 ,2287,2294,0.91,7,EYYMDVA,COL6A5(VWFA 10)
COL6A5, matrix metallopeptidase-7  and  granzyme B ({Homo sapiens}-type) ,2294,2297,0.9550000000000001,3,FLI,FRAS1( );MATN2( );ABI3BP( );VCAN( );COL6A3( );COL6A5( );COL4A5( );COL6A6( );COL17A1( );VWA5B1( );SDC4( );TNF( );CLCA4( );TFRC( );EEF2( );HPSE( );VWA8( );SERPIND1( );SERPINI1( );CALR( );GPI( );SERPINB2( );CPQ( );SERPINA7( );CLTC( );IDE( );ERAP1( );RAC1( );C5( );PLSCR1( );MMP9( );CMA1( );C2( );CD109( );APOB( );GLG1( );S100A8( );TEK(Helical);SPINT1( );IFI30( );IL13RA2( );PRKDC( );PDGFA( );HPX( );CXCL8( );TIMP1( );NGF( );FGFR1( );C4BPA( );NELL2( );FGFR2( );PI3( );PLAUR( )
COL6A5, granzyme B ({Homo sapiens}-type)  and  matrix metallopeptidase-7 ,2291,2294,0.935,3,DVA,HMCN2( );FRAS1( );FN1( );VWF(VWFA 2);HSPG2( );COL1A1( );COL5A1(Laminin G-like);COL6A5( );COL6A1( );LAMB3( );CTHRC1( );HSPD1( );CKAP4( );CDH1( );ATP5B( );HADHA( );TLN1( );CD34( );CCT6A( );IFNG( );CSPG4(Laminin G-like 2);ENDOD1( );ANXA1( );EEF2( );PZP( );P4HB( );SOGA1( );IL6( );FAM3C( );AGT( );LGALS3( );PLEC( );COPA( );RNPEP( );CPQ( );GGH( );HMGB1( );IGKV4-1( );WDR1( );MMP19( );TXN( );ACTN1( );CFD( );MMP9(Hemopexin 3);C2( );ADM( );MMP1( );MELTF( );CD109( );GLG1( );PKM( );MMP2( );MUC4( );TEK( );GLA( );PAPPA( );TF( );KLKB1( );TG( );CD5L( );LTF( );WNT5A( );CFB( );CFH( )
COL6A5, cathepsin G  and  matrix metallopeptidase-7 ,2289,2294,0.895,5,YMDVA,COL6A5(VWFA 10)
COL6A5, matrix metallopeptidase-7  and  cathepsin G ,273,279,0.935,6,RLGLMS,COL6A5( )
COL6A5, matrix metallopeptidase-7  and  cathepsin G ,273,277,0.87,4,RLGL,ASPN( );LAMA5( );LAMB2( );THBS1( );THBS2( );COL6A5( );NID1( );BGN( );UCN( );CSPG4( );SFN( );PPT1( );PRKDC( );NPY( );TNFRSF1A( );PLAT( )
COL6A5, matrix metallopeptidase-7  and  matrix metallopeptidase-7 ,2453,2456,0.915,3,ELE,NOV( );TNC( );LAMC2( );VWF( );HSPG2( );ASPN( );LTBP4(EGF-like 15);LAMA5( );AEBP1( );LAMB2( );ABI3BP( );FGB( );MFAP2( );LAMC1( );FGA( );COL18A1( );VCAN( );FBLN5( );COL6A3( );KERA( );COL6A5( );COL12A1( );LAMB1( );COL4A3( );NID1( );LAMA2( );COL4A6( );COL14A1( );BGN( );COL6A6( );LAMB3( );EMILIN1( );COLQ( );FGG( );COL17A1( );LAD1( );HSPA5( );HSPD1( );S100A13( );APOA4( );C1QBP( );HSPA8( );MYH9( );NENF( );TLN1( );VIP( );CHGA( );APOE( );SERPINB5( );CSPG4( );ITIH2( );HSPH1( );RPN1( );DYNC1H1( );SOGA1( );MAP2K2( );VWA8( );PGLYRP2( );AGT( );NAMPT( );PLEC( );CALCA( );CPE( );CASP14( );NUCB1( );KARS( );GANAB( );LRPAP1( );GPC1( );SERPINA7( );CLTC( );FGFR3( );CASP1( );NUCB2( );NECTIN1( );CHGB( );ACE( );ANGPT2( );CRTAP( );CD109( );APOB( );GLG1( );S100A8( );FLNB( );SERPINC1( );S100B( );NCAM1( );MUC4( );KNG1( );ST14( );TEK( );PROS1( );ACPP( );ANGPT1( );C1R( );PRKDC( );TLL1( );C7( );FGFR4( );PAPPA( );TPSD1( );TG( );FLT1( );P3H1( );TPSB2( );WFDC12( );IGF2-AS( );FST( );TNFRSF1A( );TPSAB1( );CFH( );PLAUR( )
COL6A5, matrix metallopeptidase-7  and  matrix metallopeptidase-7 ,236,239,0.9650000000000001,3,DLV,FRAS1( );TNXB( );TNC( );COL7A1( );VWF(VWFA 1; binding site for platelet);MATN2(VWFA 1);LTBP4( );LAMC1( );THBS4( );FGA( );SPARC( );THBS1( );THBS2( );POSTN( );THBS3( );PRELP( );COL6A5(VWFA 2);DMBT1( );COL12A1(VWFA 1);NID1( );COL14A1(VWFA 2);COL6A6(VWFA 4);LAMB3( );EMILIN1( );COL6A2( );LAMA4( );COL15A1( );HSPA5( );VCL( );TLN1( );CSPG4( );PDCD6IP( );HSP90AA1( );CCT2( );KITLG( );SERPINA5( );PMEL( );CSTA( );ITIH2( );SERPINF2( );HSPH1( );PZP( );DYNC1H1( );SERPINI1( );C3( );FLNA( );COPA( );EPHB4( );CPE( );RNPEP( );TUBB( );TUBB4B( );A2M( );CLTC( );FGFR3( );SERPINA1( );SERPINA4( );C5( );NUCB2( );ACE( );MMP1( );ITIH1( );ANGPT2( );GSN( );APOB( );GLG1(Cys-rich GLG1 9);FLNB( );ILK( );MUC4( );ST14( );LOXL1( );SEMA3A( );RAN( );CD40( );AFM( );PRKDC( );A2ML1( );FGFR4( );PAPPA( );C8B( );TG( );NGFR( );P3H1( );TIMP1( );FGFR1( );CFI( );WNT5A( );FGFR2( );HGFAC( );ESR2( );LOX( );HGF( )
COL6A5, matrix metallopeptidase-7  and  granzyme B ({Homo sapiens}-type) ,239,242,0.9650000000000001,3,FLV,HMCN2(Ig-like C2-type 42);FRAS1( );TNXB( );FN1( );TNC( );VWF( );HSPG2( );MATN2( );LGI3( );LAMB2( );FGB( );LTBP2( );COL5A1( );COL6A3( );COL6A5( );COL12A1( );COL4A1( );COL6A6( );FGG( );GPX3( );SPX( );CDH1( );TLN1( );HSP90B1( );EEF2( );GPC2( );CANX( );VWA8( );DSG1( );DPP7( );PLEC( );PI16( );CD14( );MMP8( );IGHV3-7( );CTSG( );TUBA4A( );SERPINA4( );CASP1( );MMP14( );IGHV3-13( );MMP9( );MMP10( );CD109( );IL1RL1( );FLNB( );AGTR2( );PKM( );SERPINC1( );CP( );MMP2( );TNFSF10(Extracellular);C4B( );C4A( );MUC4( );ST14(Helical; Signal-anchor for type II);SPINT1( );IGHV1-2( );AFM( );PRKDC( );A2ML1( );CASP4( );TG( );TAC1( );IGHV3-23( );FGFR1( );LTF( );WNT5A( );WFDC12( );SFRP5( );PSAP( );CGA( );TGFA( )
COL6A5, granzyme B ({Homo sapiens}-type)  and  matrix metallopeptidase-7 ,232,239,0.9299999999999999,7,DSLADLV,COL6A5(VWFA 2)
COL6A5, granzyme B ({Homo sapiens}-type)  and  matrix metallopeptidase-7 ,236,239,0.87,3,DLV,FRAS1( );TNXB( );TNC( );COL7A1( );VWF(VWFA 1; binding site for platelet);MATN2(VWFA 1);LTBP4( );LAMC1( );THBS4( );FGA( );SPARC( );THBS1( );THBS2( );POSTN( );THBS3( );PRELP( );COL6A5(VWFA 2);DMBT1( );COL12A1(VWFA 1);NID1( );COL14A1(VWFA 2);COL6A6(VWFA 4);LAMB3( );EMILIN1( );COL6A2( );LAMA4( );COL15A1( );HSPA5( );VCL( );TLN1( );CSPG4( );PDCD6IP( );HSP90AA1( );CCT2( );KITLG( );SERPINA5( );PMEL( );CSTA( );ITIH2( );SERPINF2( );HSPH1( );PZP( );DYNC1H1( );SERPINI1( );C3( );FLNA( );COPA( );EPHB4( );CPE( );RNPEP( );TUBB( );TUBB4B( );A2M( );CLTC( );FGFR3( );SERPINA1( );SERPINA4( );C5( );NUCB2( );ACE( );MMP1( );ITIH1( );ANGPT2( );GSN( );APOB( );GLG1(Cys-rich GLG1 9);FLNB( );ILK( );MUC4( );ST14( );LOXL1( );SEMA3A( );RAN( );CD40( );AFM( );PRKDC( );A2ML1( );FGFR4( );PAPPA( );C8B( );TG( );NGFR( );P3H1( );TIMP1( );FGFR1( );CFI( );WNT5A( );FGFR2( );HGFAC( );ESR2( );LOX( );HGF( )
COL6A5, cathepsin G  and  matrix metallopeptidase-7 ,234,239,1.005,5,LADLV,COL6A5(VWFA 2);AFM( );FGFR4( )
COL6A5, matrix metallopeptidase-7  and  cathepsin G ,239,245,0.9099999999999999,6,FLVDES,COL6A5( )
COL6A5, matrix metallopeptidase-7  and  granzyme B ({Homo sapiens}-type) ,631,634,0.995,3,FLV,HMCN2(Ig-like C2-type 42);FRAS1( );TNXB( );FN1( );TNC( );VWF( );HSPG2( );MATN2( );LGI3( );LAMB2( );FGB( );LTBP2( );COL5A1( );COL6A3( );COL6A5( );COL12A1( );COL4A1( );COL6A6( );FGG( );GPX3( );SPX( );CDH1( );TLN1( );HSP90B1( );EEF2( );GPC2( );CANX( );VWA8( );DSG1( );DPP7( );PLEC( );PI16( );CD14( );MMP8( );IGHV3-7( );CTSG( );TUBA4A( );SERPINA4( );CASP1( );MMP14( );IGHV3-13( );MMP9( );MMP10( );CD109( );IL1RL1( );FLNB( );AGTR2( );PKM( );SERPINC1( );CP( );MMP2( );TNFSF10(Extracellular);C4B( );C4A( );MUC4( );ST14(Helical; Signal-anchor for type II);SPINT1( );IGHV1-2( );AFM( );PRKDC( );A2ML1( );CASP4( );TG( );TAC1( );IGHV3-23( );FGFR1( );LTF( );WNT5A( );WFDC12( );SFRP5( );PSAP( );CGA( );TGFA( )
COL6A5, granzyme B ({Homo sapiens}-type)  and  matrix metallopeptidase-7 ,628,631,0.88,3,DIM,COL5A2( );POSTN( );COL5A1( );TGFBI( );COL6A5(VWFA 4);COL6A6(VWFA 4);COL15A1( );DYNC1H1( );CTSG( );PPY( );MMP11( );MMP14( );CMA1( );SLC25A6( );MMP1( );MMP10( );SLC25A5( );MMP2( );KLK13( );SFRP2( );A2ML1( );KLK11( );TG( );KLK6( );CTSB( );PRSS1( );EDN1( )
COL6A5, matrix metallopeptidase-7  and  granzyme B ({Homo sapiens}-type) ,33,36,0.97,3,FLV,HMCN2(Ig-like C2-type 42);FRAS1( );TNXB( );FN1( );TNC( );VWF( );HSPG2( );MATN2( );LGI3( );LAMB2( );FGB( );LTBP2( );COL5A1( );COL6A3( );COL6A5( );COL12A1( );COL4A1( );COL6A6( );FGG( );GPX3( );SPX( );CDH1( );TLN1( );HSP90B1( );EEF2( );GPC2( );CANX( );VWA8( );DSG1( );DPP7( );PLEC( );PI16( );CD14( );MMP8( );IGHV3-7( );CTSG( );TUBA4A( );SERPINA4( );CASP1( );MMP14( );IGHV3-13( );MMP9( );MMP10( );CD109( );IL1RL1( );FLNB( );AGTR2( );PKM( );SERPINC1( );CP( );MMP2( );TNFSF10(Extracellular);C4B( );C4A( );MUC4( );ST14(Helical; Signal-anchor for type II);SPINT1( );IGHV1-2( );AFM( );PRKDC( );A2ML1( );CASP4( );TG( );TAC1( );IGHV3-23( );FGFR1( );LTF( );WNT5A( );WFDC12( );SFRP5( );PSAP( );CGA( );TGFA( )
COL6A5, granzyme B ({Homo sapiens}-type)  and  matrix metallopeptidase-7 ,30,33,0.8999999999999999,3,DVV,HMCN2( );FRAS1( );COL7A1(VWFA 2);VWF( );HSPG2( );LAMA5( );LAMB2( );FMOD( );FBLN5( );COL6A3( );COL6A5(VWFA 1);DMBT1( );LAMA2( );COL6A6(VWFA 1);LAMB3( );EMILIN1( );COL6A2(VWFA 2);HADHA( );HIST1H4A( );SDC4( );YBX1( );TLN1( );CSPG4( );HPSE( );DYNC1H1( );PGLYRP2( );EFTUD2( );C3( );FLNA( );TUBB( );KDR( );TUBB4B( );GPC1( );CLTC( );TUBA4A( );IL1RN( );NECTIN1( );ORM1( );IGKV2-30( );CLEC3B( );IL1RL1( );APOB( );GLG1( );FLNB( );PKM( );NCAM1( );LEPROT( );C9(Beta stranded);MUC4( );CD40( );AFM( );CD163( );PGF( );NGFR( );IL4R( );TLR9( );FGFR1( );CFI(SRCR);PLG( );TIMP2( );FGFR2( );NRP1( );GDNF( );C1S( );EGFR( );PSAP( );PLAUR( )
COL6A5, matrix metallopeptidase-7  and  granzyme B ({Homo sapiens}-type) ,33,39,0.88,6,FLVDSS,COL6A3( );COL6A5( );COL6A6( )
COL6A5, elastase-2  and  matrix metallopeptidase-7 ,27,33,0.835,6,VYADVV,COL6A5(VWFA 1)
COL6A5, matrix metallopeptidase-7  and  matrix metallopeptidase-7 ,2593,2596,0.9099999999999999,3,EIS,HMCN2( );FRAS1( );TNC( );LAMC2( );MATN2( );AEBP1( );LTBP2( );ABI3BP( );COL6A3( );MFGE8( );COL6A5( );COL12A1( );COL4A3( );NID1( );LAMA2( );COL4A6( );BGN( );COL6A6( );LAMA4( );HSPA5( );SERPINF1( );HYOU1( );VCL( );TLN1( );CD34( );ITIH4( );CSPG4( );KITLG( );PMEL( );ITIH2( );RPN1( );HSPA9( );DYNC1H1( );DSC2( );MAP2K2( );SERPINI1( );LGALS3( );FLNA( );RNPEP( );GPC1( );SERPINE1( );ALCAM( );CPA4( );AHSG( );CRTAP( );APOB( );GLG1(Cys-rich GLG1 2);FLNB( );NCAM1( );C9( );PROS1( );CTSK( );PRKDC( );TLL1( );A2ML1( );AMBP( );TG( );IL4R( );C4BPA( );CFB( );VEGFD( );EGFR( );TNFRSF1A( );INHBA( );CFH(Sushi 4)
COL6A5, matrix metallopeptidase-7  and  granzyme B ({Homo sapiens}-type) ,2593,2600,0.99,7,EISALVV,COL6A5( )
COL6A5, elastase-2  and  matrix metallopeptidase-7 ,2589,2593,0.94,4,AHLE,COL6A5( );MYH9( );CSPG4( );A1BG( )
COL6A5, matrix metallopeptidase-7  and  cathepsin G ,2593,2597,0.885,4,EISA,COL6A5( );HSPA5( );VCL( );NCAM1( );TLL1( )
COL6A5, granzyme B ({Homo sapiens}-type)  and  matrix metallopeptidase-7 ,2122,2126,0.8200000000000001,4,DDME,FN1( );COL18A1( );COL6A5( );COL6A2( );ACTG1( );POTEKP( )
COL6A5, matrix metallopeptidase-7  and  cathepsin G ,2126,2130,0.9,4,ELAS,COL6A5( );COL17A1( );IL1B( );PLEC( );ANXA2P2( );ANXA2( );PRKDC( );P3H1( )
COL6A5, matrix metallopeptidase-7  and  cathepsin G ,2126,2132,0.8200000000000001,6,ELASYP,COL6A5( )
COL6A5, matrix metallopeptidase-7  and  granzyme B ({Homo sapiens}-type) ,236,242,0.93,6,DLVFLV,COL6A5(VWFA 2);COL12A1(VWFA 1)
COL6A5, granzyme B ({Homo sapiens}-type)  and  matrix metallopeptidase-7 ,232,236,0.895,4,DSLA,VCAN( );COL6A5( );COL6A2( );VWA5B1( );VWA8( );IGKV4-1( );C4B( );C4A( );TEK( );PENK( );SFRP5( )
COL6A5, matrix metallopeptidase-7  and  cathepsin G ,236,239,0.825,3,DLV,FRAS1( );TNXB( );TNC( );COL7A1( );VWF(VWFA 1; binding site for platelet);MATN2(VWFA 1);LTBP4( );LAMC1( );THBS4( );FGA( );SPARC( );THBS1( );THBS2( );POSTN( );THBS3( );PRELP( );COL6A5(VWFA 2);DMBT1( );COL12A1(VWFA 1);NID1( );COL14A1(VWFA 2);COL6A6(VWFA 4);LAMB3( );EMILIN1( );COL6A2( );LAMA4( );COL15A1( );HSPA5( );VCL( );TLN1( );CSPG4( );PDCD6IP( );HSP90AA1( );CCT2( );KITLG( );SERPINA5( );PMEL( );CSTA( );ITIH2( );SERPINF2( );HSPH1( );PZP( );DYNC1H1( );SERPINI1( );C3( );FLNA( );COPA( );EPHB4( );CPE( );RNPEP( );TUBB( );TUBB4B( );A2M( );CLTC( );FGFR3( );SERPINA1( );SERPINA4( );C5( );NUCB2( );ACE( );MMP1( );ITIH1( );ANGPT2( );GSN( );APOB( );GLG1(Cys-rich GLG1 9);FLNB( );ILK( );MUC4( );ST14( );LOXL1( );SEMA3A( );RAN( );CD40( );AFM( );PRKDC( );A2ML1( );FGFR4( );PAPPA( );C8B( );TG( );NGFR( );P3H1( );TIMP1( );FGFR1( );CFI( );WNT5A( );FGFR2( );HGFAC( );ESR2( );LOX( );HGF( )
COL6A5, granzyme B ({Homo sapiens}-type)  and  matrix metallopeptidase-7 ,2146,2153,0.855,7,DLNYIAK,COL6A5( )
COL6A5, matrix metallopeptidase-7  and  cathepsin G ,2153,2159,0.91,6,FLKPFL,COL6A5(VWFA 9)
COL6A5, cathepsin G  and  matrix metallopeptidase-7 ,2149,2153,0.8200000000000001,4,YIAK,COL6A5( )
COL6A5, matrix metallopeptidase-7  and  matrix metallopeptidase-7 ,803,809,0.8400000000000001,6,ALHDCK,COL6A5( )
COL6A5, matrix metallopeptidase-7  and  granzyme B ({Homo sapiens}-type) ,809,814,0.81,5,RITLL,VWF( );COL6A5( )
COL6A5, cathepsin G  and  matrix metallopeptidase-7 ,804,809,1.15,5,LHDCK,COL6A5( )
COL6A5, matrix metallopeptidase-7  and  cathepsin G ,809,812,0.855,3,RIT,HMCN2( );FRAS1( );FN1( );TNC( );COL7A1( );LAMC2( );VWF( );LAMA5( );LAMA3( );LTBP2( );FBLN2( );VCAN( );COL5A1( );COL6A3( );COL6A5( );COL12A1( );COL14A1( );LAMA4( );HSPA5( );AIMP1(tRNA-binding);ATP5B( );CSPG4( );LBP( );ITIH2( );IGLV3-19( );RPL12( );P4HB( );DYNC1H1( );DSG1( );DPP7( );IGLV3-21( );PLEC( );SERPINA6( );CDSN( );CCL11( );SLTM( );APOB( );GLG1(Cytoplasmic);OLFML1( );AGTR2( );SERPINC1( );ORM2( );CCL2( );KNG1( );ST14( );FGFR1( );FGFR2( );CFHR2( );CFHR1( );F2( );VEGFD( );CFH( )
COL6A5, matrix metallopeptidase-7  and  matrix metallopeptidase-7 ,933,940,0.825,7,QLNDTAL,COL6A5( )
COL6A5, cathepsin G  and  matrix metallopeptidase-7 ,934,940,0.875,6,LNDTAL,COL6A5( )
COL6A5, matrix metallopeptidase-7  and  granzyme B ({Homo sapiens}-type) ,2596,2600,0.96,4,ALVV,LAMA5( );COL6A5( );PMEL( );EEF2( );SLTM( );CD40(Helical);PRKDC( );TGFA( )
COL6A5, elastase-2  and  matrix metallopeptidase-7 ,2589,2596,0.9099999999999999,7,AHLEEIS,COL6A5( )
COL6A5, matrix metallopeptidase-7  and  granzyme B ({Homo sapiens}-type) ,1966,1969,0.89,3,FLI,FRAS1( );MATN2( );ABI3BP( );VCAN( );COL6A3( );COL6A5( );COL4A5( );COL6A6( );COL17A1( );VWA5B1( );SDC4( );TNF( );CLCA4( );TFRC( );EEF2( );HPSE( );VWA8( );SERPIND1( );SERPINI1( );CALR( );GPI( );SERPINB2( );CPQ( );SERPINA7( );CLTC( );IDE( );ERAP1( );RAC1( );C5( );PLSCR1( );MMP9( );CMA1( );C2( );CD109( );APOB( );GLG1( );S100A8( );TEK(Helical);SPINT1( );IFI30( );IL13RA2( );PRKDC( );PDGFA( );HPX( );CXCL8( );TIMP1( );NGF( );FGFR1( );C4BPA( );NELL2( );FGFR2( );PI3( );PLAUR( )
COL6A5, granzyme B ({Homo sapiens}-type)  and  matrix metallopeptidase-7 ,365,370,0.79,5,DVNVF,COL6A3( );COL6A5( );ANXA1( )
COL6A5, matrix metallopeptidase-7  and  matrix metallopeptidase-7 ,896,902,0.8,6,ALKHAN,COL6A5( )
COL6A5, elastase-2  and  matrix metallopeptidase-7 ,2209,2212,0.8,3,IGQ,HMCN2( );FN1( );HSPG2( );FBN1( );VCAN( );COL5A1( );COL6A3( );COL6A5( );COL12A1( );COL4A1( );LAMB1( );COL4A5( );LAMA2( );COL4A2( );COL6A6( );MYH9( );HSP90B1( );SERPINB5( );HSP90AA1( );ITIH2( );DYNC1H1( );VWA8( );SBSN( );ATP5A1( );WDR1( );MMP14( );APOB( );FLNB(Filamin 6);NCAM1( );SEMA3A( );TLL1( );PAPPA( );HRG( )
COL6A5, cathepsin G  and  matrix metallopeptidase-7 ,2208,2212,0.8,4,FIGQ,COL6A5( )
COL6A5, matrix metallopeptidase-7  and  granzyme B ({Homo sapiens}-type) ,1758,1764,0.915,6,ELVFAL,COL6A5(VWFA 8);COL6A6(VWFA 8)
COL6A5, matrix metallopeptidase-7  and  granzyme B ({Homo sapiens}-type) ,2356,2360,0.835,4,YLEF,COL6A5( );LAMB1( );CLTC( )
COL6A5, matrix metallopeptidase-7  and  elastase-2 ,2356,2362,0.9099999999999999,6,YLEFDL,COL6A5( )
COL6A5, cathepsin G  and  matrix metallopeptidase-7 ,904,911,0.77,7,FTEEHGS,COL6A5( )
COL6A5, cathepsin G  and  matrix metallopeptidase-7 ,510,514,0.8049999999999999,4,FNIK,FGA( );COL6A5( )
COL6A5, granzyme B ({Homo sapiens}-type)  and  matrix metallopeptidase-7 ,742,749,0.845,7,DDVRDPA,COL6A5( )
COL6A5, matrix metallopeptidase-7  and  cathepsin G ,401,405,0.8,4,DLET,COL6A5( );CLTC( );CRTAP( );P3H1( )
COL6A5, elastase-2  and  matrix metallopeptidase-7 ,2097,2101,0.79,4,VKMM,COL6A5( )
COL6A5, matrix metallopeptidase-7  and  elastase-2 ,2453,2458,0.885,5,ELEEL,COL6A5( );APOA4( );CLTC( )
COL6A5, matrix metallopeptidase-7  and  granzyme B ({Homo sapiens}-type) ,2172,2175,0.89,3,MLE,HMCN2( );FRAS1( );FN1( );VWF( );HSPG2( );COL6A3( );TGFBI( );DCN( );COL6A5( );COL12A1( );LAMA4( );COLQ( );FGG( );TLN1( );LBP( );PZP( );DYNC1H1( );SOGA1( );DSG1( );EPHB4( );FKBP1A( );ANXA2P2( );CPQ( );ANXA2( );GANAB( );A2M( );CLTC( );ACE2( );ACE( );ITIH1( );APOB( );PKM( );QPCT( );TEK(Protein kinase);SEMA3A( );ANGPT1( );SFRP2( );F2( )
COL6A5, matrix metallopeptidase-7  and  cathepsin G ,2172,2179,0.79,7,MLEDACR,COL6A5( )
COL6A5, matrix metallopeptidase-7  and  granzyme B ({Homo sapiens}-type) ,2327,2334,0.76,7,PLTSTLG,COL6A5( )
COL6A5, matrix metallopeptidase-7  and  matrix metallopeptidase-7 ,2193,2197,0.755,4,QFVT,MATN2( );COL6A5( )
COL6A5, granzyme B ({Homo sapiens}-type)  and  matrix metallopeptidase-7 ,2190,2193,0.76,3,DGF,ECM1( );FRAS1( );TNC( );FBN2( );VWF( );COMP( );HSPG2( );ANOS1( );LTBP4( );LAMA5( );LAMB2( );FBLN2( );COL1A1( );FBN1( );LAMC1( );THBS4( );FGA( );EFEMP2( );VCAN( );COL5A1( );COL6A3( );VTN( );COL6A5( );COL4A4( );COL12A1( );LAMB1( );NID1( );LAMA2( );COL4A2( );EMILIN1( );PCOLCE( );LRG1( );LAMA4( );CTHRC1( );FGG( );CSPG4( );LGALS7( );TFRC( );SERPINA5( );P4HB( );PFKP( );COPA( );CPE( );RNPEP( );MIF( );ERAP1( );IGHM( );NUCB2( );C2( );ACE( );SLTM( );MMP1( );GSN( );GLG1( );SERPINC1( );MMP2( );LEPROT( );POTEKP( );IL13RA2( );C7( );FGFR4( );CALU( );TG( );FLT1( );NELL2( );NRP1( );C1S( );VEGFC( );CFH( )
COL6A5, elastase-2  and  matrix metallopeptidase-7 ,2187,2193,0.845,6,IQNDGF,COL6A5( )
COL6A5, matrix metallopeptidase-7  and  cathepsin G ,2193,2198,0.835,5,QFVTE,COL6A5( )
COL6A5, matrix metallopeptidase-7  and  matrix metallopeptidase-7 ,188,194,0.775,6,NLRTIR,COL6A5( )
COL6A5, elastase-2  and  matrix metallopeptidase-7 ,182,188,0.925,6,TSHFHF,COL6A5( )
COL6A5, cathepsin G  and  matrix metallopeptidase-7 ,185,188,0.78,3,FHF,FRAS1( );LAMA5( );LAMB2( );COL2A1( );VCAN( );COL6A3( );COL6A5( );DMBT1( );LAMB1( );COL6A6( );CSPG4( );LGALS3( );SERPING1( );MUC4( );PLAUR( )
COL6A5, matrix metallopeptidase-7  and  matrix metallopeptidase-7 ,960,963,0.78,3,ELE,NOV( );TNC( );LAMC2( );VWF( );HSPG2( );ASPN( );LTBP4(EGF-like 15);LAMA5( );AEBP1( );LAMB2( );ABI3BP( );FGB( );MFAP2( );LAMC1( );FGA( );COL18A1( );VCAN( );FBLN5( );COL6A3( );KERA( );COL6A5( );COL12A1( );LAMB1( );COL4A3( );NID1( );LAMA2( );COL4A6( );COL14A1( );BGN( );COL6A6( );LAMB3( );EMILIN1( );COLQ( );FGG( );COL17A1( );LAD1( );HSPA5( );HSPD1( );S100A13( );APOA4( );C1QBP( );HSPA8( );MYH9( );NENF( );TLN1( );VIP( );CHGA( );APOE( );SERPINB5( );CSPG4( );ITIH2( );HSPH1( );RPN1( );DYNC1H1( );SOGA1( );MAP2K2( );VWA8( );PGLYRP2( );AGT( );NAMPT( );PLEC( );CALCA( );CPE( );CASP14( );NUCB1( );KARS( );GANAB( );LRPAP1( );GPC1( );SERPINA7( );CLTC( );FGFR3( );CASP1( );NUCB2( );NECTIN1( );CHGB( );ACE( );ANGPT2( );CRTAP( );CD109( );APOB( );GLG1( );S100A8( );FLNB( );SERPINC1( );S100B( );NCAM1( );MUC4( );KNG1( );ST14( );TEK( );PROS1( );ACPP( );ANGPT1( );C1R( );PRKDC( );TLL1( );C7( );FGFR4( );PAPPA( );TPSD1( );TG( );FLT1( );P3H1( );TPSB2( );WFDC12( );IGF2-AS( );FST( );TNFRSF1A( );TPSAB1( );CFH( );PLAUR( )
COL6A5, matrix metallopeptidase-7  and  cathepsin G ,1934,1940,0.845,6,RLRRCA,COL6A5( )
COL6A5, matrix metallopeptidase-7  and  cathepsin G ,1132,1138,0.775,6,DLGICV,COL6A5( )
COL6A5, matrix metallopeptidase-7  and  granzyme B ({Homo sapiens}-type) ,2287,2291,0.8049999999999999,4,EYYM,COL6A5( )
COL6A5, elastase-2  and  matrix metallopeptidase-7 ,2283,2287,0.775,4,VSLQ,HMCN2( );LAMA5( );COL6A5( );LAMB3( );VWA5B1( );C3( );CPA4( );APOB( );NCAM1(Extracellular);KLKB1( );FLT1( );IL25( )
COL6A5, granzyme B ({Homo sapiens}-type)  and  matrix metallopeptidase-7 ,356,360,0.75,4,DAAL,VTN( );COL6A5( );LGALS7( );MMP28( );MMP19(Hemopexin 3);MMP14( );MMP1( );KNG1( );FLT1( )
COL6A5, matrix metallopeptidase-7  and  granzyme B ({Homo sapiens}-type) ,360,365,0.745,5,NLRLE,COL6A5( )
COL6A5, matrix metallopeptidase-7  and  cathepsin G ,275,279,0.8049999999999999,4,GLMS,COL6A5( )
COL6A5, matrix metallopeptidase-7  and  elastase-2 ,803,810,0.765,7,ALHDCKR,COL6A5( )
COL6A5, cathepsin G  and  matrix metallopeptidase-7 ,598,604,0.775,6,FGQNFD,COL6A5( )
COL6A5, granzyme B ({Homo sapiens}-type)  and  matrix metallopeptidase-7 ,2031,2038,0.765,7,DFITYDN,COL6A5( )
COL6A5, cathepsin G  and  matrix metallopeptidase-7 ,2035,2038,0.76,3,YDN,FRAS1( );FN1( );COL5A1( );COL6A5( );COL12A1( );FGG( );PDCD6IP( );GAPDH( );VWA8( );IGKV1-33( );CALR( );HNRNPA2B1( );FLNA( );MMP8( );KDR( );GANAB( );CLTC( );CPA4( );C5( );CD109( );IGKV1D-33( );SPINK5( );PLAT( )
COL6A5, matrix metallopeptidase-7  and  elastase-2 ,1096,1099,0.885,3,NLH,FRAS1( );FN1( );HSPG2( );DCN( );COL6A5( );LAMA2( );ENDOD1( );GPC2( );HPSE( );DYNC1H1( );SOGA1( );VWA8( );CPE( );GPC1( );ACE( );MMP1( );IL1RL1( );APOB( );TNFSF10( );TEK( );IL13RA2( );PRKDC( );PGF( );ADAMTS17(TSP type-1 2);EFNA3( );IL17A( );WNT5A( );PLAT( )
COL6A5, elastase-2  and  matrix metallopeptidase-7 ,1577,1582,0.745,5,TLGAE,COL6A5(Collagen-like 4)
COL6A5, granzyme B ({Homo sapiens}-type)  and  matrix metallopeptidase-7 ,1902,1906,0.825,4,DERV,ANOS1( );COL6A5( );PRKDC( )
COL6A5, matrix metallopeptidase-7  and  granzyme B ({Homo sapiens}-type) ,1906,1913,0.825,7,FLEAFGF,COL6A5( )
COL6A5, cathepsin G  and  matrix metallopeptidase-7 ,1899,1906,0.79,7,FAFDERV,COL6A5( )
COL6A5, matrix metallopeptidase-7  and  cathepsin G ,1906,1910,0.77,4,FLEA,VWF( );COL6A5( );TLN1( );CSPG4( );C3( );SERPINA1( );CD109( )
COL6A5, matrix metallopeptidase-7  and  elastase-2 ,179,182,0.905,3,AMA,HSPG2( );AEBP1( );VTN( );COL6A5( );COL6A6( );VWA5B1( );HSPD1( );HYOU1( );VCL( );CCT6A( );KITLG( );ARF4( );DYNC1H1( );ADH7( );SFN( );MAP2K2( );ALDOA( );HNRNPA2B1( );PLEC( );OLFML3( );MYDGF( );RAC1( );GSN( );PKM( );C4B( );C4A( );POTEKP( );RBP4( );SST( );LTF( )
COL6A5, matrix metallopeptidase-7  and  cathepsin G ,179,185,0.76,6,AMATSH,COL6A5( )
COL6A5, matrix metallopeptidase-7  and  matrix metallopeptidase-7 ,2194,2197,0.73,3,FVT,FN1( );MATN2( );AEBP1( );LAMA3( );VCAN( );COL6A5( );COL15A1( );VCL( );ITIH4( );ITIH3( );VWA8( );NAMPT( );C3( );HNRNPA2B1( );RNPEP( );LGALS3BP( );CLTC( );ACE2( );F13A1( );F2R(Helical; Name=3);ITIH1( );CREG1( );APOB( );FLNB( );C4B( );C4A( );ACPP( );IL13RA2( );A2ML1( );AMBP( );CD163( );ADAMTS17( );CALU( );PSAPL1( );TG( );PLG( );NRP1( );CCL5( );TIMP3( )
COL6A5, matrix metallopeptidase-7  and  granzyme B ({Homo sapiens}-type) ,2194,2201,0.865,7,FVTELQE,COL6A5( )
COL6A5, granzyme B ({Homo sapiens}-type)  and  matrix metallopeptidase-7 ,2190,2194,0.735,4,DGFQ,ANOS1( );COL1A1( );THBS4( );COL6A5( );COL4A2( );TFRC( );SERPINA5( )
COL6A5, elastase-2  and  matrix metallopeptidase-7 ,2187,2194,0.8200000000000001,7,IQNDGFQ,COL6A5( )
COL6A5, matrix metallopeptidase-7  and  cathepsin G ,2194,2198,0.81,4,FVTE,COL6A5( );AMBP( )
COL6A5, matrix metallopeptidase-7  and  elastase-2 ,1698,1703,0.89,5,GLALT,COL6A5( )
COL6A5, matrix metallopeptidase-7  and  cathepsin G ,1698,1701,0.855,3,GLA,HMCN2( );FRAS1( );TNXB( );FN1( );TNC( );COL7A1( );LAMC2( );FBN2( );VWF( );COMP( );HSPG2(Ig-like C2-type 14);ELN( );MATN2( );LTBP4( );LAMA5( );LAMA3( );FBLN2( );COL1A2( );COL1A1( );COL2A1( );FBN1( );THBS4( );COL5A2( );THBS1( );LTBP2( );COL18A1( );THBS2( );VCAN( );POSTN( );THBS3( );FMOD( );COL3A1( );COL5A1( );COL6A3( );DCN( );COL6A5( );COL4A4( );DMBT1( );COL12A1(Fibronectin type-III 15);COL4A1( );LAMB1( );FBLN1( );NID1( );LAMA2( );COL14A1( );COL6A1( );COL4A2( );COL16A1( );COL6A6( );LAMB3( );EMILIN1( );COL6A2( );PCOLCE( );LAMA4( );COL15A1( );VWA5B1( );DCD( );CKAP4( );HADHA( );TLN1( );CD34( );ITIH4( );NGRN( );CSPG4( );TNFSF12( );TNXA( );ENDOD1( );SHH( );EEF2( );PZP( );C1QB( );SOGA1( );SFN( );MAP2K2( );PFKP( );AGT( );IGLL5( );EFTUD2( );SERPINA12( );NAMPT( );CALR( );EPO( );C3( );FLNA( );PLEC( );CD14(LRR 3);SERPINA6( );MMP8( );KDR( );GPC1( );SOD3( );FGFR3( );ACTN4( );PON1( );SERPINE1( );RAC1( );PTGDS( );MMP19( );C5( );MMP14( );NECTIN1( );CHGB( );HLA-C(Extracellular);SERPINA3( );TNFSF15( );C2( );CCL11( );ADM( );SLTM( );CRTAP( );CD109( );IL1RL1( );APOB( );FLNB( );C4B( );C4A( );CCL2( );MUC4( );SEMA3A( );IL4( );PRF1( );HBEGF( );CCL7( );PRKDC( );LCN2( );C7( );MANF( );A2ML1( );CST6( );HBB( );FGFR4( );GLA( );PAPPA( );C8B( );IL17F( );PGF( );PSAPL1( );TG( );FLT1( );ADM2( );FGFR1( );LTF( );FGFR2( );PLAU( );TNFRSF18( );FST( );EGFR( );BDNF( )
COL6A5, cathepsin G  and  matrix metallopeptidase-7 ,787,792,0.73,5,FDHLK,COL6A5( )
COL6A5, granzyme B ({Homo sapiens}-type)  and  matrix metallopeptidase-7 ,1333,1336,0.865,3,DAL,HMCN2( );FRAS1( );TNC( );COL7A1( );VWF( );HSPG2( );LAMB2( );ABI3BP( );FBN1( );MFAP4( );FGA( );COL6A5( );COL12A1( );LAMB1( );FBLN1( );NID1(Nidogen G2 beta-barrel);COL14A1( );IGFBP7( );COL6A1( );COL6A6( );PCOLCE( );LAMA4( );HSPD1( );TLN1( );HSP90B1( );ITIH4( );CCT6A( );CLCA4( );SERPINB5( );HSP90AA1( );ITIH3( );CCT2( );EEF2( );RPN1(Cytoplasmic);DYNC1H1( );ADH7( );VWA8( );SERPIND1( );PGLYRP2( );LGALS3( );ATP5A1( );PLEC( );COPA( );CASP14( );PYCARD( );ANXA2P2( );DMKN( );ANXA2( );GANAB( );LGALS3BP( );IL1A( );APOA1( );CLTC( );ACTN4( );ERAP1( );ITIH5( );ALCAM( );MMP28( );SERPING1( );CLU( );CLEC3B( );ACE( );APOB( );AGTR2(Extracellular);C4B( );C4A( );ST14( );IFI30( );PRKDC( );A2ML1( );CASP4( );TG( );SST( );NGFR( );TLR9(TIR);FGFR1( );WNT5A( );PRLR( );PLAU( );IGF1( );ESR2( )
COL6A5, matrix metallopeptidase-7  and  granzyme B ({Homo sapiens}-type) ,2539,2545,0.7849999999999999,6,DLFDEF,COL6A5( )
COL6A5, matrix metallopeptidase-7  and  granzyme B ({Homo sapiens}-type) ,445,448,0.79,3,FLI,FRAS1( );MATN2( );ABI3BP( );VCAN( );COL6A3( );COL6A5( );COL4A5( );COL6A6( );COL17A1( );VWA5B1( );SDC4( );TNF( );CLCA4( );TFRC( );EEF2( );HPSE( );VWA8( );SERPIND1( );SERPINI1( );CALR( );GPI( );SERPINB2( );CPQ( );SERPINA7( );CLTC( );IDE( );ERAP1( );RAC1( );C5( );PLSCR1( );MMP9( );CMA1( );C2( );CD109( );APOB( );GLG1( );S100A8( );TEK(Helical);SPINT1( );IFI30( );IL13RA2( );PRKDC( );PDGFA( );HPX( );CXCL8( );TIMP1( );NGF( );FGFR1( );C4BPA( );NELL2( );FGFR2( );PI3( );PLAUR( )
COL6A5, granzyme B ({Homo sapiens}-type)  and  matrix metallopeptidase-7 ,2036,2039,0.91,3,DNQ,FRAS1(CSPG 6);AEBP1( );FBN1( );THBS2( );COL6A5( );LAMB1( );HSPA5( );CDH1( );HSPA8( );YBX1( );TNF( );GBP1( );P4HB( );DYNC1H1( );FLNA( );A1BG( );MMP8( );KDR( );GLG1( );MUC4( );LCN2( );CXADR( );A2ML1( );HRG( )
COL6A5, cathepsin G  and  matrix metallopeptidase-7 ,2035,2039,0.745,4,YDNQ,COL6A5( );MMP8( )
COL6A5, matrix metallopeptidase-7  and  matrix metallopeptidase-7 ,1209,1216,0.725,7,PLFQGHP,COL6A5( )
COL6A5, elastase-2  and  matrix metallopeptidase-7 ,1205,1209,0.925,4,VQGQ,COL6A5( );COL4A1( );LAMA2( );COL14A1( );COL16A1( );MMP1( )
COL6A5, elastase-2  and  matrix metallopeptidase-7 ,1203,1209,0.765,6,THVQGQ,COL6A5( )
COL6A5, cathepsin G  and  matrix metallopeptidase-7 ,1210,1216,0.7949999999999999,6,LFQGHP,COL6A5( )
COL6A5, elastase-2  and  matrix metallopeptidase-7 ,1402,1407,0.755,5,TRGLQ,COL6A5( );ITIH2( );ITIH1( )
COL6A5, matrix metallopeptidase-7  and  cathepsin G ,864,871,0.7649999999999999,7,ILFYLNT,COL6A5( )
COL6A5, matrix metallopeptidase-7  and  cathepsin G ,864,867,0.715,3,ILF,FRAS1( );COL6A3( );COL6A5( );COL4A4( );COL6A6( );VWA5B1( );EMCN( );SDC4( );HSP90B1( );ITIH3( );SERPINA5( );ITIH2( );RPN1( );P4HB( );CANX(Helical);ALDOA( );EFTUD2( );SERPINI1( );FLNA( );OLFML3( );CKLF( );RNPEP( );SERPINB2( );MMP8( );GGH( );SERPINA7( );MMP28( );CPA4( );ACE2( );F13A1( );SLTM( );CD109( );APOB( );GLG1( );FLNB( );KNG1( );CD40( );IGHV1-2( );IL33( );CRIP2( );FGF2( );KLKB1( );ADAMTS17( );APOH( );C4BPA( );CD55( );NTF3( );SPINK5( );BDNF( )
COL6A5, matrix metallopeptidase-7  and  granzyme B ({Homo sapiens}-type) ,2420,2424,0.8049999999999999,4,SLDK,COL6A5( );PZP( );SOGA1( );CP( );CD163( )
COL6A5, granzyme B ({Homo sapiens}-type)  and  matrix metallopeptidase-7 ,1977,1984,0.7849999999999999,7,DEFKAVK,COL6A5( )
COL6A5, matrix metallopeptidase-7  and  granzyme B ({Homo sapiens}-type) ,2197,2201,0.845,4,ELQE,COMP( );MATN2( );LAMB2( );COL6A5( );COL14A1( );MYH9( );NGRN( );ANXA2P2( );ANXA2( );APOA1( );PPY( );CLU( );APOB( );C1R( );CCL27( )
COL6A5, granzyme B ({Homo sapiens}-type)  and  matrix metallopeptidase-7 ,2190,2197,0.715,7,DGFQFVT,COL6A5( )
COL6A5, elastase-2  and  matrix metallopeptidase-7 ,2192,2197,0.7749999999999999,5,FQFVT,COL6A5( )
COL6A5, matrix metallopeptidase-7  and  cathepsin G ,2197,2203,0.7949999999999999,6,ELQEDF,COL6A5( )
COL6A5, granzyme B ({Homo sapiens}-type)  and  elastase-2 ,220,223,1.0,3,DMQ,LAMA3( );COL6A5( );COL12A1( );SDC1( );APOE( );ITIH3( );DYNC1H1( );KDR( );IDE( );C5( );ITIH1( )
COL6A5, granzyme B ({Homo sapiens}-type)  and  elastase-2 ,220,227,0.99,7,DMQVHFP,COL6A5( )
COL6A5, granzyme B ({Homo sapiens}-type)  and  granzyme B ({Homo sapiens}-type) ,2031,2036,0.93,5,DFITY,COL6A5( )
COL6A5, granzyme B ({Homo sapiens}-type)  and  granzyme B ({Homo sapiens}-type) ,2376,2383,0.9650000000000001,7,DSQQLNG,COL6A5( )
COL6A5, granzyme B ({Homo sapiens}-type)  and  granzyme B ({Homo sapiens}-type) ,1432,1438,1.02,6,DTGPQG,COL18A1( );COL6A5(Collagen-like 2)
COL6A5, elastase-2  and  granzyme B ({Homo sapiens}-type) ,1429,1432,1.02,3,VRG,HMCN2( );TNXB( );TNC( );COL7A1( );FBN2( );HSPG2( );LAMA5( );AEBP1( );LTBP2( );LAMB2(Laminin N-terminal);FBLN2( );COL1A2( );COL1A1( );THBS4(Laminin G-like);COL5A2( );FGA( );LTBP2( );VCAN( );POSTN( );MFGE8( );COL6A5( );COL4A4( );COL12A1(Fibronectin type-III 4);LAMB1(Laminin N-terminal);COL4A3( );NID1(LDL-receptor class B 2);COL16A1( );APOA4( );ATP5B( );VCL( );TLN1( );CHGA( );CSPG4( );RPL11( );LGALS1( );GPC2( );HNRNPU( );P4HB( );DYNC1H1( );DSC2( );DSG1( );DPP7( );POMC( );ATP5A1( );COPA( );EPHB4( );TTR( );DMKN( );A2M( );CLTC( );MYDGF( );ERAP1( );ITIH5( );MMP28( );F13A1( );C5( );LCN1( );MMP1( );ITIH1( );CREG1( );MELTF( );GLG1( );LEPROT( );TEK( );LOXL1( );FGF7( );PRKDC( );A2ML1( );FGFR4( );AMBP( );PRL( );HPX( );C8B( );TPSD1( );TG( );LTF( );NELL2( );NRP1( );F2( );SPINK5( );HRG( );EDN1( );VEGFA( );PLAUR( )
COL6A5, granzyme B ({Homo sapiens}-type)  and  granzyme B ({Homo sapiens}-type) ,2600,2607,0.905,7,DKQQEKE,COL6A5( )
COL6A5, elastase-2  and  granzyme B ({Homo sapiens}-type) ,2594,2600,1.03,6,ISALVV,COL6A5( )
COL6A5, cathepsin G  and  granzyme B ({Homo sapiens}-type) ,2597,2600,0.935,3,LVV,HMCN2(Ig-like C2-type 5);TNC( );VWF( );HSPG2( );LAMA5( );LAMA3( );LAMB2( );ABI3BP( );THBS4( );COL6A5( );COL12A1( );COL14A1( );COL6A6( );SPP1( );PCOLCE( );LAMA4( );EMCN( );APOC1( );RPL22( );HYOU1( );CDH1( );TNF( );SERPINB5( );CSPG4( );ENDOD1( );ITIH3( );SERPINA5( );PMEL( );ITIH2( );EEF2( );SERPINF2( );NAXE( );RPN1( );DYNC1H1( );VWA8( );DSG1( );PFKP( );FAM3C( );IGLV3-21( );SERPINA12( );CALR( );C3( );FLNA( );COPA( );TREM1(Ig-like V-type);EPHB4( );A1BG( );KDR( );CPQ( );KARS( );A2M( );CLTC( );FGFR3(Ig-like C2-type 3);IDE( );PON1( );PPY( );SERPINA4( );TXN( );CTSV( );ACE( );SLTM( );ITIH1( );CD109( );GLG1(Cys-rich GLG1 9);SOD1( );SERPINC1( );NCAM1(Helical);NPC2( );CD209( );CTSL( );AZGP1(Ig-like C1-type);CD40( );PRKDC( );CXADR( );C7( );A2ML1( );CST6( );HBB( );C8B( );IL17F( );ADAMTS17( );TG( );FLT1( );FGFR2( );PLAU( );EGFR( );ESR2( );TGFA( );LYNX1( )
COL6A5, elastase-2  and  granzyme B ({Homo sapiens}-type) ,1304,1310,0.98,6,VLLIFS,COL6A5( )
COL6A5, elastase-2  and  granzyme B ({Homo sapiens}-type) ,774,777,0.95,3,ISG,HMCN2( );FRAS1( );TNXB( );FN1( );TNC( );FBN2( );VWF( );HSPG2( );LAMA3( );FGB( );COL1A2( );FBN1( );COL6A3(Collagen-like 4);VTN( );COL6A5( );COL12A1( );COL4A1( );LAMB1( );COL4A3( );COL4A5( );COL4A6( );COL4A2( );COL6A6( );LRG1( );GPX3( );HYOU1( );HIST1H4A( );MYH9( );ITIH4( );CLCA4( );TNXA( );ITIH3( );RPN1( );GPC2( );HSPA9( );DYNC1H1( );DSC2( );DSG1( );LGALS3( );IGLV1-47( );COPA( );OLFML3( );SERPINA6( );MMP8( );GGH( );GPC1( );ACTN2( );CLTC( );ACTN4( );IGKV4-1( );SERPINA4( );ACTN1( );PLSCR1( );IGLV3-1( );C2( );SLTM( );LCN1( );ITIH1( );GLG1( );FLNB(Filamin 20);AGTR2( );CPA3( );MUC4( );IL33( );PRKDC( );C7( );A2ML1( );KLK11( );FGF2( );CD163( );PAPPA( );KLKB1( );TG( );FLT1( );EFNA3( );IGHV3-23( );TLR9( );CD55( );C1S( );PRSS1( );EGFR( )
COL6A5, granzyme B ({Homo sapiens}-type)  and  elastase-2 ,777,781,0.935,4,DSSL,LAMA3( );COL6A3( );COL6A5( );LAD1( );KITLG(Extracellular);TF( );TLR9( );IL25( )
COL6A5, granzyme B ({Homo sapiens}-type)  and  cathepsin G ,777,780,0.9550000000000001,3,DSS,ECM1( );FRAS1( );FN1( );NOV( );VWF( );COMP( );HSPG2(EGF-like 3);MATN2( );LTBP4( );LGI3( );AEBP1( );LAMA3( );FGB( );THBS4( );SPARC( );LTBP2( );VCAN( );COL3A1( );COL6A3( );COL6A5( );COL12A1( );FBLN1( );NID1( );LAMA2( );COL6A1( );COL6A6( );LAMB3( );COL6A2( );LAMA4( );FGG( );LAD1( );ITIH4( );CHGA( );SDCBP( );DAG1( );KITLG( );LBP( );PMEL( );IGLV3-19( );HSPA9( );DYNC1H1( );SOGA1( );DSG1( );IGLV3-21( );OLFML3( );CPE( );FKBP1A( );LGALS3BP( );IL1A( );GPC1( );CDSN(Ser-rich);SERPINA7( );ITIH5( );SERPINE1( );HMGB2( );C5( );IGLV3-1( );CHGB( );AHSG( );ADM( );HNRNPK( );MELTF( );CD109( );APOB( );FLNB( );NCAM1( );C4A( );MUC4( );ST14( );IL33( );PRKDC( );KLK5( );PAPPA( );TF( );IGLC3( );IGLC3( );FLT1( );GRP( );TAC1( );TLR9( );FGFR1( );PLG( );IL25( );CFB( );F2( );ESR2( );PLAT( )
COL6A5, granzyme B ({Homo sapiens}-type)  and  cathepsin G ,777,782,0.885,5,DSSLV,COL6A3( );COL6A5( )
COL6A5, granzyme B ({Homo sapiens}-type)  and  granzyme B ({Homo sapiens}-type) ,1764,1768,0.87,4,DNSY,COL6A5( );CDSN( )
COL6A5, elastase-2  and  granzyme B ({Homo sapiens}-type) ,1760,1764,0.9099999999999999,4,VFAL,LAMA3( );COL6A5( );COL6A6( );CKLF( );SERPINA1( );C4B( );C4A( )
COL6A5, elastase-2  and  granzyme B ({Homo sapiens}-type) ,1757,1764,0.9,7,TELVFAL,COL6A5(VWFA 8);COL6A6(VWFA 8)
COL6A5, granzyme B ({Homo sapiens}-type)  and  elastase-2 ,1438,1441,0.9,3,DKG,HMCN2( );COL7A1( );SPON1( );AEBP1( );LTBP2( );COL1A2( );COL1A1( );COL2A1( );COL5A2( );COL18A1( );COL3A1( );COL5A1( );COL6A3( );COL6A5( );COL4A4( );COL4A1( );COL4A3( );COL4A5( );COL4A6( );COL4A2( );COL16A1( );COL6A6( );COL15A1( );COL17A1( );HSPA5( );HADHA( );HSPA8( );CCT6A( );PDCD6IP( );DAG1( );ITIH3( );LBP( );EEF2( );PRDX1( );HNRNPU( );HSPA9( );CANX( );ALDOA( );SBSN( );CALR( );C3( );FLNA( );SERPINA6( );PRDX4( );PTHLH( );ERAP1( );SERPINE1( );HEBP1( );FLNB( );CPA3( );CP( );C4B( );C4A( );TEK( );GBA( );SPINT1( );CD163( );FLT1( );FGFR1( );LTF( );C4BPA( );PLG( );FGFR2( );HGF( )
COL6A5, granzyme B ({Homo sapiens}-type)  and  granzyme B ({Homo sapiens}-type) ,30,36,0.9199999999999999,6,DVVFLV,COL6A5(VWFA 1);COL6A6(VWFA 1)
COL6A5, granzyme B ({Homo sapiens}-type)  and  granzyme B ({Homo sapiens}-type) ,36,39,0.9,3,DSS,ECM1( );FRAS1( );FN1( );NOV( );VWF( );COMP( );HSPG2(EGF-like 3);MATN2( );LTBP4( );LGI3( );AEBP1( );LAMA3( );FGB( );THBS4( );SPARC( );LTBP2( );VCAN( );COL3A1( );COL6A3( );COL6A5( );COL12A1( );FBLN1( );NID1( );LAMA2( );COL6A1( );COL6A6( );LAMB3( );COL6A2( );LAMA4( );FGG( );LAD1( );ITIH4( );CHGA( );SDCBP( );DAG1( );KITLG( );LBP( );PMEL( );IGLV3-19( );HSPA9( );DYNC1H1( );SOGA1( );DSG1( );IGLV3-21( );OLFML3( );CPE( );FKBP1A( );LGALS3BP( );IL1A( );GPC1( );CDSN(Ser-rich);SERPINA7( );ITIH5( );SERPINE1( );HMGB2( );C5( );IGLV3-1( );CHGB( );AHSG( );ADM( );HNRNPK( );MELTF( );CD109( );APOB( );FLNB( );NCAM1( );C4A( );MUC4( );ST14( );IL33( );PRKDC( );KLK5( );PAPPA( );TF( );IGLC3( );IGLC3( );FLT1( );GRP( );TAC1( );TLR9( );FGFR1( );PLG( );IL25( );CFB( );F2( );ESR2( );PLAT( )
COL6A5, elastase-2  and  granzyme B ({Homo sapiens}-type) ,32,36,0.86,4,VFLV,FRAS1( );MATN2( );FGB( );COL6A3( );COL6A5( );COL12A1( );COL6A6( );CANX( );VWA8( );IGHV3-7( );IGHV3-13( );SPINT1( );A2ML1( );LTF( )
COL6A5, cathepsin G  and  granzyme B ({Homo sapiens}-type) ,33,36,0.935,3,FLV,HMCN2(Ig-like C2-type 42);FRAS1( );TNXB( );FN1( );TNC( );VWF( );HSPG2( );MATN2( );LGI3( );LAMB2( );FGB( );LTBP2( );COL5A1( );COL6A3( );COL6A5( );COL12A1( );COL4A1( );COL6A6( );FGG( );GPX3( );SPX( );CDH1( );TLN1( );HSP90B1( );EEF2( );GPC2( );CANX( );VWA8( );DSG1( );DPP7( );PLEC( );PI16( );CD14( );MMP8( );IGHV3-7( );CTSG( );TUBA4A( );SERPINA4( );CASP1( );MMP14( );IGHV3-13( );MMP9( );MMP10( );CD109( );IL1RL1( );FLNB( );AGTR2( );PKM( );SERPINC1( );CP( );MMP2( );TNFSF10(Extracellular);C4B( );C4A( );MUC4( );ST14(Helical; Signal-anchor for type II);SPINT1( );IGHV1-2( );AFM( );PRKDC( );A2ML1( );CASP4( );TG( );TAC1( );IGHV3-23( );FGFR1( );LTF( );WNT5A( );WFDC12( );SFRP5( );PSAP( );CGA( );TGFA( )
COL6A5, granzyme B ({Homo sapiens}-type)  and  granzyme B ({Homo sapiens}-type) ,628,634,0.875,6,DIMFLV,COL6A5(VWFA 4);COL6A6(VWFA 4)
COL6A5, cathepsin G  and  granzyme B ({Homo sapiens}-type) ,631,634,1.065,3,FLV,HMCN2(Ig-like C2-type 42);FRAS1( );TNXB( );FN1( );TNC( );VWF( );HSPG2( );MATN2( );LGI3( );LAMB2( );FGB( );LTBP2( );COL5A1( );COL6A3( );COL6A5( );COL12A1( );COL4A1( );COL6A6( );FGG( );GPX3( );SPX( );CDH1( );TLN1( );HSP90B1( );EEF2( );GPC2( );CANX( );VWA8( );DSG1( );DPP7( );PLEC( );PI16( );CD14( );MMP8( );IGHV3-7( );CTSG( );TUBA4A( );SERPINA4( );CASP1( );MMP14( );IGHV3-13( );MMP9( );MMP10( );CD109( );IL1RL1( );FLNB( );AGTR2( );PKM( );SERPINC1( );CP( );MMP2( );TNFSF10(Extracellular);C4B( );C4A( );MUC4( );ST14(Helical; Signal-anchor for type II);SPINT1( );IGHV1-2( );AFM( );PRKDC( );A2ML1( );CASP4( );TG( );TAC1( );IGHV3-23( );FGFR1( );LTF( );WNT5A( );WFDC12( );SFRP5( );PSAP( );CGA( );TGFA( )
COL6A5, elastase-2  and  granzyme B ({Homo sapiens}-type) ,2195,2201,1.04,6,VTELQE,COL6A5( )
COL6A5, cathepsin G  and  granzyme B ({Homo sapiens}-type) ,2198,2201,0.925,3,LQE,HMCN2( );FRAS1( );NOV( );FBN2( );COMP( );MATN2( );LTBP4( );LAMA5( );LAMA3( );LAMB2( );FBLN2( );FGB( );COL1A2( );FBN1( );LAMC1( );POSTN( );COL6A3( );DCN( );COL6A5( );LAMB1( );FBLN1( );LAMA2( );COL14A1( );COL6A6( );LAMB3( );EMILIN1( );LRG1( );LAMA4( );COL15A1( );FGG( );GPX3( );H3F3A( );RPL22( );SERPINF1( );HADHA( );HIST2H3A;( );MYH9( );TLN1( );NGRN( );CCT6A( );APOE( );CSPG4( );ANXA1( );DAG1( );ITIH3( );KITLG( );SERPINA5( );SERPINF2( );RPN1(Lumenal);GPC2( );GBP1( );IL5( );DYNC1H1( );SOGA1( );DSC2(Cadherin 4);NAMPT( );C3( );HIST1H3A( );FLNA( );PLEC( );PYCARD( );ANXA2P2( );NUCB1( );ANXA2( );APOA1( );ACTN2(Spectrin 3);CLTC( );PPY( );ALCAM( );MMP28( );ACE2( );F13A1( );PLSCR1( );NUCB2( );CLU( );TNFSF15( );PROCR( );CMA1( );ACE( );PPT1( );CREG1( );APOB( );GLG1( );FLNB( );OLFML1( );CPA3( );SERPINC1( );CP( );C4B( );C4A( );CD209( );SEMA3A( );IL4( );PRF1( );HBEGF( );C1R( );AFM( );ADAMTSL5( );IL20( );PRKDC( );TLL1( );IL10( );CD163( );PAPPA( );PSAPL1( );TG( );P3H1( );IL4R( );PRTN3( );CCL27( );CFB( );F2( );VEGFD( );SPINK5( );EGFR( );CGA( );HGF( )
COL6A5, granzyme B ({Homo sapiens}-type)  and  cathepsin G ,2201,2208,0.87,7,DFLGGNG,COL6A5( )
COL6A5, granzyme B ({Homo sapiens}-type)  and  elastase-2 ,2175,2180,0.87,5,DACRL,COL6A5( )
COL6A5, granzyme B ({Homo sapiens}-type)  and  cathepsin G ,2175,2179,0.88,4,DACR,COL6A5( );TLN1( )
COL6A5, cathepsin G  and  granzyme B ({Homo sapiens}-type) ,2172,2175,0.87,3,MLE,HMCN2( );FRAS1( );FN1( );VWF( );HSPG2( );COL6A3( );TGFBI( );DCN( );COL6A5( );COL12A1( );LAMA4( );COLQ( );FGG( );TLN1( );LBP( );PZP( );DYNC1H1( );SOGA1( );DSG1( );EPHB4( );FKBP1A( );ANXA2P2( );CPQ( );ANXA2( );GANAB( );A2M( );CLTC( );ACE2( );ACE( );ITIH1( );APOB( );PKM( );QPCT( );TEK(Protein kinase);SEMA3A( );ANGPT1( );SFRP2( );F2( )
COL6A5, granzyme B ({Homo sapiens}-type)  and  cathepsin G ,2175,2182,0.85,7,DACRLIN,COL6A5( )
COL6A5, cathepsin G  and  granzyme B ({Homo sapiens}-type) ,546,552,0.875,6,YLIVLT,COL6A5( )
COL6A5, cathepsin G  and  granzyme B ({Homo sapiens}-type) ,547,552,0.85,5,LIVLT,COL6A3( );COL6A5( )
COL6A5, granzyme B ({Homo sapiens}-type)  and  granzyme B ({Homo sapiens}-type) ,1998,2003,0.94,5,DPLIS,COL6A5( )
COL6A5, cathepsin G  and  granzyme B ({Homo sapiens}-type) ,1993,1998,0.9099999999999999,5,FNIAS,COL6A5( )
COL6A5, granzyme B ({Homo sapiens}-type)  and  elastase-2 ,2003,2008,0.935,5,DSGDR,COL6A5( )
COL6A5, cathepsin G  and  granzyme B ({Homo sapiens}-type) ,2000,2003,0.935,3,LIS,FRAS1( );TNXB( );FN1( );TNC( );LAMC2( );HSPG2(Laminin IV type A 3);LAMA3( );LAMB2( );LTBP2( );COL3A1( );COL6A3( );COL6A5( );COL12A1( );LAMA2( );LAMA4(Laminin G-like 3);FGG( );COL17A1( );APOC1( );SERPINF1( );HADHA( );VCL( );TLN1( );HSP90B1( );TNF( );HSP90AA1( );TNXA( );PMEL( );ITIH2( );NAXE( );GAPDH( );RPN1( );GPC2( );DYNC1H1( );IGLL5( );EFTUD2( );C3( );FLNA( );PLEC( );CPE( );TUBB( );KDR( );TUBB4B( );GGH( );IL2( );ACTN2( );TUBA4A( );ACTN4( );IDE( );ITIH5( );SERPINE1( );RAC1( );ALCAM( );IGLC1( );IGLC6( );PIP( );WDR1( );ACTN1( );C2( );HNRNPK( );SLTM( );LCN1( );PPT1( );MMP10( );APOB( );FLNB( );PKM( );CP( );LEPROT( );C9( );IL19( );MUC4( );CTSL( );ST14( );SEMA3A( );PRF1( );AFM( );IL13RA2( );PRKDC( );CXADR( );KLK11( );KLK7( );CD163( );HPX( );IGLC3( );IGLC3( );FLT1( );CXCL8( );TLR9(LRR 3);FGFR1( );CFI( );PLG( );NELL2( );NPY( );CD55( );NRP1( );CFHR2( );PLAU( );CFHR1( );IL25( );F2( );C1S( );PRSS1( );ESR2( );PLAT( )
COL6A5, granzyme B ({Homo sapiens}-type)  and  granzyme B ({Homo sapiens}-type) ,236,242,0.835,6,DLVFLV,COL6A5(VWFA 2);COL12A1(VWFA 1)
COL6A5, elastase-2  and  granzyme B ({Homo sapiens}-type) ,238,242,0.935,4,VFLV,FRAS1( );MATN2( );FGB( );COL6A3( );COL6A5( );COL12A1( );COL6A6( );CANX( );VWA8( );IGHV3-7( );IGHV3-13( );SPINT1( );A2ML1( );LTF( )
COL6A5, granzyme B ({Homo sapiens}-type)  and  cathepsin G ,242,245,0.875,3,DES,NOV( );COL7A1( );ANOS1( );COL5A2( );LTBP2( );VCAN( );THBS3( );FBLN5( );COL6A5( );COL12A1( );COL14A1( );SPP1( );LAMA4( );FGG( );SRGN( );HYOU1( );TLN1( );HSP90B1( );SERPINB5( );PDCD6IP( );SERPINA5( );HSPH1( );PZP( );DYNC1H1( );ADH7( );POMC( );ALDOA( );SERPINI1( );PLEC( );COPA( );EPHB4( );KDR(Ig-like C2-type 2);IDE( );ERAP1( );WDR1( );CLU( );HLA-C( );C2( );GSN(Gelsolin-like 1);APOB( );NCAM1( );ACTG1( );LEPROT( );QPCT( );CTSK( );POTEKP( );C1R( );IL33( );A2ML1( );CFB( );ALB( );DEFA1( );DEFA3( )
COL6A5, cathepsin G  and  granzyme B ({Homo sapiens}-type) ,239,242,0.825,3,FLV,HMCN2(Ig-like C2-type 42);FRAS1( );TNXB( );FN1( );TNC( );VWF( );HSPG2( );MATN2( );LGI3( );LAMB2( );FGB( );LTBP2( );COL5A1( );COL6A3( );COL6A5( );COL12A1( );COL4A1( );COL6A6( );FGG( );GPX3( );SPX( );CDH1( );TLN1( );HSP90B1( );EEF2( );GPC2( );CANX( );VWA8( );DSG1( );DPP7( );PLEC( );PI16( );CD14( );MMP8( );IGHV3-7( );CTSG( );TUBA4A( );SERPINA4( );CASP1( );MMP14( );IGHV3-13( );MMP9( );MMP10( );CD109( );IL1RL1( );FLNB( );AGTR2( );PKM( );SERPINC1( );CP( );MMP2( );TNFSF10(Extracellular);C4B( );C4A( );MUC4( );ST14(Helical; Signal-anchor for type II);SPINT1( );IGHV1-2( );AFM( );PRKDC( );A2ML1( );CASP4( );TG( );TAC1( );IGHV3-23( );FGFR1( );LTF( );WNT5A( );WFDC12( );SFRP5( );PSAP( );CGA( );TGFA( )
COL6A5, granzyme B ({Homo sapiens}-type)  and  granzyme B ({Homo sapiens}-type) ,925,932,0.89,7,DGESHDH,COL6A5( )
COL6A5, granzyme B ({Homo sapiens}-type)  and  granzyme B ({Homo sapiens}-type) ,1005,1011,0.91,6,DVIFLC,COL6A5(VWFA 6)
COL6A5, elastase-2  and  granzyme B ({Homo sapiens}-type) ,1007,1011,0.81,4,IFLC,COL6A5( );PROCR(Helical)
COL6A5, elastase-2  and  granzyme B ({Homo sapiens}-type) ,1965,1969,0.89,4,VFLI,COL6A3( );COL6A5( );SDC4( );VWA8( );CLTC( );RAC1( );HPX( );FGFR2( );PI3( )
COL6A5, cathepsin G  and  granzyme B ({Homo sapiens}-type) ,1966,1969,0.8300000000000001,3,FLI,FRAS1( );MATN2( );ABI3BP( );VCAN( );COL6A3( );COL6A5( );COL4A5( );COL6A6( );COL17A1( );VWA5B1( );SDC4( );TNF( );CLCA4( );TFRC( );EEF2( );HPSE( );VWA8( );SERPIND1( );SERPINI1( );CALR( );GPI( );SERPINB2( );CPQ( );SERPINA7( );CLTC( );IDE( );ERAP1( );RAC1( );C5( );PLSCR1( );MMP9( );CMA1( );C2( );CD109( );APOB( );GLG1( );S100A8( );TEK(Helical);SPINT1( );IFI30( );IL13RA2( );PRKDC( );PDGFA( );HPX( );CXCL8( );TIMP1( );NGF( );FGFR1( );C4BPA( );NELL2( );FGFR2( );PI3( );PLAUR( )
COL6A5, elastase-2  and  granzyme B ({Homo sapiens}-type) ,999,1005,0.825,6,CHLQEA,COL6A5( )
COL6A5, elastase-2  and  granzyme B ({Homo sapiens}-type) ,998,1005,0.81,7,VCHLQEA,COL6A5( )
COL6A5, granzyme B ({Homo sapiens}-type)  and  cathepsin G ,1005,1009,0.94,4,DVIF,COL6A5(VWFA 6);LAMA4( )
COL6A5, cathepsin G  and  granzyme B ({Homo sapiens}-type) ,1001,1005,0.9,4,LQEA,LTBP4( );LAMA3( );FGB( );LAMC1( );COL6A5( );COL6A6( );LAMB3( );LAMA4( );COL15A1( );H3F3A( );HIST2H3A;( );ITIH3( );C3( );HIST1H3A( );PLEC( );APOB( );GLG1( );OLFML1( );HBEGF( );PSAPL1( );CCL27( )
COL6A5, cathepsin G  and  granzyme B ({Homo sapiens}-type) ,1899,1902,0.865,3,FAF,FRAS1( );FBN1( );VTN( );COL6A5( );HSP90B1( );CLCA4( );CSPG4( );HSP90AA1( );DAG1( );KITLG( );HNRNPU( );SERPIND1( );FAM3C( );SERPINA6( );CPQ( );SERPINA7( );SERPINA1( );SERPINA4( );CPA4( );IL1RN( );SERPINA3( );SLC25A6( );SLC25A5( );CPA3( );RARRES2( );C9( );ANGPT1( );IL17C( );AFM( );IL33( );PRKDC( )
COL6A5, granzyme B ({Homo sapiens}-type)  and  granzyme B ({Homo sapiens}-type) ,1118,1122,0.835,4,DPRY,COL6A5( );PAPPA( )
COL6A5, cathepsin G  and  granzyme B ({Homo sapiens}-type) ,1910,1913,0.845,3,FGF,FN1( );LAMA5( );LAMA3( );COL1A1( );LAMC1( );COL5A1( );COL6A5( );LAMB1( );COL4A3( );COL6A6( );LAMA4( );HADHA( );ITIH4( );SERPINB5( );RPL11( );EEF2( );NAXE( );SOGA1( );EFTUD2( );HNRNPA2B1( );PPY( );MMP9( );SLTM( );MMP1(Hemopexin 2);PPT1( );MMP10( );CD109( );APOB( );CPA3( );LOXL1( );IL13RA2( );SFRP2( );C8B( );TG( );TNFRSF18( );HRG( )
COL6A5, granzyme B ({Homo sapiens}-type)  and  elastase-2 ,1200,1205,1.0050000000000001,5,DISTH,COL6A5( )
COL6A5, elastase-2  and  granzyme B ({Homo sapiens}-type) ,1196,1200,0.9299999999999999,4,VVGF,COL7A1( );COL6A5( );COL6A6( );VWA8( )
COL6A5, granzyme B ({Homo sapiens}-type)  and  elastase-2 ,1200,1203,0.845,3,DIS,ECM1( );FRAS1( );FBN2( );VWF( );HSPG2( );LAMA5( );LAMA3( );LAMC1( );THBS1(TSP type-3 8);COL18A1( );VCAN( );COL6A5( );DMBT1( );LAMB1( );LAMA2( );COL14A1( );BGN(LRR 1);COL6A6( );LRG1( );HSPA8( );HSP90B1( );CAMP( );PDCD6IP( );HSP90AA1( );ITIH3( );HSPH1( );PRDX1( );RPN1( );HSPA9( );C1QB( );SOGA1( );SFN( );DSG1( );IGKV1-33( );C3( );COPA(WD 4);MMP8( );KARS( );GANAB( );LEP( );ACTN2( );ACTN4( );IGHM( );ACE2( );C5( );ACTN1( );TNFSF15( );SLTM( );ITIH1( );FLNB( );SERPINC1( );NCAM1( );LEPROT( );C4B( );C4A( );MUC4( );IGHG2( );HPR( );RAN( );PRKDC( );IGKV1D-33( );CD163( );PAPPA( );IL17F( );NRP1( );CFB( );CCL26( );HGFAC( )
COL6A5, granzyme B ({Homo sapiens}-type)  and  granzyme B ({Homo sapiens}-type) ,2226,2230,0.8200000000000001,4,DNGS,DCN( );COL6A5( );CDH1( );C5( );ACTG1( );POTEKP( )
COL6A5, granzyme B ({Homo sapiens}-type)  and  elastase-2 ,2230,2233,0.855,3,DYL,FBN2( );HSPG2( );LAMA3( );FBN1( );FGA( );COL6A3( );COL6A5( );COL12A1( );COL6A6( );CDH1( );VCL( );HSP90B1( );TNF( );APOE( );ENDOD1( );ITIH3( );GPC2( );IL5( );RAB8A( );SERPIND1( );PGLYRP2( );PLEC( );OLFML3( );MMP8( );GANAB( );GPC1( );A2M( );ITIH5( );SERPINA4( );MMP19( );C2( );GSN( );CD109( );IL1RL1( );APOB( );ACTG1( );TEK( );POTEKP( );ADAMTSL5( );TLL1( );FLT1( );EFNA3( );FGFR2(Extracellular);PRLR( );PLAU( );CFB( );ALB( );EDN1( )
COL6A5, granzyme B ({Homo sapiens}-type)  and  granzyme B ({Homo sapiens}-type) ,2291,2297,0.85,6,DVAFLI,COL6A5(VWFA 10)
COL6A5, granzyme B ({Homo sapiens}-type)  and  granzyme B ({Homo sapiens}-type) ,232,236,0.8,4,DSLA,VCAN( );COL6A5( );COL6A2( );VWA5B1( );VWA8( );IGKV4-1( );C4B( );C4A( );TEK( );PENK( );SFRP5( )
COL6A5, granzyme B ({Homo sapiens}-type)  and  elastase-2 ,232,238,0.8999999999999999,6,DSLADL,COL6A5(VWFA 2)
COL6A5, elastase-2  and  granzyme B ({Homo sapiens}-type) ,227,232,0.875,5,ISCQK,COL6A5( )
COL6A5, granzyme B ({Homo sapiens}-type)  and  cathepsin G ,232,239,0.79,7,DSLADLV,COL6A5(VWFA 2)
COL6A5, granzyme B ({Homo sapiens}-type)  and  granzyme B ({Homo sapiens}-type) ,1675,1681,0.84,6,DAGQKG,COL18A1( );COL6A5( )
COL6A5, granzyme B ({Homo sapiens}-type)  and  elastase-2 ,1681,1687,0.885,6,DIGNPG,COL6A5( )
COL6A5, cathepsin G  and  granzyme B ({Homo sapiens}-type) ,920,925,0.88,5,LIVIT,COL6A5( );COL6A6( );EMCN( )
COL6A5, cathepsin G  and  granzyme B ({Homo sapiens}-type) ,445,448,0.825,3,FLI,FRAS1( );MATN2( );ABI3BP( );VCAN( );COL6A3( );COL6A5( );COL4A5( );COL6A6( );COL17A1( );VWA5B1( );SDC4( );TNF( );CLCA4( );TFRC( );EEF2( );HPSE( );VWA8( );SERPIND1( );SERPINI1( );CALR( );GPI( );SERPINB2( );CPQ( );SERPINA7( );CLTC( );IDE( );ERAP1( );RAC1( );C5( );PLSCR1( );MMP9( );CMA1( );C2( );CD109( );APOB( );GLG1( );S100A8( );TEK(Helical);SPINT1( );IFI30( );IL13RA2( );PRKDC( );PDGFA( );HPX( );CXCL8( );TIMP1( );NGF( );FGFR1( );C4BPA( );NELL2( );FGFR2( );PI3( );PLAUR( )
COL6A5, cathepsin G  and  granzyme B ({Homo sapiens}-type) ,1940,1943,0.875,3,LCY,FBN2( );LTBP2( );FBN1( );THBS1( );COL6A5( );MGP( );VWA5B1( );IGLL5( );EFTUD2( );COPA( );ACTG1( );POTEKP( );PRKDC( );MANF( );IL4R( );EGFR( )
COL6A5, granzyme B ({Homo sapiens}-type)  and  elastase-2 ,2585,2589,0.895,4,DKEK,ABI3BP( );COL6A5( );HSPA5( );HSP90B1( );MMP10( );CP(Plastocyanin-like 2);NELL2( )
COL6A5, elastase-2  and  granzyme B ({Homo sapiens}-type) ,27,30,0.7849999999999999,3,VYA,FN1( );VWF( );LTBP2( );VCAN( );COL6A3( );COL6A5( );COL12A1( );LAMB1( );COL14A1( );COL6A6( );COL17A1( );CDH1( );HIST1H4A( );CLCA4( );CSPG4( );RPL9( );CAPZA1( );IL5( );DYNC1H1( );C3( );PLEC( );OLFML3( );EPHB4( );KDR( );IGKC( );FGFR3(Extracellular);ERAP1( );PON1( );ORM1( );TNFSF15( );RPL35A( );AHSG( );FLNB( );LEPROT( );PRKDC( );PAPPA( );NELL2( );CFHR2( );CFHR1( );C1S( );CFH( )
COL6A5, granzyme B ({Homo sapiens}-type)  and  cathepsin G ,30,33,0.865,3,DVV,HMCN2( );FRAS1( );COL7A1(VWFA 2);VWF( );HSPG2( );LAMA5( );LAMB2( );FMOD( );FBLN5( );COL6A3( );COL6A5(VWFA 1);DMBT1( );LAMA2( );COL6A6(VWFA 1);LAMB3( );EMILIN1( );COL6A2(VWFA 2);HADHA( );HIST1H4A( );SDC4( );YBX1( );TLN1( );CSPG4( );HPSE( );DYNC1H1( );PGLYRP2( );EFTUD2( );C3( );FLNA( );TUBB( );KDR( );TUBB4B( );GPC1( );CLTC( );TUBA4A( );IL1RN( );NECTIN1( );ORM1( );IGKV2-30( );CLEC3B( );IL1RL1( );APOB( );GLG1( );FLNB( );PKM( );NCAM1( );LEPROT( );C9(Beta stranded);MUC4( );CD40( );AFM( );CD163( );PGF( );NGFR( );IL4R( );TLR9( );FGFR1( );CFI(SRCR);PLG( );TIMP2( );FGFR2( );NRP1( );GDNF( );C1S( );EGFR( );PSAP( );PLAUR( )
COL6A5, granzyme B ({Homo sapiens}-type)  and  cathepsin G ,30,34,0.85,4,DVVF,COL7A1(VWFA 2);COL6A3(VWFA 6);COL6A5(VWFA 1);COL6A6(VWFA 1);COL6A2(VWFA 2);CLTC( );MUC4( )
COL6A5, granzyme B ({Homo sapiens}-type)  and  elastase-2 ,1652,1655,0.81,3,DSG,HMCN2( );FRAS1(FU 13);FN1( );TNC( );COL7A1( );HSPG2( );LTBP4( );LAMA5( );SPON1( );LAMA3( );COL2A1( );FBN1( );THBS4( );FGA( );THBS1( );COL18A1( );LUM( );THBS2( );VCAN( );THBS3( );COL3A1( );COL5A1( );COL6A5( );DMBT1( );COL12A1( );LAMB1( );COL4A3( );COL4A6( );COL4A2( );COL6A6( );SPP1( );EMILIN1( );COL6A2( );COLQ( );COL15A1( );COL17A1( );ATP5B( );VCL( );TLN1( );CSPG4( );HSP90AA1( );SHH( );RPN1( );GPC2( );HNRNPU( );RAB8A( );DYNC1H1( );VWA8( );PFKP( );NAMPT( );TREM1( );PRDX4( );TTR( );PTHLH( );MMP8( );DMKN( );KDR( );GANAB( );APOA1( );CTSG( );FGFR3( );ITIH5( );WDR1( );MMP19( );IL1RN( );CFD( );GHR( );IGKV2-30( );CMA1( );ACE( );IL1RL1( );GLG1( );FLNB( );ACTG1( );KNG1(nan);ST14( );TEK( );KLK14( );KLK13( );SEMA3A( );POTEKP( );PRF1( );C1R( );KLK10( );KLK5( );CELA1( );KLK11( );KLK7( );CD8B( );CD163( );TF( );KLKB1( );ADAMTS17( );TPSD1( );TG( );FLT1( );NGFR( );TPSB2( );NGF( );FGFR1( );CFI( );LTF( );C4BPA( );PLG( );TIMP2( );KLK6( );FGFR2( );PRLR( );PRTN3( );PLAU( );CFB( );F2( );HGFAC( );C1S( );PRSS1( );HP( );TNFRSF1A( );KLK8( );TPSAB1( );PLAT( )
COL6A5, elastase-2  and  granzyme B ({Homo sapiens}-type) ,2355,2360,0.9550000000000001,5,VYLEF,COL6A5( )
COL6A5, granzyme B ({Homo sapiens}-type)  and  cathepsin G ,2360,2364,0.815,4,DLVT,COL6A5( );COL12A1( );VCL( );ACE( );ST14( )
COL6A5, cathepsin G  and  granzyme B ({Homo sapiens}-type) ,2541,2545,0.8049999999999999,4,FDEF,THBS2( );COL6A5( );GPC2( );DYNC1H1( );TF( );ALB( )
COL6A5, granzyme B ({Homo sapiens}-type)  and  cathepsin G ,2291,2295,0.7849999999999999,4,DVAF,VWF(VWFA 2);COL6A5(VWFA 10);CSPG4( );P4HB( );LGALS3( );MELTF( );TF( );LTF( )
COL6A5, elastase-2  and  granzyme B ({Homo sapiens}-type) ,1161,1167,0.7849999999999999,6,ITFQDF,COL6A5( )
COL6A5, cathepsin G  and  granzyme B ({Homo sapiens}-type) ,1163,1167,0.7949999999999999,4,FQDF,COL6A5( )
COL6A5, granzyme B ({Homo sapiens}-type)  and  elastase-2 ,831,838,0.9749999999999999,7,DHMINLT,COL6A5( )
COL6A5, granzyme B ({Homo sapiens}-type)  and  elastase-2 ,831,834,0.875,3,DHM,LAMA3( );VCAN( );COL6A5( );COL6A6( );SPP1( );HYOU1( );TF( );WNT5A( )
COL6A5, cathepsin G  and  granzyme B ({Homo sapiens}-type) ,598,603,0.8,5,FGQNF,COL6A5( )
COL6A5, granzyme B ({Homo sapiens}-type)  and  elastase-2 ,218,223,0.865,5,DADMQ,COL6A5( )
COL6A5, granzyme B ({Homo sapiens}-type)  and  elastase-2 ,2476,2481,0.805,5,DWNYI,COL6A5( )
COL6A5, granzyme B ({Homo sapiens}-type)  and  cathepsin G ,2476,2479,0.78,3,DWN,SPON1( );FGA( );COL6A5( );NID1( );FGG( );CAPZA1( );CAPZA2( );IGHM( );NCAM1( );TEK( );EDN1( )
COL6A5, elastase-2  and  granzyme B ({Homo sapiens}-type) ,32,39,0.77,7,VFLVDSS,COL6A5( );COL6A6( )
COL6A5, cathepsin G  and  granzyme B ({Homo sapiens}-type) ,33,39,0.845,6,FLVDSS,COL6A3( );COL6A5( );COL6A6( )
COL6A5, cathepsin G  and  granzyme B ({Homo sapiens}-type) ,34,39,0.8300000000000001,5,LVDSS,COL6A3( );COL6A5( );COL6A6( )
COL6A5, elastase-2  and  granzyme B ({Homo sapiens}-type) ,69,76,0.78,7,VALAQYS,COL6A5( );COL6A6( )
COL6A5, granzyme B ({Homo sapiens}-type)  and  cathepsin G ,76,82,0.8500000000000001,6,DEFHSE,COL6A5( )
COL6A5, granzyme B ({Homo sapiens}-type)  and  cathepsin G ,76,79,0.775,3,DEF,FRAS1( );LAMC2( );HSPG2( );FBN1( );LAMC1( );THBS1( );THBS2( );VCAN( );COL6A3( );COL6A5( );KRTDAP( );APOA4( );NENF( );GPC2( );DYNC1H1( );EFTUD2( );CALR( );A2M( );MMP19( );C5( );LOXL1( );SEMA3A( );C1R( );PRKDC( );C7( );HPX( );TF( );CALU( );IL4R( );SPINK5( );ALB( );LOX( )
COL6A5, elastase-2  and  granzyme B ({Homo sapiens}-type) ,1318,1325,0.885,7,IMLENQS,COL6A5( )
COL6A5, cathepsin G  and  granzyme B ({Homo sapiens}-type) ,1320,1325,0.775,5,LENQS,COL6A5( );CHGA( );MMP2( )
COL6A5, cathepsin G  and  granzyme B ({Homo sapiens}-type) ,1138,1144,0.775,6,LVLGIG,COL6A5( )
COL6A5, granzyme B ({Homo sapiens}-type)  and  cathepsin G ,2146,2149,0.745,3,DLN,HMCN2( );FBN2( );HSPG2( );AEBP1( );LAMA3( );LTBP2( );FBN1( );LAMC1( );LTBP2( );COL6A5( );DMBT1( );COL12A1( );SPP1( );COL6A2( );VWA5B1( );SRGN( );HADHA( );MYH9( );CCT6A( );IFNG( );TFRC( );EEF2( );GAPDH( );DYNC1H1( );ADH7( );CPE( );IL36G( );TUBB( );TUBB4B( );IDE( );PON1( );SERPING1( );C5( );MMP14( );CD109( );APOB( );FLNB( );ILK( );CPA3( );CST4( );CD209( );PTN( );IL13RA2( );ADAMTSL5( );PRKDC( );TLL1( );PAPPA( );CALU( );PSAPL1( );TG( );TAC1( );IL25( );F2( );RNASE7( )
COL6A5, granzyme B ({Homo sapiens}-type)  and  cathepsin G ,2031,2035,0.765,4,DFIT,COL6A5( );GSN( )
COL6A5, granzyme B ({Homo sapiens}-type)  and  elastase-2 ,2607,2613,0.7949999999999999,6,DKEMEA,COL6A5( )
COL6A5, elastase-2  and  granzyme B ({Homo sapiens}-type) ,1483,1489,0.8,6,IKGEKG,COL6A5( );COL4A1( );COL4A5( );COL14A1( );COL4A2( );COL16A1( );C1QB(Collagen-like 2)
COL6A5, granzyme B ({Homo sapiens}-type)  and  cathepsin G ,628,631,0.95,3,DIM,COL5A2( );POSTN( );COL5A1( );TGFBI( );COL6A5(VWFA 4);COL6A6(VWFA 4);COL15A1( );DYNC1H1( );CTSG( );PPY( );MMP11( );MMP14( );CMA1( );SLC25A6( );MMP1( );MMP10( );SLC25A5( );MMP2( );KLK13( );SFRP2( );A2ML1( );KLK11( );TG( );KLK6( );CTSB( );PRSS1( );EDN1( )
COL6A5, granzyme B ({Homo sapiens}-type)  and  cathepsin G ,628,632,0.78,4,DIMF,COL5A1( );COL6A5(VWFA 4);COL6A6(VWFA 4)
COL6A5, cathepsin G  and  granzyme B ({Homo sapiens}-type) ,472,477,0.875,5,FSIGP,COL6A5( )
COL6A5, granzyme B ({Homo sapiens}-type)  and  granzyme B ({Homo sapiens}-type) ,814,820,0.735,6,DVVFVL,COL6A5(VWFA 5)
COL6A5, cathepsin G  and  granzyme B ({Homo sapiens}-type) ,817,820,0.93,3,FVL,HMCN2( );FRAS1( );TNXB( );TNC( );FBN2( );VWF( );MATN2( );LGI3( );LAMA5( );AEBP1( );COL6A3( );COL6A5( );NID1( );COL6A1( );COL6A2( );VWA5B1( );EMCN( );SERPINF1( );CSPG4( );LBP( );LGALS1( );PZP( );EIF4A1( );HSPA9( );DYNC1H1( );PFKP( );CALR( );C3( );CPE( );CD8A( );GANAB( );CTSG( );A2M( );SERPINA7( );ITIH5( );MMP11( );SERPING1( );C5( );MMP14( );CMA1( );SLC25A6( );ACE( );MMP1( );ITIH1( );GSN( );SLC25A5( );CD109( );NCAM1( );MMP2( );QPCT( );C4B( );C4A( );KNG1( );SPINT1( );IL33( );PRKDC( );TLL1( );CXADR( );ANG( );TG( );TLR9( );C4BPA( );PRTN3( );CCL27( );CFB( )
COL6A5, granzyme B ({Homo sapiens}-type)  and  elastase-2 ,2226,2233,0.7849999999999999,7,DNGSDYL,COL6A5( )
COL6A5, granzyme B ({Homo sapiens}-type)  and  cathepsin G ,2226,2231,0.735,5,DNGSD,COL6A5( )
COL6A5, granzyme B ({Homo sapiens}-type)  and  cathepsin G ,1132,1138,0.755,6,DLGICV,COL6A5( )
COL6A5, granzyme B ({Homo sapiens}-type)  and  cathepsin G ,236,239,0.73,3,DLV,FRAS1( );TNXB( );TNC( );COL7A1( );VWF(VWFA 1; binding site for platelet);MATN2(VWFA 1);LTBP4( );LAMC1( );THBS4( );FGA( );SPARC( );THBS1( );THBS2( );POSTN( );THBS3( );PRELP( );COL6A5(VWFA 2);DMBT1( );COL12A1(VWFA 1);NID1( );COL14A1(VWFA 2);COL6A6(VWFA 4);LAMB3( );EMILIN1( );COL6A2( );LAMA4( );COL15A1( );HSPA5( );VCL( );TLN1( );CSPG4( );PDCD6IP( );HSP90AA1( );CCT2( );KITLG( );SERPINA5( );PMEL( );CSTA( );ITIH2( );SERPINF2( );HSPH1( );PZP( );DYNC1H1( );SERPINI1( );C3( );FLNA( );COPA( );EPHB4( );CPE( );RNPEP( );TUBB( );TUBB4B( );A2M( );CLTC( );FGFR3( );SERPINA1( );SERPINA4( );C5( );NUCB2( );ACE( );MMP1( );ITIH1( );ANGPT2( );GSN( );APOB( );GLG1(Cys-rich GLG1 9);FLNB( );ILK( );MUC4( );ST14( );LOXL1( );SEMA3A( );RAN( );CD40( );AFM( );PRKDC( );A2ML1( );FGFR4( );PAPPA( );C8B( );TG( );NGFR( );P3H1( );TIMP1( );FGFR1( );CFI( );WNT5A( );FGFR2( );HGFAC( );ESR2( );LOX( );HGF( )
COL6A5, granzyme B ({Homo sapiens}-type)  and  cathepsin G ,319,326,0.81,7,DQMRRDG,COL6A5( )
COL6A5, elastase-2  and  granzyme B ({Homo sapiens}-type) ,838,845,0.9299999999999999,7,IHLVKKA,COL6A5( )
COL6A5, elastase-2  and  granzyme B ({Homo sapiens}-type) ,841,845,0.72,4,VKKA,COL3A1( );COL6A5( );COL12A1( );COL6A6( );CPA4( );KNG1( );CXADR( );TF( );APOH( )
COL6A5, granzyme B ({Homo sapiens}-type)  and  cathepsin G ,365,371,0.815,6,DVNVFA,COL6A3( );COL6A5( )
COL6A5, granzyme B ({Homo sapiens}-type)  and  cathepsin G ,365,369,0.7949999999999999,4,DVNV,LAMA3( );COL6A3( );COL6A5( );COL12A1( );ANXA1( )
COL6A5, granzyme B ({Homo sapiens}-type)  and  cathepsin G ,2334,2339,0.7849999999999999,5,DRVAV,COL6A5( )
COL6A5, cathepsin G  and  granzyme B ({Homo sapiens}-type) ,2328,2334,0.75,6,LTSTLG,COL6A5( )
COL6A5, granzyme B ({Homo sapiens}-type)  and  cathepsin G ,2334,2341,0.73,7,DRVAVLS,COL6A5( )
COL6A5, granzyme B ({Homo sapiens}-type)  and  elastase-2 ,2190,2195,0.91,5,DGFQF,COL1A1( );COL6A5( )
COL6A5, elastase-2  and  granzyme B ({Homo sapiens}-type) ,2187,2190,0.8049999999999999,3,IQN,COL7A1( );FBN2( );VWF( );HSPG2( );LAMB2( );ABI3BP( );FGB( );COL6A5( );COL12A1( );LAMB1( );COL6A6( );AIMP1( );ITIH4( );PZP( );RPL12( );HNRNPU( );CALR(2-1);FLNA( );CD14(LRR 7);IL36G( );ANXA2P2( );DMKN( );ANXA2( );CTSG( );ACTN2( );IDE( );PON1( );ACE2( );MMP14( );ACTN1( );PLSCR1( );CLU( );MMP9( );HNRNPK( );SLTM( );CD109( );IL1RL1( );APOB( );GLG1( );FLNB( );C1R( );PRKDC( );KLKB1( );LTF( );INHBA( )
COL6A5, granzyme B ({Homo sapiens}-type)  and  elastase-2 ,2122,2128,0.79,6,DDMEEL,COL6A5( )
COL6A5, cathepsin G  and  granzyme B ({Homo sapiens}-type) ,2116,2122,0.735,6,LGSTRK,COL6A5( )
COL6A5, elastase-2  and  granzyme B ({Homo sapiens}-type) ,810,814,0.735,4,ITLL,TNC( );VWF( );COL6A5( );KARS( );IL1RN( );SERPINA3( );PLAUR( )
COL6A5, granzyme B ({Homo sapiens}-type)  and  cathepsin G ,814,817,0.905,3,DVV,HMCN2( );FRAS1( );COL7A1(VWFA 2);VWF( );HSPG2( );LAMA5( );LAMB2( );FMOD( );FBLN5( );COL6A3( );COL6A5(VWFA 1);DMBT1( );LAMA2( );COL6A6(VWFA 1);LAMB3( );EMILIN1( );COL6A2(VWFA 2);HADHA( );HIST1H4A( );SDC4( );YBX1( );TLN1( );CSPG4( );HPSE( );DYNC1H1( );PGLYRP2( );EFTUD2( );C3( );FLNA( );TUBB( );KDR( );TUBB4B( );GPC1( );CLTC( );TUBA4A( );IL1RN( );NECTIN1( );ORM1( );IGKV2-30( );CLEC3B( );IL1RL1( );APOB( );GLG1( );FLNB( );PKM( );NCAM1( );LEPROT( );C9(Beta stranded);MUC4( );CD40( );AFM( );CD163( );PGF( );NGFR( );IL4R( );TLR9( );FGFR1( );CFI(SRCR);PLG( );TIMP2( );FGFR2( );NRP1( );GDNF( );C1S( );EGFR( );PSAP( );PLAUR( )
COL6A5, elastase-2  and  granzyme B ({Homo sapiens}-type) ,532,538,0.8200000000000001,6,IKNGMK,COL6A5( )
COL6A5, elastase-2  and  elastase-2 ,2259,2262,1.0550000000000002,3,ASL,HMCN2( );FRAS1( );LAMC2( );HSPG2( );LAMA5( );LAMA3( );ABI3BP( );LAMC1( );THBS4( );THBS1( );COL18A1( );VCAN( );FMOD( );TGFBI( );DCN( );COL6A5( );DMBT1( );FBLN1( );COL4A3( );NID1( );COL6A1( );LAMB3( );PCOLCE( );LRG1(LRR 8);COL17A1( );VWA5B1( );SPX( );HSPD1( );APOA4(6);CKAP4( );CDH1( );ATP5B( );HADHA( );MYH9( );TLN1( );CHGA( );CCT6A( );CSPG4( );SDCBP( );TNFSF12( );PDCD6IP( );CCT2( );LBP( );SERPINA5( );PMEL( );IGLV3-19( );GPC2( );PZP( );HSPA9( );DYNC1H1( );SFN( );VWA8( );IL6( );PGLYRP2( );FAM3C( );AGT( );IGLV1-47( );C3( );FLNA( );PLEC( );COPA( );OLFML3( );EPHB4( );KDR( );CPQ( );GANAB( );GGH( );LGALS3BP( );SOD3( );A2M( );ACTN2( );MYDGF( );TUBA4A( );ERAP1( );SERPINA1( );ITIH5( );WDR1( );ACE2( );F13A1( );SERPING1( );MMP14( );CHGB( );PROCR( );CMA1( );C2( );SLTM( );CD109( );APOB( );FLNB(Filamin 9);ACTG1( );C9( );C4B( );C4A( );TSLP( );MUC4( );ST14( );TEK( );KLK14( );CTSK( );ACPP( );KLK13( );SEMA3A( );POTEKP( );C1R( );IL33( );PRKDC( );CD163( );GLA( );PAPPA( );CASP4( );TG( );FLT1( );IL4R( );TLR9( );PLG( );CD55( );PRTN3( );IGF1( );CCL26( );CTSB( );F2( );ALB( );PYY( );KLK8( );INHBA( );PSAP( )
COL6A5, elastase-2  and  elastase-2 ,834,838,1.03,4,INLT,LAMC1( );COL6A5( );LAMA2( );DPP7( );TREM1( )
COL6A5, elastase-2  and  elastase-2 ,838,841,0.9199999999999999,3,IHL,FRAS1( );NOV( );VWF( );ASPN( );AEBP1( );LUM( );POSTN( );COL6A5( );OGN( );FGG( );EEF2( );PZP( );MAP2K2( );CXCL9( );AGT( );EFTUD2( );GANAB( );CLTC( );ITIH5( );SLTM( );ITIH1( );ANGPT2( );NCAM1(Ig-like C2-type 3);C9( );CXADR(Ig-like C2-type 1);CD8B(Cytoplasmic);TG( );KLK6( );GDNF( );C1S( )
COL6A5, cathepsin G  and  elastase-2 ,833,838,1.02,5,MINLT,COL6A5( )
COL6A5, elastase-2  and  cathepsin G ,1205,1210,0.9950000000000001,5,VQGQP,COL6A5( )
COL6A5, elastase-2  and  elastase-2 ,2192,2195,0.97,3,FQF,FRAS1( );HSPG2( );MFAP2( );COL1A1( );COL3A1( );COL6A3( );COL6A5( );LAMA4( );PRDX1(Thioredoxin);DYNC1H1( );FLNA( );PLEC( );CDSN( );ACE2( );F13A1( );C5( );TXN( );CTSV( );ACE( );APOB( );FLNB( );CTSK( );PAPPA( );PSAPL1( )
COL6A5, elastase-2  and  cathepsin G ,2195,2198,0.9850000000000001,3,VTE,HMCN2( );TNXB( );FN1( );TNC( );HSPG2( );LAMA5( );SPON1( );AEBP1( );LAMA3( );ABI3BP( );FBLN2( );SPARC( );THBS1( );LTBP2( );VCAN( );COL6A3( );COL6A5( );LAMB1( );NID1( );LAMA2( );COL14A1( );COL6A6( );LAMB3( );COL17A1( );HSPD1( );CDH1( );TLN1( );PDCD6IP( );HSP90AA1( );SHH( );GPC2( );GBP1( );EIF4A1( );HNRNPU( );DYNC1H1( );ADH7( );DSG1(Desmoglein repeat 1);ALDOA( );NAMPT( );FLNA(Filamin 12);COPA( );GPI( );PI16( );A1BG( );KDR( );GANAB( );IGKC( );SOD3( );FGFR3( );SERPINA1( );ALCAM( );IGHM( );C5( );CLU( );MELTF( );CD109( );APOB( );FLNB( );CTSD( );PKM( );PRKDC( );KLK5( );FGFR4( );AMBP( );CD163( );PRL( );HPX( );C8B( );FLT1( );P3H1( );FGFR1( );LTF( );TIMP2( );FGFR2( );ALB( )
COL6A5, elastase-2  and  elastase-2 ,2355,2362,1.03,7,VYLEFDL,COL6A5( )
COL6A5, cathepsin G  and  elastase-2 ,122,126,0.9,4,FSAP,COL6A5( );COL6A6( );A2ML1( )
COL6A5, elastase-2  and  cathepsin G ,182,185,0.915,3,TSH,TNXB( );HSPG2( );LAMA3( );COL1A1( );FBN1( );FGA( );LTBP2( );COL18A1( );VCAN( );COL6A5( );DMBT1( );COL12A1( );COL6A6( );SPP1( );FGG( );SDC1( );SERPINA5( );RPN1( );VWA8( );GPI( );SERPINA1( );WDR1( );APOB( );AZGP1( );LOXL1( );ADAMTSL5( );PRKDC( );C7( );EFNA3( );KLK6( );FOLR2( )
COL6A5, cathepsin G  and  elastase-2 ,2130,2137,0.9450000000000001,7,YPLDQHL,COL6A5( )
COL6A5, cathepsin G  and  elastase-2 ,2132,2137,0.865,5,LDQHL,LAMB2( );COL6A5( )
COL6A5, elastase-2  and  elastase-2 ,2589,2594,0.98,5,AHLEE,COL6A5( );MYH9( )
COL6A5, elastase-2  and  cathepsin G ,2594,2597,0.925,3,ISA,TNXB( );TNC( );LAMC2( );HSPG2( );ANOS1( );ABI3BP( );FBN1( );COL5A2( );LTBP2( );FBLN5( );COL3A1( );COL6A3( );KERA(LRR 9);DCN(LRR 9);COL6A5( );LAMB1( );FBLN1( );COL16A1( );COL6A6( );LAMA4( );COLQ( );HSPA5( );HSPD1( );APOA4( );MYH9( );VCL( );TLN1( );CCT6A( );CLCA4( );ITIH2( );GAPDH( );PZP( );HNRNPU( );HSPA9( );CANX( );IL6( );PFKP( );EPHB4( );SERPINA7( );CLTC( );TUBA4A( );ACTN4( );SERPINA4( );ALCAM( );CALM1( );C5( );PROCR( );HNRNPK( );SLTM( );MMP10( );CD109( );APOB( );FLNB( );NCAM1( );C4B( );C4A( );MUC4( );SEMA3A( );PRF1( );RAN( );C1R( );TLL1( );KLKB1( );ADAMTS17( );TG(Type II);FLT1( );CXCL8( );NELL2( );CFHR2( );PLAU( )
COL6A5, cathepsin G  and  elastase-2 ,1094,1099,0.91,5,MFNLH,COL6A5( )
COL6A5, elastase-2  and  elastase-2 ,1196,1203,0.885,7,VVGFDIS,COL6A5( )
COL6A5, elastase-2  and  elastase-2 ,2481,2488,0.88,7,IKFVKPF,COL6A5(VWFA 10)
COL6A5, cathepsin G  and  elastase-2 ,1146,1153,0.915,7,YKEHLLP,COL6A5( )
COL6A5, cathepsin G  and  elastase-2 ,234,238,0.975,4,LADL,HMCN2( );TNC( );HSPG2( );LAMA5( );COL6A3( );COL6A5(VWFA 2);NID1( );COL6A6( );EMILIN1( );HYOU1( );VCL( );DYNC1H1( );EFTUD2( );APOB( );AFM( );FGFR4( );PSAPL1( )
COL6A5, elastase-2  and  cathepsin G ,238,245,0.8799999999999999,7,VFLVDES,COL6A5( )
COL6A5, elastase-2  and  cathepsin G ,532,536,0.8500000000000001,4,IKNG,COL6A5( );LAMA2( );CFB( )
COL6A5, elastase-2  and  elastase-2 ,834,841,0.8200000000000001,7,INLTIHL,COL6A5( )
COL6A5, elastase-2  and  cathepsin G ,2008,2011,0.855,3,IAL,FRAS1(Calx-beta 2);FN1( );COL7A1( );ASPN( );SPON1( );LAMA3( );FBLN2( );FBN1( );SPARC( );FMOD( );COL5A1( );MFGE8( );COL6A5( );DMBT1( );COL12A1( );COL6A1( );PCOLCE( );COL17A1(Helical; Signal-anchor for type II);EMCN( );CD34( );TNF(Extracellular);CLCA4( );CSPG4( );ENDOD1( );DAG1( );PMEL( );GAPDH( );RPN1( );PZP( );DYNC1H1( );DSC2( );VWA8( );PFKP( );SERPINI1( );LGALS3( );FLNA( );PLEC( );COPA( );GPI( );RNPEP( );S100A12( );IL2( );A2M( );CLTC( );ERAP1( );PON1( );NUCB2( );GHR( );HLA-C( );C2( );ACE( );APOB( );FLNB( );AGTR2( );C4B( );C4A( );MUC4( );ST14( );PROS1( );C1R( );TLL1( );CELA1( );KLKB1( );TPSD1( );TG( );P3H1( );TPSB2( );CFI( );LTF( );PLG( );NELL2( );PLAU( );CFHR1( );IGF2-AS( );F2( );C1S( );EGFR( );HP( );TPSAB1( );PLAT( );CFH( )
COL6A5, elastase-2  and  cathepsin G ,1304,1308,1.01,4,VLLI,HMCN2( );COL6A5( );IDE( );F2R(Helical; Name=6);ST14( );PRTN3( )
COL6A5, elastase-2  and  elastase-2 ,223,227,0.9,4,VHFP,COL6A5( );KLK5( )
COL6A5, elastase-2  and  elastase-2 ,3,6,0.8300000000000001,3,ILL,TNXB( );COL7A1( );VWF( );ANOS1(WAP);LAMA5( );LAMA3( );ABI3BP( );THBS4( );COL18A1( );FMOD( );FBLN5( );DCN( );COL6A5( );COL12A1( );MGP( );LAMB1( );LAMA2( );COL6A1( );COL6A2( );LAMA4( );SPX( );SERPINF1( );CDH1( );AIMP1( );SDC4( );VCL( );ITIH4( );CCT6A( );SERPINB5( );HSP90AA1( );HSD17B11( );DAG1( );CCT2( );LBP( );PMEL( );PZP( );P4HB( );HPSE( );SOGA1( );DSC2( );VWA8( );CXCL9( );SERPIND1( );PGLYRP2( );NAMPT( );C3( );PLEC( );COPA( );GPI( );TREM1( );CKLF( );KDR( );LGALS3BP( );NTF4( );ACTN2( );CLTC( );IDE( );SERPINA1( );PON1( );F13A1( );NUCB2( );NECTIN1( );HLA-C( );SERPINA3( );PROCR( );C2( );ACE( );F2R( );HNRNPK( );CD109( );AGTR2( );LEPROT( );TNFSF10( );PROS1( );ACPP( );POTEKP( );PRF1( );CD40( );IL20( );PRKDC( );A2ML1( );KLK11( );KLK7( );FGFR4( );TG( );FLT1( );TIMP1( );ESR2( );LOX( );PSAP( );DEFA1( );DEFA3( )
COL6A5, elastase-2  and  cathepsin G ,3,8,0.81,5,ILLII,COL6A5( )
COL6A5, elastase-2  and  elastase-2 ,2187,2192,0.865,5,IQNDG,COL6A5( )
COL6A5, elastase-2  and  elastase-2 ,2180,2187,0.825,7,INLGGEN,COL6A5( )
COL6A5, cathepsin G  and  elastase-2 ,2182,2187,0.8049999999999999,5,LGGEN,COL6A5( )
COL6A5, elastase-2  and  cathepsin G ,227,234,0.95,7,ISCQKDS,COL6A5( )
COL6A5, elastase-2  and  cathepsin G ,2128,2132,0.79,4,ASYP,COL6A5( );EMILIN1( );LGALS3( );CTSV( );CRTAP( );CTSL( );PRSS1( )
COL6A5, elastase-2  and  elastase-2 ,774,781,0.845,7,ISGDSSL,COL6A5( )
COL6A5, elastase-2  and  cathepsin G ,774,780,0.865,6,ISGDSS,COL6A5( )
COL6A5, elastase-2  and  cathepsin G ,1022,1028,0.7949999999999999,6,VTMTTF,COL6A5( )
COL6A5, cathepsin G  and  elastase-2 ,2109,2114,0.78,5,YVIFV,COL6A5( )
COL6A5, elastase-2  and  cathepsin G ,2192,2198,0.855,6,FQFVTE,COL6A5( )
COL6A5, elastase-2  and  cathepsin G ,781,787,0.78,6,VFHVEN,COL6A5( )
COL6A5, elastase-2  and  elastase-2 ,1757,1760,0.81,3,TEL,HMCN2( );FRAS1( );TNXB( );FN1( );TNC( );COL7A1( );LAMC2( );ANOS1( );ABI3BP( );FGB( );SPARC( );VCAN( );COL6A3( );PRELP(LRR 2);DCN( );COL6A5(VWFA 8);COL12A1( );NID1( );LAMA2( );COL14A1( );IGFBP7( );COL6A6(VWFA 8);EMILIN1( );COL6A2( );COL17A1( );LAD1( );S100A13( );H3F3A( );APOA4( );CKAP4( );HIST2H3A;( );MYH9( );TLN1( );CD34(Cytoplasmic);PDCD6IP( );HSP90AA1( );GBP1( );APOA2( );DYNC1H1( );SOGA1( );SFN( );DPP7( );PGLYRP2( );AGT( );C3( );HIST1H3A( );ATP5A1( );PLEC( );KDR( );KARS( );GGH( );IL2( );LRPAP1( );CLTC( );MYDGF( );SERPINA4( );MMP28( );PIP( );MMP11( );CASP1( );MMP19(Poly-Glu);HLA-C( );CXCL1( );MMP10( );APOB( );GLG1( );S100A8( );MUC4( );ACPP( );IL4( );PRKDC( );HPX(Hemopexin 7);TG( );FLT1( );P3H1( );IL4R( );TLR9(LRR 17);PLG( );NTF3( );SPINK5( );FST( )
COL6A5, elastase-2  and  elastase-2 ,342,345,0.79,3,AVL,HMCN2( );FRAS1( );TNXB( );ADIPOQ( );NOV( );VWF( );HSPG2( );ANOS1( );LAMA5( );LTBP2( );FBLN2( );COL2A1( );LAMC1( );THBS4( );POSTN( );COL6A3( );COL6A5( );DMBT1( );COL12A1( );FBLN1( );NID1( );LAMA2( );COL14A1( );COL6A6( );LAMB3( );EMILIN1( );COL17A1( );HSPD1( );SERPINF1( );HYOU1( );AIMP1( );HADHA( );CD34( );CHGA( );CSPG4( );CAMP( );TNXA( );HSD17B11( );CCT2( );TFRC( );RPN1( );GBP1( );HNRNPU( );ARF4( );DYNC1H1( );ADH7( );SOGA1( );MAP2K2( );VWA8( );SERPINI1( );SERPINA12( );EPO( );C3( );PLEC( );COPA( );GPI( );EPHB4( );SERPINA6( );RNPEP( );A1BG( );NUCB1( );TUBB4B( );APOA1( );A2M( );SERPINA7( );FGFR3( );SERPINA1( );ITIH5( );RAC1( );PIP( );F13A1( );SERPING1( );C5( );CFD( );NECTIN1( );HLA-C(Extracellular);SERPINA3( );CLEC3B( );C1QC( );SLTM( );LCN1( );ITIH1( );MMP10( );IGHG4( );IL1RL1( );APOB( );GLG1( );ILK( );IGHG1( );PKM( );LIF( );ACTG1( );ST14( );PROS1( );B2M( );CTSK( );IGHG2( );POTEKP( );HBEGF( );TGFB1( );PRKDC( );KLK5( );IGHG3( );FGFR4( );AMBP( );TF( );C8B( );PSAPL1( );TG( );CD5L( );CXCL8( );FGFR1( );C4BPA( );PRLR( );NRP1( );GDNF( );CCL26( );EGFR( );TGFA( );EDN1( );HGF( )
COL6A5, elastase-2  and  cathepsin G ,1441,1446,0.8300000000000001,5,IAGCP,COL6A5(Collagen-like 1)
COL6A5, elastase-2  and  cathepsin G ,2481,2487,0.805,6,IKFVKP,COL6A5(VWFA 10)
COL6A5, elastase-2  and  cathepsin G ,1203,1210,0.835,7,THVQGQP,COL6A5( )
COL6A5, elastase-2  and  cathepsin G ,761,764,0.8300000000000001,3,VGV,HMCN2( );TNXB( );TNC( );COL7A1( );FBN2( );VWF( );ELN( );ASPN( );MATN2( );SRPX( );LAMA5( );LAMA3( );ABI3BP( );COL1A1( );FBN1( );THBS2( );COL5A1( );COL6A3( );COL6A5( );COL4A4( );COL12A1( );FBLN1( );COL4A3( );LAMA2( );COL4A6( );COL14A1( );COL6A1( );COL4A2( );BGN( );COL6A6( );COL6A2( );LAD1( );HSPA5( );CDH1( );HADHA( );HSPA8( );TLN1( );CCT6A( );SERPINA5( );EEF2( );SERPINF2( );CAPZA1( );GAPDH( );PZP( );DYNC1H1( );ADH7( );DSC2( );AGT( );ATP5A1( );FLNA( );COPA( );EPHB4( );IGKV2D-40( );CD14( );IGLC7( );SOD3( );A2M( );IGKV2D-28( );CASP1( );ACE2( );IGKV2-30( );FLNB(Filamin 7);RARRES2( );C4B( );C4A( );HPR( );FGF2( );CD163( );TG( );CFB( );HP( )
COL6A5, elastase-2  and  cathepsin G ,1402,1408,0.795,6,TRGLQA,COL6A5( )
COL6A5, cathepsin G  and  elastase-2 ,1053,1057,0.765,4,YQSI,COL6A5( );KDR( );C5( )
COL6A5, elastase-2  and  cathepsin G ,69,74,0.81,5,VALAQ,COL6A5( );COL6A6( )
COL6A5, elastase-2  and  cathepsin G ,2283,2289,0.76,6,VSLQEY,COL6A5( )
COL6A5, elastase-2  and  cathepsin G ,117,122,0.755,5,AHRTY,COL6A5( );COL6A6( )
COL6A5, cathepsin G  and  elastase-2 ,340,345,0.77,5,QIAVL,COL6A5( );COL6A6( )
COL6A5, cathepsin G  and  elastase-2 ,2203,2209,0.8200000000000001,6,LGGNGF,COL6A5( )
COL6A5, elastase-2  and  cathepsin G ,2209,2213,0.785,4,IGQE,COL6A5( );COL4A2( );NCAM1( )
COL6A5, cathepsin G  and  elastase-2 ,1,6,0.81,5,MKILL,COL6A5( )
COL6A5, cathepsin G  and  elastase-2 ,804,810,1.075,6,LHDCKR,COL6A5( )
COL6A5, elastase-2  and  cathepsin G ,810,817,0.93,7,ITLLDVV,COL6A5(VWFA 5)
COL6A5, cathepsin G  and  elastase-2 ,279,286,0.79,7,YSNSAKT,COL6A5( )
COL6A5, elastase-2  and  elastase-2 ,27,32,0.725,5,VYADV,COL6A5(VWFA 1)
COL6A5, elastase-2  and  cathepsin G ,27,33,0.8,6,VYADVV,COL6A5(VWFA 1)
COL6A5, elastase-2  and  cathepsin G ,27,34,0.7849999999999999,7,VYADVVF,COL6A5(VWFA 1)
COL6A5, elastase-2  and  cathepsin G ,998,1001,0.8,3,VCH,FRAS1( );TNC( );HSPG2( );LAMA5( );LAMB2( );FBLN2( );FBN1( );COL6A5( );COL4A4( );LAMA2( );COL4A6( );VWA5B1( );ACE2( );ACE( );MUC4( );TEK( );PRF1( );IL4R( );EGFR( );TGFA( )
COL6A5, cathepsin G  and  elastase-2 ,991,998,0.71,7,MCTEAPE,COL6A5( )
COL6A5, cathepsin G  and  elastase-2 ,1001,1007,0.8,6,LQEADV,COL6A5(VWFA 6)
COL6A5, cathepsin G  and  cathepsin G ,812,817,0.9500000000000001,5,LLDVV,HMCN2( );COL6A5(VWFA 5);CSPG4( )
COL6A5, cathepsin G  and  cathepsin G ,759,764,0.9850000000000001,5,FSVGV,COL6A5( )
COL6A5, cathepsin G  and  cathepsin G ,2070,2075,0.9650000000000001,5,FPETP,COL6A5( )
COL6A5, cathepsin G  and  cathepsin G ,2438,2443,0.91,5,YSIFV,COL6A5( )
COL6A5, cathepsin G  and  cathepsin G ,234,239,0.865,5,LADLV,COL6A5(VWFA 2);AFM( );FGFR4( )
COL6A5, cathepsin G  and  cathepsin G ,1993,2000,0.905,7,FNIASDP,COL6A5( )
COL6A5, cathepsin G  and  cathepsin G ,2112,2116,0.845,4,FVIS,COL6A5( );COL6A6( );LAMA4( );CD109( )
COL6A5, cathepsin G  and  cathepsin G ,2109,2112,0.8200000000000001,3,YVI,FN1( );TNC( );FBN2( );AEBP1( );MFAP2( );THBS4( );COL6A5( );LAMA2( );SHH( );PZP( );FAM3C( );C3( );FLNA( );PLEC( );COPA( );APCS( );ERAP1( );F13A1( );C5( );PLSCR1( );GSN( );FLNB( );LEPROT( );TLL1( );FGFR4( );FGFR1( );FGFR2( );NTF3( )
COL6A5, cathepsin G  and  cathepsin G ,79,82,0.835,3,HSE,HMCN2( );FRAS1( );HSPG2( );LAMA5( );LAMC1( );FGA( );VCAN( );COL6A5( );DMBT1( );COL6A6( );LAMB3( );EMILIN1( );CKAP4( );HADHA( );CCT6A( );DAG1( );CCT2( );SHH( );SOGA1( );VWA8( );AGT( );C3( );PLEC( );KDR( );SOD3( );SERPINA1( );ALCAM( );CASP1( );IL1RN( );CHGB( );SLTM( );CD109( );APOB( );PKM( );HPR( );PRF1( );CD163( );FLT1( );P3H1( );NGF( );PRLR( );CFHR2( );CFHR1( );VEGFD( );HP( );TGFA( );CFH( );PLAUR( )
COL6A5, cathepsin G  and  cathepsin G ,78,82,0.8300000000000001,4,FHSE,COL6A5( );IL1RN( );APOB( );PRLR( )
COL6A5, cathepsin G  and  cathepsin G ,2441,2445,0.875,4,FVFS,THBS1( );THBS2( );COL6A5( );COL6A6( );RBP4( )
COL6A5, cathepsin G  and  cathepsin G ,2438,2441,0.845,3,YSI,TNC( );VWF( );LAMA5( );LAMA3( );LTBP2( );MFAP2( );LAMC1(Laminin IV type A);COL18A1( );COL6A5( );COL12A1( );LAMA2( );COL14A1( );COL6A2( );CDH1( );KITLG( );DSC2( );VWA8( );EFTUD2( );C3( );FLNA(CH 1);FGF3( );WDR1( );F2R( );APOB( );FLNB(CH 1);CP( );TNFSF10( );KNG1( );TEK( );C1R( );PRKDC( );TLL1( );FLT1( );CTSB( );VEGFD( );ESR2( );TNFRSF1A( )
COL6A5, cathepsin G  and  cathepsin G ,2198,2203,0.875,5,LQEDF,COL6A5( )
COL6A5, cathepsin G  and  cathepsin G ,2203,2208,0.8200000000000001,5,LGGNG,COL6A5( );SOGA1( )
COL6A5, cathepsin G  and  cathepsin G ,780,787,0.8,7,LVFHVEN,COL6A5( )
COL6A5, cathepsin G  and  cathepsin G ,1,8,0.79,7,MKILLII,COL6A5( )
COL6A5, cathepsin G  and  cathepsin G ,74,79,0.8049999999999999,5,YSDEF,COL6A5( )
COL6A5, cathepsin G  and  cathepsin G ,74,78,0.8,4,YSDE,COL6A5( );COL12A1( );COL6A1( );APOA1( );NGFR( )
COL6A5, cathepsin G  and  cathepsin G ,2438,2445,0.81,7,YSIFVFS,COL6A5( )
COL6A5, cathepsin G  and  cathepsin G ,1892,1899,0.77,7,LDISPTV,COL6A5( )
COL6A5, cathepsin G  and  cathepsin G ,239,245,0.77,6,FLVDES,COL6A5( )
COL6A5, cathepsin G  and  cathepsin G ,867,871,0.77,4,YLNT,LTBP2( );COL6A5( );A2M( );MMP2( );EGFR( )
COL6A5, cathepsin G  and  cathepsin G ,2208,2213,0.785,5,FIGQE,COL6A5( )
COL6A5, cathepsin G  and  cathepsin G ,2172,2179,0.77,7,MLEDACR,COL6A5( )
COL6A5, cathepsin G  and  cathepsin G ,2179,2182,0.75,3,LIN,FRAS1( );VWF( );HSPG2( );MATN2( );LAMA5( );LAMA3( );ABI3BP( );COL6A3( );COL6A5( );LAMA2( );COL4A6( );COL15A1( );ATP5O( );HYOU1( );ATP5B( );MYH9( );TLN1( );HSP90AA1( );SHH( );EEF2( );RPN1( );HSPA9( );DYNC1H1( );DSC2( );VWA8( );SERPINI1( );CALR( );COPA( );GPI( );CLTC( );ERAP1( );ITIH5( );SERPINA4( );SERPING1( );C5( );SERPINA3( );ACE( );IL1RL1( );APOB( );S100B( );LEPROT( );TEK( );HPR( );SEMA3A( );SPINT1( );CD40( );PRKDC( );RNASE3( );TG( );CFHR3( );C1S( );PRSS1( );HRG( );HP( );HGF( )
COL6A5, cathepsin G  and  cathepsin G ,2109,2116,0.735,7,YVIFVIS,COL6A5( )
COL6A5, cathepsin G  and  cathepsin G ,2289,2295,0.745,6,YMDVAF,COL6A5(VWFA 10)
COL6A5, cathepsin G  and  cathepsin G ,1049,1053,0.73,4,FGSN,COL6A5( );COL6A6( );TF( );C8B( )
COL6A5, cathepsin G  and  cathepsin G ,782,787,0.73,5,FHVEN,COL6A5( )
COL6A5, cathepsin G  and  cathepsin G ,863,867,0.715,4,NILF,FRAS1( );COL6A5( );SERPINA5( );ITIH2( );SERPINI1( );FLNA( );FLNB( );IL33( )
